// Generated by code/tools/generate_ui_assets.py. Do not edit by hand.
#include "watch_assets.h"

namespace {

constexpr uint8_t Ui16_BITMAP[] = {
    0x20, 0x20, 0x20, 0x20, 0x20, 0x20, 0x20, 0x20, 0x00, 0x60, 0x60, 0x50,
    0x50, 0x50, 0x50, 0x00, 0x00, 0x00, 0x00, 0x00, 0x00, 0x00, 0x09, 0x00,
    0x19, 0x00, 0x19, 0x00, 0x7F, 0xC0, 0x13, 0x00, 0x13, 0x00, 0x12, 0x00,
    0x7F, 0x80, 0x32, 0x00, 0x32, 0x00, 0x32, 0x00, 0x08, 0x00, 0x1E, 0x00,
    0x7B, 0x00, 0x48, 0x00, 0x48, 0x00, 0x78, 0x00, 0x1E, 0x00, 0x0B, 0x00,
    0x09, 0x80, 0x49, 0x80, 0x6B, 0x00, 0x3E, 0x00, 0x08, 0x00, 0x00, 0x00,
    0x38, 0x20, 0x6C, 0x60, 0x44, 0x40, 0x44, 0x80, 0x45, 0x80, 0x39, 0x38,
    0x02, 0x4C, 0x06, 0xC4, 0x04, 0xC4, 0x08, 0x4C, 0x18, 0x38, 0x0E, 0x00,
    0x13, 0x00, 0x11, 0x00, 0x13, 0x00, 0x1E, 0x00, 0x36, 0x40, 0x63, 0xC0,
    0x41, 0x80, 0x61, 0x80, 0x73, 0xC0, 0x1E, 0x60, 0x40, 0x40, 0x40, 0x40,
    0x00, 0x00, 0x00, 0x00, 0x00, 0x00, 0x00, 0x10, 0x20, 0x20, 0x60, 0x40,
    0x40, 0x40, 0x40, 0x40, 0x40, 0x60, 0x20, 0x20, 0x10, 0x40, 0x60, 0x20,
    0x20, 0x30, 0x10, 0x10, 0x10, 0x10, 0x30, 0x20, 0x20, 0x60, 0x40, 0x10,
    0x10, 0x3C, 0x18, 0x24, 0x00, 0x00, 0x00, 0x00, 0x00, 0x00, 0x08, 0x00,
    0x08, 0x00, 0x08, 0x00, 0x7F, 0x80, 0x0C, 0x00, 0x08, 0x00, 0x08, 0x00,
    0x08, 0x00, 0x40, 0x60, 0x40, 0x40, 0x78, 0x00, 0x00, 0x00, 0x00, 0x00,
    0x60, 0x40, 0x0C, 0x08, 0x08, 0x18, 0x10, 0x10, 0x30, 0x20, 0x20, 0x60,
    0x40, 0x40, 0x00, 0x1E, 0x00, 0x33, 0x00, 0x71, 0x80, 0x70, 0x80, 0x48,
    0x80, 0x44, 0x80, 0x66, 0x80, 0x63, 0x80, 0x61, 0x80, 0x33, 0x00, 0x1E,
    0x00, 0x08, 0x18, 0x78, 0x18, 0x18, 0x18, 0x18, 0x18, 0x18, 0x18, 0x18,
    0x1C, 0x00, 0x62, 0x00, 0x43, 0x00, 0x03, 0x00, 0x03, 0x00, 0x06, 0x00,
    0x0C, 0x00, 0x18, 0x00, 0x30, 0x00, 0x60, 0x00, 0xFF, 0x00, 0x1E, 0x00,
    0x63, 0x00, 0x43, 0x00, 0x03, 0x00, 0x02, 0x00, 0x0E, 0x00, 0x03, 0x00,
    0x01, 0x00, 0x41, 0x00, 0x63, 0x00, 0x3E, 0x00, 0x02, 0x00, 0x06, 0x00,
    0x0E, 0x00, 0x1A, 0x00, 0x32, 0x00, 0x22, 0x00, 0x42, 0x00, 0x7F, 0x80,
    0x02, 0x00, 0x02, 0x00, 0x02, 0x00, 0x3F, 0x00, 0x20, 0x00, 0x20, 0x00,
    0x60, 0x00, 0x7E, 0x00, 0x63, 0x00, 0x01, 0x00, 0x01, 0x00, 0x41, 0x00,
    0x63, 0x00, 0x1E, 0x00, 0x1E, 0x00, 0x33, 0x00, 0x20, 0x00, 0x60, 0x00,
    0x7E, 0x00, 0x73, 0x00, 0x61, 0x80, 0x61, 0x80, 0x61, 0x80, 0x33, 0x00,
    0x1E, 0x00, 0xFF, 0x02, 0x02, 0x06, 0x04, 0x0C, 0x08, 0x18, 0x10, 0x30,
    0x20, 0x1C, 0x00, 0x32, 0x00, 0x23, 0x00, 0x21, 0x00, 0x32, 0x00, 0x1E,
    0x00, 0x33, 0x00, 0x61, 0x80, 0x61, 0x80, 0x63, 0x00, 0x1E, 0x00, 0x1E,
    0x00, 0x33, 0x00, 0x61, 0x00, 0x41, 0x80, 0x41, 0x00, 0x63, 0x00, 0x3F,
    0x00, 0x06, 0x00, 0x06, 0x00, 0x0C, 0x00, 0x08, 0x00, 0x00, 0x60, 0x40,
    0x00, 0x00, 0x00, 0x00, 0x60, 0x40, 0x00, 0x60, 0x40, 0x00, 0x00, 0x00,
    0x00, 0x40, 0x60, 0x40, 0x40, 0x01, 0x00, 0x07, 0x00, 0x1C, 0x00, 0x70,
    0x00, 0x60, 0x00, 0x1C, 0x00, 0x07, 0x00, 0x01, 0x00, 0x7F, 0x80, 0x00,
    0x00, 0x00, 0x00, 0x7F, 0x80, 0x00, 0x00, 0x00, 0x00, 0x40, 0x00, 0x70,
    0x00, 0x1C, 0x00, 0x07, 0x00, 0x07, 0x00, 0x1C, 0x00, 0x70, 0x00, 0x40,
    0x00, 0x3C, 0x66, 0x42, 0x02, 0x06, 0x08, 0x10, 0x10, 0x00, 0x10, 0x10,
    0x0F, 0x80, 0x38, 0xC0, 0x20, 0x20, 0x47, 0x30, 0x49, 0x90, 0x59, 0x90,
    0x59, 0xA0, 0x4E, 0xE0, 0x60, 0x00, 0x30, 0x00, 0x0F, 0x00, 0x00, 0x00,
    0x0C, 0x00, 0x0C, 0x00, 0x1E, 0x00, 0x12, 0x00, 0x12, 0x00, 0x33, 0x00,
    0x21, 0x00, 0x7F, 0x80, 0x61, 0x80, 0x40, 0x80, 0xC0, 0xC0, 0x7E, 0x00,
    0x63, 0x00, 0x61, 0x80, 0x61, 0x80, 0x61, 0x00, 0x7F, 0x00, 0x61, 0x80,
    0x60, 0x80, 0x60, 0x80, 0x61, 0x80, 0x7F, 0x00, 0x1F, 0x00, 0x31, 0x80,
    0x60, 0x80, 0x60, 0x00, 0x40, 0x00, 0x40, 0x00, 0x40, 0x00, 0x60, 0x00,
    0x60, 0x80, 0x31, 0x80, 0x1F, 0x00, 0x7E, 0x00, 0x63, 0x80, 0x60, 0x80,
    0x60, 0xC0, 0x60, 0xC0, 0x60, 0xC0, 0x60, 0xC0, 0x60, 0xC0, 0x60, 0x80,
    0x63, 0x80, 0x7E, 0x00, 0x7F, 0x00, 0x60, 0x00, 0x60, 0x00, 0x60, 0x00,
    0x60, 0x00, 0x7E, 0x00, 0x60, 0x00, 0x60, 0x00, 0x60, 0x00, 0x60, 0x00,
    0x7F, 0x80, 0x7F, 0x00, 0x60, 0x00, 0x60, 0x00, 0x60, 0x00, 0x60, 0x00,
    0x7F, 0x00, 0x60, 0x00, 0x60, 0x00, 0x60, 0x00, 0x60, 0x00, 0x60, 0x00,
    0x0F, 0x00, 0x31, 0x80, 0x60, 0x80, 0x60, 0x00, 0x40, 0x00, 0x43, 0xC0,
    0x40, 0x40, 0x60, 0x40, 0x60, 0xC0, 0x31, 0xC0, 0x1F, 0x40, 0x60, 0xC0,
    0x60, 0xC0, 0x60, 0xC0, 0x60, 0xC0, 0x60, 0xC0, 0x7F, 0xC0, 0x60, 0xC0,
    0x60, 0xC0, 0x60, 0xC0, 0x60, 0xC0, 0x60, 0xC0, 0x78, 0x30, 0x30, 0x30,
    0x30, 0x30, 0x30, 0x30, 0x30, 0x30, 0x78, 0x06, 0x06, 0x06, 0x06, 0x06,
    0x06, 0x06, 0x06, 0xC6, 0x64, 0x38, 0x61, 0x80, 0x63, 0x00, 0x66, 0x00,
    0x64, 0x00, 0x6C, 0x00, 0x7C, 0x00, 0x76, 0x00, 0x62, 0x00, 0x63, 0x00,
    0x61, 0x80, 0x60, 0xC0, 0x60, 0x00, 0x60, 0x00, 0x60, 0x00, 0x60, 0x00,
    0x60, 0x00, 0x60, 0x00, 0x60, 0x00, 0x60, 0x00, 0x60, 0x00, 0x60, 0x00,
    0x7F, 0x80, 0x70, 0x70, 0x70, 0x70, 0x78, 0x70, 0x78, 0xF0, 0x68, 0xB0,
    0x68, 0xB0, 0x6D, 0xB0, 0x65, 0xB0, 0x67, 0x30, 0x67, 0x30, 0x63, 0x30,
    0x70, 0xC0, 0x70, 0xC0, 0x78, 0xC0, 0x68, 0xC0, 0x6C, 0xC0, 0x64, 0xC0,
    0x66, 0xC0, 0x62, 0xC0, 0x63, 0xC0, 0x61, 0xC0, 0x61, 0xC0, 0x0F, 0x00,
    0x31, 0x80, 0x60, 0xC0, 0x60, 0x40, 0x40, 0x60, 0x40, 0x60, 0x40, 0x60,
    0x60, 0x40, 0x60, 0xC0, 0x31, 0x80, 0x0F, 0x00, 0x7E, 0x00, 0x63, 0x00,
    0x61, 0x80, 0x61, 0x80, 0x61, 0x80, 0x61, 0x80, 0x7F, 0x00, 0x60, 0x00,
    0x60, 0x00, 0x60, 0x00, 0x60, 0x00, 0x0F, 0x00, 0x31, 0x80, 0x60, 0xC0,
    0x60, 0x40, 0x40, 0x60, 0x42, 0x60, 0x43, 0x60, 0x61, 0xC0, 0x60, 0xC0,
    0x31, 0xE0, 0x0F, 0x30, 0x00, 0x00, 0x7F, 0x00, 0x61, 0x80, 0x61, 0x80,
    0x61, 0x80, 0x61, 0x80, 0x7F, 0x00, 0x64, 0x00, 0x66, 0x00, 0x63, 0x00,
    0x61, 0x00, 0x61, 0x80, 0x1E, 0x00, 0x63, 0x00, 0x40, 0x00, 0x60, 0x00,
    0x78, 0x00, 0x1F, 0x00, 0x03, 0x80, 0x01, 0x80, 0x41, 0x80, 0x63, 0x00,
    0x3E, 0x00, 0xFF, 0x80, 0x08, 0x00, 0x08, 0x00, 0x08, 0x00, 0x08, 0x00,
    0x08, 0x00, 0x08, 0x00, 0x08, 0x00, 0x08, 0x00, 0x08, 0x00, 0x08, 0x00,
    0x60, 0xC0, 0x60, 0xC0, 0x60, 0xC0, 0x60, 0xC0, 0x60, 0xC0, 0x60, 0xC0,
    0x60, 0xC0, 0x60, 0xC0, 0x20, 0xC0, 0x31, 0x80, 0x1F, 0x00, 0xC1, 0x80,
    0x41, 0x80, 0x61, 0x00, 0x61, 0x00, 0x23, 0x00, 0x32, 0x00, 0x32, 0x00,
    0x16, 0x00, 0x1C, 0x00, 0x1C, 0x00, 0x0C, 0x00, 0xC3, 0x08, 0x43, 0x18,
    0x67, 0x18, 0x65, 0x18, 0x65, 0x90, 0x24, 0x90, 0x24, 0xB0, 0x3C, 0xB0,
    0x38, 0xE0, 0x18, 0x60, 0x18, 0x60, 0x61, 0x80, 0x61, 0x80, 0x33, 0x00,
    0x1E, 0x00, 0x1C, 0x00, 0x0C, 0x00, 0x1E, 0x00, 0x12, 0x00, 0x33, 0x00,
    0x61, 0x80, 0x40, 0x80, 0xC1, 0x80, 0x41, 0x00, 0x63, 0x00, 0x32, 0x00,
    0x16, 0x00, 0x1C, 0x00, 0x0C, 0x00, 0x08, 0x00, 0x08, 0x00, 0x08, 0x00,
    0x08, 0x00, 0x7F, 0x80, 0x01, 0x80, 0x03, 0x00, 0x06, 0x00, 0x04, 0x00,
    0x0C, 0x00, 0x18, 0x00, 0x30, 0x00, 0x20, 0x00, 0x60, 0x00, 0x7F, 0x80,
    0x78, 0x60, 0x60, 0x60, 0x60, 0x60, 0x60, 0x60, 0x60, 0x60, 0x60, 0x60,
    0x60, 0x78, 0xC0, 0x40, 0x40, 0x60, 0x20, 0x30, 0x10, 0x10, 0x18, 0x08,
    0x08, 0x0C, 0x00, 0x70, 0x10, 0x10, 0x10, 0x10, 0x10, 0x10, 0x10, 0x10,
    0x10, 0x10, 0x10, 0x10, 0x70, 0x08, 0x00, 0x1C, 0x00, 0x14, 0x00, 0x36,
    0x00, 0x22, 0x00, 0x63, 0x00, 0x00, 0x00, 0x00, 0x00, 0x00, 0x00, 0x00,
    0x00, 0x00, 0x00, 0x7E, 0x00, 0x40, 0x20, 0x00, 0x00, 0x00, 0x00, 0x00,
    0x00, 0x00, 0x00, 0x00, 0x3C, 0x66, 0x02, 0x1E, 0x62, 0x42, 0x66, 0x3A,
    0x60, 0x00, 0x60, 0x00, 0x60, 0x00, 0x7E, 0x00, 0x73, 0x00, 0x61, 0x00,
    0x61, 0x00, 0x61, 0x00, 0x61, 0x00, 0x73, 0x00, 0x5E, 0x00, 0x3C, 0x66,
    0x40, 0x40, 0x40, 0x40, 0x66, 0x3C, 0x01, 0x00, 0x01, 0x00, 0x01, 0x00,
    0x3D, 0x00, 0x67, 0x00, 0x43, 0x00, 0x41, 0x00, 0x41, 0x00, 0x43, 0x00,
    0x67, 0x00, 0x3D, 0x00, 0x1C, 0x00, 0x62, 0x00, 0x41, 0x00, 0x7F, 0x00,
    0x40, 0x00, 0x40, 0x00, 0x62, 0x00, 0x3C, 0x00, 0x38, 0x20, 0x20, 0xF8,
    0x60, 0x20, 0x20, 0x20, 0x20, 0x20, 0x20, 0x3D, 0x00, 0x67, 0x00, 0x43,
    0x00, 0x43, 0x00, 0x43, 0x00, 0x43, 0x00, 0x67, 0x00, 0x3F, 0x00, 0x03,
    0x00, 0x22, 0x00, 0x3E, 0x00, 0x00, 0x00, 0x60, 0x00, 0x60, 0x00, 0x60,
    0x00, 0x7E, 0x00, 0x72, 0x00, 0x63, 0x00, 0x63, 0x00, 0x63, 0x00, 0x63,
    0x00, 0x63, 0x00, 0x63, 0x00, 0x60, 0x60, 0x00, 0xE0, 0x60, 0x60, 0x60,
    0x60, 0x60, 0x60, 0x60, 0x30, 0x30, 0x00, 0x30, 0x30, 0x30, 0x30, 0x30,
    0x30, 0x30, 0x30, 0x30, 0x30, 0xE0, 0x60, 0x60, 0x60, 0x66, 0x6C, 0x68,
    0x78, 0x78, 0x6C, 0x66, 0x62, 0x40, 0x40, 0x40, 0x40, 0x40, 0x40, 0x40,
    0x40, 0x40, 0x60, 0x30, 0x5C, 0xE0, 0x67, 0x30, 0x63, 0x10, 0x62, 0x10,
    0x62, 0x10, 0x62, 0x10, 0x62, 0x10, 0x62, 0x10, 0x5E, 0x00, 0x72, 0x00,
    0x63, 0x00, 0x63, 0x00, 0x63, 0x00, 0x63, 0x00, 0x63, 0x00, 0x63, 0x00,
    0x1C, 0x00, 0x66, 0x00, 0x43, 0x00, 0x41, 0x00, 0x41, 0x00, 0x43, 0x00,
    0x66, 0x00, 0x1C, 0x00, 0x5E, 0x00, 0x73, 0x00, 0x61, 0x00, 0x61, 0x00,
    0x61, 0x00, 0x61, 0x00, 0x73, 0x00, 0x7E, 0x00, 0x60, 0x00, 0x60, 0x00,
    0x60, 0x00, 0x3D, 0x00, 0x67, 0x00, 0x43, 0x00, 0x41, 0x00, 0x41, 0x00,
    0x43, 0x00, 0x67, 0x00, 0x3D, 0x00, 0x01, 0x00, 0x01, 0x00, 0x01, 0xC0,
    0x48, 0x70, 0x60, 0x60, 0x60, 0x60, 0x60, 0x60, 0x3C, 0x66, 0x40, 0x78,
    0x0E, 0x02, 0x66, 0x3C, 0x20, 0x20, 0xF8, 0x20, 0x20, 0x20, 0x20, 0x20,
    0x20, 0x38, 0x42, 0x00, 0x42, 0x00, 0x42, 0x00, 0x42, 0x00, 0x42, 0x00,
    0x62, 0x00, 0x66, 0x00, 0x3A, 0x00, 0xC2, 0x46, 0x44, 0x64, 0x2C, 0x38,
    0x38, 0x18, 0xC4, 0x60, 0x4E, 0x40, 0x4E, 0x40, 0x6A, 0xC0, 0x2A, 0x80,
    0x31, 0x80, 0x31, 0x80, 0x31, 0x80, 0x46, 0x64, 0x3C, 0x18, 0x18, 0x3C,
    0x64, 0x42, 0xC6, 0x46, 0x44, 0x64, 0x2C, 0x28, 0x38, 0x18, 0x10, 0x30,
    0x60, 0x7E, 0x04, 0x0C, 0x18, 0x30, 0x20, 0x60, 0x7E, 0x18, 0x30, 0x20,
    0x20, 0x20, 0x20, 0x60, 0x20, 0x20, 0x20, 0x20, 0x20, 0x30, 0x18, 0x60,
    0x60, 0x60, 0x60, 0x60, 0x60, 0x60, 0x60, 0x60, 0x60, 0x60, 0x60, 0x60,
    0x60, 0x60, 0x60, 0x60, 0x20, 0x20, 0x20, 0x20, 0x30, 0x18, 0x30, 0x20,
    0x20, 0x20, 0x20, 0x20, 0x60, 0x00, 0x00, 0x71, 0x00, 0x4F, 0x00, 0x00,
    0x00, 0x00, 0x00, 0x00, 0x00,
};
constexpr BitmapGlyph Ui16_GLYPHS[] = {
    {0, 4, 0, 0, 0, 4},
    {0, 5, 11, 0, -11, 5},
    {11, 5, 11, 0, -11, 5},
    {22, 10, 11, 0, -11, 10},
    {44, 9, 14, 0, -12, 9},
    {72, 15, 11, 0, -11, 15},
    {94, 12, 11, 0, -11, 12},
    {116, 3, 11, 0, -11, 3},
    {127, 5, 14, 0, -11, 5},
    {141, 5, 14, 0, -11, 5},
    {155, 8, 11, 0, -11, 8},
    {166, 10, 8, 0, -8, 10},
    {182, 3, 4, 0, -2, 3},
    {186, 6, 5, 0, -5, 6},
    {191, 3, 3, 0, -3, 3},
    {194, 6, 13, 0, -11, 6},
    {207, 10, 11, 0, -11, 10},
    {229, 7, 11, 0, -11, 7},
    {240, 9, 11, 0, -11, 9},
    {262, 9, 11, 0, -11, 9},
    {284, 10, 11, 0, -11, 10},
    {306, 9, 11, 0, -11, 9},
    {328, 10, 11, 0, -11, 10},
    {350, 8, 11, 0, -11, 8},
    {361, 10, 11, 0, -11, 10},
    {383, 10, 11, 0, -11, 10},
    {405, 3, 9, 0, -9, 3},
    {414, 3, 11, 0, -9, 3},
    {425, 9, 8, 0, -8, 9},
    {441, 10, 6, 0, -6, 10},
    {453, 9, 8, 0, -8, 9},
    {469, 8, 11, 0, -11, 8},
    {480, 12, 12, 0, -10, 12},
    {504, 10, 11, 0, -11, 10},
    {526, 10, 11, 0, -11, 10},
    {548, 10, 11, 0, -11, 10},
    {570, 11, 11, 0, -11, 11},
    {592, 9, 11, 0, -11, 9},
    {614, 9, 11, 0, -11, 9},
    {636, 11, 11, 0, -11, 11},
    {658, 11, 11, 0, -11, 11},
    {680, 6, 11, 0, -11, 6},
    {691, 8, 11, 0, -11, 8},
    {702, 10, 11, 0, -11, 10},
    {724, 9, 11, 0, -11, 9},
    {746, 13, 11, 0, -11, 13},
    {768, 11, 11, 0, -11, 11},
    {790, 11, 11, 0, -11, 11},
    {812, 10, 11, 0, -11, 9},
    {834, 12, 12, 0, -11, 12},
    {858, 10, 11, 0, -11, 10},
    {880, 9, 11, 0, -11, 9},
    {902, 9, 11, 0, -11, 9},
    {924, 11, 11, 0, -11, 11},
    {946, 10, 11, 0, -11, 9},
    {968, 14, 11, 0, -11, 14},
    {990, 10, 11, 0, -11, 10},
    {1012, 10, 11, 0, -11, 9},
    {1034, 10, 11, 0, -11, 10},
    {1056, 5, 14, 0, -11, 5},
    {1070, 6, 13, 0, -11, 6},
    {1083, 6, 14, 0, -11, 6},
    {1097, 9, 11, 0, -11, 9},
    {1119, 7, 2, -1, 0, 6},
    {1121, 4, 11, 0, -11, 4},
    {1132, 8, 8, 0, -8, 8},
    {1140, 9, 11, 0, -11, 9},
    {1162, 8, 8, 0, -8, 8},
    {1170, 9, 11, 0, -11, 9},
    {1192, 9, 8, 0, -8, 9},
    {1208, 5, 11, 0, -11, 5},
    {1219, 9, 12, 0, -8, 9},
    {1243, 9, 11, 0, -11, 9},
    {1265, 4, 11, 0, -11, 4},
    {1276, 5, 14, -1, -11, 4},
    {1290, 8, 11, 0, -11, 8},
    {1301, 4, 11, 0, -11, 4},
    {1312, 14, 8, 0, -8, 14},
    {1328, 9, 8, 0, -8, 9},
    {1344, 9, 8, 0, -8, 9},
    {1360, 9, 11, 0, -8, 9},
    {1382, 10, 11, 0, -8, 9},
    {1404, 6, 8, 0, -8, 6},
    {1412, 8, 8, 0, -8, 8},
    {1420, 5, 10, 0, -10, 5},
    {1430, 9, 8, 0, -8, 9},
    {1446, 8, 8, 0, -8, 7},
    {1454, 11, 8, 0, -8, 11},
    {1470, 8, 8, 0, -8, 8},
    {1478, 8, 11, 0, -8, 7},
    {1489, 7, 8, 0, -8, 7},
    {1497, 6, 14, 0, -11, 6},
    {1511, 4, 16, 0, -13, 4},
    {1527, 6, 14, 0, -11, 6},
    {1541, 9, 6, 0, -6, 9},
};

constexpr uint8_t Bold22_BITMAP[] = {
    0x78, 0x78, 0x78, 0x38, 0x38, 0x38, 0x38, 0x38, 0x38, 0x00, 0x38, 0x7C,
    0x7C, 0x38, 0x77, 0x80, 0x77, 0x00, 0x77, 0x00, 0x77, 0x00, 0x77, 0x00,
    0x00, 0x00, 0x00, 0x00, 0x00, 0x00, 0x00, 0x00, 0x00, 0x00, 0x00, 0x00,
    0x00, 0x00, 0x00, 0x00, 0x00, 0x00, 0x07, 0x0E, 0x00, 0x07, 0x1E, 0x00,
    0x3F, 0xFF, 0x80, 0x3F, 0xFF, 0x80, 0x3F, 0xFF, 0x80, 0x0F, 0x1C, 0x00,
    0x0E, 0x1C, 0x00, 0x0E, 0x3C, 0x00, 0x7F, 0xFF, 0x00, 0x7F, 0xFF, 0x00,
    0x7F, 0xFF, 0x00, 0x1E, 0x38, 0x00, 0x1E, 0x38, 0x00, 0x1C, 0x38, 0x00,
    0x03, 0x00, 0x03, 0x00, 0x0F, 0xC0, 0x3F, 0xF0, 0x7F, 0xF0, 0x7B, 0x60,
    0x7B, 0x00, 0x7F, 0x00, 0x3F, 0xE0, 0x1F, 0xF0, 0x03, 0xF8, 0x03, 0x78,
    0x73, 0x78, 0x7F, 0xF8, 0x3F, 0xF0, 0x1F, 0xE0, 0x03, 0x00, 0x03, 0x00,
    0x1E, 0x03, 0x80, 0x3F, 0x03, 0x00, 0x7F, 0x87, 0x00, 0x73, 0x8E, 0x00,
    0x73, 0x9C, 0x00, 0x7F, 0x9C, 0xC0, 0x3F, 0x3B, 0xF0, 0x0C, 0x77, 0xF8,
    0x00, 0xE7, 0x38, 0x00, 0xE6, 0x38, 0x01, 0xC7, 0x38, 0x03, 0x87, 0xF8,
    0x07, 0x03, 0xF0, 0x07, 0x01, 0xE0, 0x03, 0x80, 0x0F, 0xE0, 0x1F, 0xE0,
    0x1C, 0xF0, 0x1C, 0x70, 0x1E, 0xF0, 0x1F, 0xE0, 0x0F, 0xC0, 0x1F, 0x8E,
    0x3F, 0xCE, 0x79, 0xFC, 0x79, 0xFC, 0x78, 0xF8, 0x7F, 0xFC, 0x3F, 0xFC,
    0x1F, 0x9E, 0x70, 0x70, 0x70, 0x70, 0x70, 0x00, 0x00, 0x00, 0x00, 0x00,
    0x00, 0x00, 0x00, 0x00, 0x1E, 0x1C, 0x3C, 0x38, 0x38, 0x78, 0x78, 0x70,
    0x70, 0x70, 0x70, 0x70, 0x78, 0x78, 0x38, 0x38, 0x3C, 0x1C, 0x1E, 0x70,
    0x78, 0x38, 0x3C, 0x1C, 0x1C, 0x1E, 0x1E, 0x1E, 0x1E, 0x1E, 0x1E, 0x1E,
    0x1C, 0x1C, 0x3C, 0x38, 0x78, 0x70, 0x0C, 0x00, 0x0C, 0x00, 0x7F, 0x80,
    0x7F, 0x80, 0x1F, 0x00, 0x1F, 0x00, 0x3B, 0x00, 0x11, 0x00, 0x00, 0x00,
    0x00, 0x00, 0x00, 0x00, 0x00, 0x00, 0x00, 0x00, 0x00, 0x00, 0x07, 0x00,
    0x07, 0x00, 0x07, 0x00, 0x07, 0x00, 0x7F, 0xF0, 0x7F, 0xF0, 0x7F, 0xF0,
    0x07, 0x00, 0x07, 0x00, 0x07, 0x00, 0x07, 0x00, 0x38, 0x78, 0x78, 0x38,
    0x18, 0x30, 0x30, 0x7F, 0xFF, 0xFF, 0x00, 0x00, 0x00, 0x00, 0x38, 0x78,
    0x78, 0x38, 0x03, 0xC0, 0x03, 0x80, 0x07, 0x80, 0x07, 0x80, 0x07, 0x00,
    0x0F, 0x00, 0x0F, 0x00, 0x0E, 0x00, 0x1E, 0x00, 0x1E, 0x00, 0x1C, 0x00,
    0x3C, 0x00, 0x38, 0x00, 0x38, 0x00, 0x78, 0x00, 0x70, 0x00, 0x70, 0x00,
    0x07, 0xC0, 0x1F, 0xF0, 0x3F, 0xF0, 0x3C, 0x78, 0x7E, 0x38, 0x7E, 0x3C,
    0x7B, 0x3C, 0x7B, 0xBC, 0x79, 0xFC, 0x78, 0xF8, 0x3C, 0x78, 0x3F, 0xF0,
    0x1F, 0xF0, 0x07, 0xC0, 0x07, 0x00, 0x0F, 0x00, 0x7F, 0x00, 0x7F, 0x00,
    0x7F, 0x00, 0x0F, 0x00, 0x0F, 0x00, 0x0F, 0x00, 0x0F, 0x00, 0x0F, 0x00,
    0x0F, 0x00, 0x0F, 0x00, 0x0F, 0x00, 0x0F, 0x00, 0x0F, 0x80, 0x3F, 0xE0,
    0x3F, 0xF0, 0x38, 0xF0, 0x00, 0xF0, 0x00, 0xF0, 0x01, 0xE0, 0x03, 0xE0,
    0x07, 0xC0, 0x0F, 0x00, 0x3E, 0x00, 0x7F, 0xF0, 0x7F, 0xF0, 0x7F, 0xF0,
    0x0F, 0x80, 0x3F, 0xE0, 0x7F, 0xF0, 0x10, 0xF0, 0x00, 0xF0, 0x07, 0xE0,
    0x07, 0xC0, 0x07, 0xF0, 0x00, 0xF0, 0x00, 0x70, 0x78, 0xF0, 0x7F, 0xF0,
    0x3F, 0xE0, 0x0F, 0x80, 0x01, 0xE0, 0x03, 0xE0, 0x07, 0xE0, 0x07, 0xE0,
    0x0F, 0xE0, 0x1E, 0xE0, 0x3C, 0xE0, 0x78, 0xE0, 0x7F, 0xF8, 0xFF, 0xF8,
    0x7F, 0xF8, 0x00, 0xE0, 0x00, 0xE0, 0x00, 0xE0, 0x3F, 0xF0, 0x3F, 0xF0,
    0x7F, 0xF0, 0x78, 0x00, 0x7F, 0xC0, 0x7F, 0xE0, 0x7F, 0xF0, 0x18, 0xF0,
    0x00, 0x78, 0x00, 0x78, 0x70, 0xF0, 0x7F, 0xF0, 0x3F, 0xE0, 0x0F, 0x80,
    0x07, 0xC0, 0x1F, 0xF0, 0x3F, 0xF0, 0x38, 0x00, 0x3B, 0xC0, 0x7F, 0xF0,
    0x7F, 0xF0, 0x78, 0x78, 0x78, 0x78, 0x78, 0x78, 0x38, 0x78, 0x3F, 0xF0,
    0x1F, 0xE0, 0x07, 0xC0, 0xFF, 0xE0, 0xFF, 0xE0, 0x7F, 0xE0, 0x01, 0xE0,
    0x01, 0xE0, 0x03, 0xC0, 0x03, 0xC0, 0x07, 0x80, 0x07, 0x80, 0x0F, 0x00,
    0x0F, 0x00, 0x1E, 0x00, 0x1E, 0x00, 0x3C, 0x00, 0x07, 0x80, 0x1F, 0xC0,
    0x1F, 0xE0, 0x1C, 0xE0, 0x1C, 0xE0, 0x1F, 0xE0, 0x3F, 0xF0, 0x7F, 0xF0,
    0x78, 0x78, 0x78, 0x78, 0x78, 0x78, 0x7F, 0xF0, 0x3F, 0xF0, 0x0F, 0xC0,
    0x0F, 0x00, 0x3F, 0xC0, 0x7F, 0xE0, 0x70, 0xE0, 0x70, 0xE0, 0x70, 0xE0,
    0x79, 0xE0, 0x3F, 0xE0, 0x1F, 0xC0, 0x0F, 0xC0, 0x07, 0x80, 0x07, 0x80,
    0x0F, 0x00, 0x0F, 0x00, 0x38, 0x78, 0x78, 0x38, 0x00, 0x00, 0x00, 0x38,
    0x78, 0x78, 0x38, 0x38, 0x78, 0x78, 0x38, 0x00, 0x00, 0x00, 0x38, 0x78,
    0x78, 0x38, 0x18, 0x30, 0x30, 0x00, 0x00, 0x00, 0x30, 0x00, 0xF0, 0x07,
    0xF0, 0x1F, 0xE0, 0x7F, 0x00, 0x7C, 0x00, 0x7F, 0x00, 0x1F, 0xC0, 0x07,
    0xF0, 0x00, 0xF0, 0x00, 0x30, 0x00, 0x00, 0x7F, 0xF0, 0x7F, 0xF0, 0x7F,
    0xF0, 0x00, 0x00, 0x7F, 0xF0, 0x7F, 0xF0, 0x7F, 0xF0, 0x00, 0x00, 0x00,
    0x00, 0x00, 0x00, 0x60, 0x00, 0x78, 0x00, 0x7E, 0x00, 0x3F, 0xC0, 0x07,
    0xF0, 0x01, 0xF0, 0x07, 0xF0, 0x3F, 0xC0, 0x7E, 0x00, 0x78, 0x00, 0x60,
    0x00, 0x00, 0x00, 0x0F, 0x80, 0x3F, 0xE0, 0x7F, 0xF0, 0x70, 0xF0, 0x00,
    0xF0, 0x03, 0xE0, 0x0F, 0xC0, 0x0F, 0x00, 0x0E, 0x00, 0x00, 0x00, 0x0E,
    0x00, 0x1F, 0x00, 0x1F, 0x00, 0x0E, 0x00, 0x03, 0xE0, 0x00, 0x0F, 0xF8,
    0x00, 0x1C, 0x1E, 0x00, 0x38, 0x06, 0x00, 0x31, 0xE3, 0x00, 0x67, 0xF3,
    0x00, 0x66, 0x31, 0x80, 0x66, 0x31, 0x80, 0x66, 0x71, 0x80, 0x67, 0xF3,
    0x00, 0x67, 0xFF, 0x00, 0x73, 0x9E, 0x00, 0x38, 0x00, 0x00, 0x1C, 0x00,
    0x00, 0x0F, 0xF0, 0x00, 0x03, 0xE0, 0x00, 0x07, 0xC0, 0x07, 0xC0, 0x07,
    0xE0, 0x0F, 0xE0, 0x0F, 0xF0, 0x1E, 0xF0, 0x1E, 0x70, 0x1C, 0x78, 0x3C,
    0x78, 0x3F, 0xFC, 0x7F, 0xFC, 0x7F, 0xFC, 0x78, 0x1E, 0xF0, 0x1E, 0x7F,
    0xE0, 0x7F, 0xF8, 0x7F, 0xF8, 0x78, 0x78, 0x78, 0x78, 0x7F, 0xF8, 0x7F,
    0xF0, 0x7F, 0xF8, 0x78, 0x3C, 0x78, 0x3C, 0x78, 0x3C, 0x7F, 0xFC, 0x7F,
    0xF8, 0x7F, 0xE0, 0x07, 0xE0, 0x1F, 0xF8, 0x3F, 0xFC, 0x7C, 0x38, 0x78,
    0x00, 0x78, 0x00, 0x78, 0x00, 0x78, 0x00, 0x78, 0x00, 0x78, 0x00, 0x7C,
    0x18, 0x3F, 0xFC, 0x1F, 0xF8, 0x07, 0xE0, 0x7F, 0xC0, 0x7F, 0xF0, 0x7F,
    0xF8, 0x78, 0x7C, 0x78, 0x3C, 0x78, 0x1E, 0x78, 0x1E, 0x78, 0x1E, 0x78,
    0x1E, 0x78, 0x3C, 0x78, 0x7C, 0x7F, 0xF8, 0x7F, 0xF0, 0x7F, 0xC0, 0x7F,
    0xF8, 0x7F, 0xF8, 0x7F, 0xF0, 0x78, 0x00, 0x78, 0x00, 0x7F, 0x80, 0x7F,
    0xC0, 0x7F, 0xC0, 0x78, 0x00, 0x78, 0x00, 0x78, 0x00, 0x7F, 0xF8, 0x7F,
    0xF8, 0x7F, 0xF8, 0x7F, 0xF0, 0x7F, 0xF0, 0x7F, 0xF0, 0x78, 0x00, 0x78,
    0x00, 0x78, 0x00, 0x7F, 0xF0, 0x7F, 0xF0, 0x7F, 0xF0, 0x78, 0x00, 0x78,
    0x00, 0x78, 0x00, 0x78, 0x00, 0x78, 0x00, 0x07, 0xE0, 0x1F, 0xF8, 0x3F,
    0xFC, 0x7C, 0x10, 0x78, 0x00, 0x78, 0xFE, 0x78, 0xFE, 0x78, 0xFE, 0x78,
    0x1E, 0x78, 0x1E, 0x7C, 0x1E, 0x3F, 0xFE, 0x1F, 0xFE, 0x07, 0xEE, 0x78,
    0x1C, 0x78, 0x1C, 0x78, 0x1C, 0x78, 0x1C, 0x78, 0x1C, 0x7F, 0xFC, 0x7F,
    0xFC, 0x7F, 0xFC, 0x78, 0x1C, 0x78, 0x1C, 0x78, 0x1C, 0x78, 0x1C, 0x78,
    0x1C, 0x78, 0x1C, 0x7F, 0x80, 0x7F, 0x80, 0x7F, 0x00, 0x1E, 0x00, 0x1E,
    0x00, 0x1E, 0x00, 0x1E, 0x00, 0x1E, 0x00, 0x1E, 0x00, 0x1E, 0x00, 0x1E,
    0x00, 0x7F, 0x00, 0x7F, 0x80, 0x7F, 0x80, 0x00, 0xF0, 0x00, 0xF0, 0x00,
    0xF0, 0x00, 0xF0, 0x00, 0xF0, 0x00, 0xF0, 0x00, 0xF0, 0x00, 0xF0, 0x00,
    0xF0, 0x30, 0xF0, 0xF1, 0xE0, 0x7F, 0xE0, 0x3F, 0xC0, 0x1F, 0x80, 0x78,
    0x3C, 0x78, 0x78, 0x78, 0xF0, 0x79, 0xE0, 0x7B, 0xC0, 0x7F, 0x80, 0x7F,
    0x80, 0x7F, 0xC0, 0x7F, 0xE0, 0x79, 0xE0, 0x78, 0xF0, 0x78, 0x78, 0x78,
    0x7C, 0x78, 0x3C, 0x78, 0x00, 0x78, 0x00, 0x78, 0x00, 0x78, 0x00, 0x78,
    0x00, 0x78, 0x00, 0x78, 0x00, 0x78, 0x00, 0x78, 0x00, 0x78, 0x00, 0x78,
    0x00, 0x7F, 0xF0, 0x7F, 0xF0, 0x7F, 0xF0, 0x7E, 0x0F, 0xC0, 0x7E, 0x0F,
    0xC0, 0x7E, 0x0F, 0xC0, 0x7F, 0x0F, 0xC0, 0x7F, 0x1F, 0xC0, 0x7B, 0x1F,
    0xC0, 0x7B, 0x9B, 0xC0, 0x7B, 0xBB, 0xC0, 0x7B, 0xBB, 0xC0, 0x79, 0xFB,
    0xC0, 0x79, 0xF3, 0xC0, 0x79, 0xF3, 0xC0, 0x78, 0xF3, 0xC0, 0x78, 0xE3,
    0xC0, 0x7C, 0x1E, 0x7E, 0x1E, 0x7E, 0x1E, 0x7F, 0x1E, 0x7F, 0x1E, 0x7F,
    0x9E, 0x7B, 0xDE, 0x79, 0xDE, 0x79, 0xFE, 0x78, 0xFE, 0x78, 0xFE, 0x78,
    0x7E, 0x78, 0x7E, 0x78, 0x3E, 0x07, 0xE0, 0x00, 0x1F, 0xF8, 0x00, 0x3F,
    0xFC, 0x00, 0x3C, 0x1E, 0x00, 0x78, 0x1F, 0x00, 0x78, 0x0F, 0x00, 0x78,
    0x0F, 0x00, 0x78, 0x0F, 0x00, 0x78, 0x0F, 0x00, 0x78, 0x1F, 0x00, 0x3C,
    0x1E, 0x00, 0x3F, 0xFC, 0x00, 0x1F, 0xF8, 0x00, 0x07, 0xE0, 0x00, 0x7F,
    0xE0, 0x7F, 0xF8, 0x7F, 0xF8, 0x78, 0x3C, 0x78, 0x3C, 0x78, 0x3C, 0x7F,
    0xF8, 0x7F, 0xF8, 0x7F, 0xE0, 0x78, 0x00, 0x78, 0x00, 0x78, 0x00, 0x78,
    0x00, 0x78, 0x00, 0x07, 0xE0, 0x00, 0x1F, 0xF8, 0x00, 0x3F, 0xFC, 0x00,
    0x3C, 0x1E, 0x00, 0x78, 0x1F, 0x00, 0x78, 0x0F, 0x00, 0x78, 0x0F, 0x00,
    0x78, 0xEF, 0x00, 0x78, 0xFF, 0x00, 0x78, 0x7F, 0x00, 0x3C, 0x3E, 0x00,
    0x3F, 0xFE, 0x00, 0x1F, 0xFF, 0x00, 0x07, 0xE7, 0x80, 0x00, 0x01, 0x00,
    0x7F, 0xE0, 0x7F, 0xF8, 0x7F, 0xF8, 0x78, 0x3C, 0x78, 0x3C, 0x78, 0x7C,
    0x7F, 0xF8, 0x7F, 0xF0, 0x7F, 0xE0, 0x79, 0xE0, 0x78, 0xF0, 0x78, 0xF8,
    0x78, 0x78, 0x78, 0x3C, 0x0F, 0xC0, 0x3F, 0xF0, 0x7F, 0xF0, 0x78, 0x70,
    0x78, 0x00, 0x7F, 0x00, 0x3F, 0xE0, 0x1F, 0xF8, 0x01, 0xF8, 0x00, 0x78,
    0x78, 0x78, 0x7F, 0xF8, 0x3F, 0xF0, 0x0F, 0xC0, 0xFF, 0xF8, 0xFF, 0xF8,
    0x7F, 0xF8, 0x07, 0x80, 0x07, 0x80, 0x07, 0x80, 0x07, 0x80, 0x07, 0x80,
    0x07, 0x80, 0x07, 0x80, 0x07, 0x80, 0x07, 0x80, 0x07, 0x80, 0x07, 0x80,
    0x78, 0x3C, 0x78, 0x3C, 0x78, 0x3C, 0x78, 0x3C, 0x78, 0x3C, 0x78, 0x3C,
    0x78, 0x3C, 0x78, 0x3C, 0x78, 0x3C, 0x78, 0x3C, 0x3C, 0x7C, 0x3F, 0xF8,
    0x1F, 0xF0, 0x0F, 0xE0, 0xF0, 0x3C, 0x78, 0x3C, 0x78, 0x3C, 0x78, 0x78,
    0x3C, 0x78, 0x3C, 0x78, 0x1C, 0xF0, 0x1E, 0xF0, 0x1E, 0xE0, 0x0F, 0xE0,
    0x0F, 0xE0, 0x0F, 0xC0, 0x07, 0xC0, 0x07, 0xC0, 0xF0, 0xF0, 0xE0, 0x70,
    0xF1, 0xE0, 0x79, 0xF1, 0xE0, 0x79, 0xF9, 0xE0, 0x79, 0xF9, 0xC0, 0x39,
    0xF9, 0xC0, 0x39, 0xBB, 0xC0, 0x3F, 0x9B, 0xC0, 0x3F, 0x9F, 0x80, 0x1F,
    0x9F, 0x80, 0x1F, 0x9F, 0x80, 0x1F, 0x1F, 0x80, 0x1F, 0x0F, 0x00, 0x0F,
    0x0F, 0x00, 0x78, 0x3E, 0x3C, 0x3C, 0x3E, 0x78, 0x1F, 0xF8, 0x0F, 0xF0,
    0x07, 0xE0, 0x07, 0xC0, 0x07, 0xE0, 0x0F, 0xE0, 0x0F, 0xF0, 0x1E, 0xF8,
    0x3E, 0x7C, 0x7C, 0x3C, 0x78, 0x1E, 0xF8, 0x3E, 0x78, 0x3C, 0x3C, 0x78,
    0x3C, 0x78, 0x1E, 0xF0, 0x0F, 0xE0, 0x0F, 0xE0, 0x07, 0xC0, 0x03, 0x80,
    0x03, 0x80, 0x03, 0x80, 0x03, 0x80, 0x03, 0x80, 0x03, 0x80, 0x7F, 0xF8,
    0x7F, 0xF8, 0x7F, 0xF8, 0x01, 0xF0, 0x03, 0xE0, 0x03, 0xC0, 0x07, 0x80,
    0x0F, 0x80, 0x1F, 0x00, 0x3E, 0x00, 0x3C, 0x00, 0x7F, 0xF8, 0x7F, 0xF8,
    0x7F, 0xF8, 0x7E, 0x7E, 0x7E, 0x70, 0x70, 0x70, 0x70, 0x70, 0x70, 0x70,
    0x70, 0x70, 0x70, 0x70, 0x70, 0x70, 0x7E, 0x7E, 0x7E, 0x70, 0x00, 0x70,
    0x00, 0x78, 0x00, 0x38, 0x00, 0x38, 0x00, 0x3C, 0x00, 0x1C, 0x00, 0x1E,
    0x00, 0x1E, 0x00, 0x0E, 0x00, 0x0F, 0x00, 0x0F, 0x00, 0x07, 0x00, 0x07,
    0x80, 0x07, 0x80, 0x03, 0x80, 0x03, 0xC0, 0x7C, 0x7E, 0x7E, 0x0E, 0x0E,
    0x0E, 0x0E, 0x0E, 0x0E, 0x0E, 0x0E, 0x0E, 0x0E, 0x0E, 0x0E, 0x0E, 0x7E,
    0x7E, 0x7E, 0x02, 0x00, 0x07, 0x00, 0x0F, 0x80, 0x0F, 0xC0, 0x1F, 0xC0,
    0x1D, 0xE0, 0x38, 0xE0, 0x78, 0xF0, 0x00, 0x00, 0x00, 0x00, 0x00, 0x00,
    0x00, 0x00, 0x00, 0x00, 0x00, 0x00, 0x00, 0x00, 0x7F, 0xC0, 0x7F, 0xC0,
    0x7F, 0xC0, 0x00, 0x70, 0x78, 0x38, 0x00, 0x00, 0x00, 0x00, 0x00, 0x00,
    0x00, 0x00, 0x00, 0x00, 0x00, 0x00, 0x0F, 0x80, 0x3F, 0xC0, 0x7F, 0xE0,
    0x00, 0xE0, 0x0F, 0xE0, 0x3F, 0xE0, 0x78, 0xE0, 0xF1, 0xE0, 0x7F, 0xE0,
    0x7F, 0xE0, 0x3E, 0xF0, 0x78, 0x00, 0x78, 0x00, 0x78, 0x00, 0x78, 0x00,
    0x7B, 0xC0, 0x7F, 0xF0, 0x7F, 0xF0, 0x78, 0xF8, 0x78, 0x78, 0x78, 0x78,
    0x78, 0x78, 0x78, 0xF8, 0x7F, 0xF0, 0x7F, 0xE0, 0x73, 0xC0, 0x0F, 0x80,
    0x3F, 0xC0, 0x7F, 0xE0, 0x78, 0x80, 0x70, 0x00, 0x70, 0x00, 0x70, 0x00,
    0x78, 0x00, 0x7F, 0xE0, 0x3F, 0xC0, 0x0F, 0x80, 0x00, 0x70, 0x00, 0x70,
    0x00, 0x70, 0x00, 0x70, 0x1E, 0x70, 0x3F, 0xF0, 0x7F, 0xF0, 0x78, 0xF0,
    0x78, 0x70, 0x70, 0x70, 0x78, 0x70, 0x78, 0xF0, 0x7F, 0xF0, 0x3F, 0xF8,
    0x1E, 0x78, 0x0F, 0x80, 0x3F, 0xE0, 0x3F, 0xE0, 0x70, 0x70, 0x7F, 0xF0,
    0x7F, 0xF0, 0x70, 0x00, 0x78, 0x00, 0x7F, 0xE0, 0x3F, 0xE0, 0x0F, 0x80,
    0x0F, 0x00, 0x1F, 0x00, 0x3F, 0x00, 0x3C, 0x00, 0x3C, 0x00, 0xFF, 0x00,
    0xFF, 0x00, 0xFF, 0x00, 0x3C, 0x00, 0x3C, 0x00, 0x3C, 0x00, 0x3C, 0x00,
    0x3C, 0x00, 0x3C, 0x00, 0x3C, 0x00, 0x3C, 0x00, 0x1E, 0x70, 0x3F, 0xF0,
    0x7F, 0xF0, 0x78, 0xF0, 0x70, 0x70, 0x70, 0x70, 0x78, 0x70, 0x78, 0xF0,
    0x7F, 0xF0, 0x3F, 0xF0, 0x1E, 0x70, 0x00, 0x70, 0x08, 0xF0, 0x3F, 0xF0,
    0x3F, 0xE0, 0x0F, 0x80, 0x78, 0x00, 0x78, 0x00, 0x78, 0x00, 0x78, 0x00,
    0x7B, 0xC0, 0x7F, 0xE0, 0x7F, 0xF0, 0x78, 0xF0, 0x78, 0xF0, 0x78, 0xF0,
    0x78, 0xF0, 0x78, 0xF0, 0x78, 0xF0, 0x78, 0xF0, 0x78, 0xF0, 0x18, 0x3C,
    0x3C, 0x18, 0x00, 0xFC, 0xFC, 0x7C, 0x3C, 0x3C, 0x3C, 0x3C, 0x3C, 0x3C,
    0x3C, 0x3C, 0x0C, 0x1E, 0x1E, 0x0C, 0x00, 0x1E, 0x1E, 0x1E, 0x1E, 0x1E,
    0x1E, 0x1E, 0x1E, 0x1E, 0x1E, 0x1E, 0x7E, 0xFC, 0xF8, 0x78, 0x00, 0x78,
    0x00, 0x78, 0x00, 0x78, 0x00, 0x78, 0xF0, 0x79, 0xE0, 0x7B, 0xC0, 0x7F,
    0x80, 0x7F, 0x80, 0x7F, 0x80, 0x7F, 0xC0, 0x7F, 0xC0, 0x79, 0xE0, 0x79,
    0xF0, 0x78, 0xF0, 0x30, 0x78, 0x78, 0x78, 0x78, 0x78, 0x78, 0x78, 0x78,
    0x78, 0x78, 0x78, 0x78, 0x7E, 0x7E, 0x3E, 0x73, 0xC7, 0x80, 0x7F, 0xFF,
    0xC0, 0x7F, 0xFF, 0xE0, 0x78, 0xF1, 0xE0, 0x78, 0xF1, 0xE0, 0x78, 0xF1,
    0xE0, 0x78, 0xF1, 0xE0, 0x78, 0xF1, 0xE0, 0x78, 0xF1, 0xE0, 0x78, 0xF1,
    0xE0, 0x78, 0xF1, 0xE0, 0x73, 0xC0, 0x7F, 0xE0, 0x7F, 0xF0, 0x78, 0xF0,
    0x78, 0xF0, 0x78, 0xF0, 0x78, 0xF0, 0x78, 0xF0, 0x78, 0xF0, 0x78, 0xF0,
    0x78, 0xF0, 0x0F, 0x80, 0x3F, 0xE0, 0x7F, 0xF0, 0x78, 0xF0, 0x70, 0x70,
    0x70, 0x70, 0x70, 0x70, 0x78, 0xF0, 0x7F, 0xF0, 0x3F, 0xE0, 0x0F, 0x80,
    0x73, 0xC0, 0x7F, 0xE0, 0x7F, 0xF0, 0x78, 0xF8, 0x78, 0x78, 0x78, 0x78,
    0x78, 0x78, 0x78, 0xF8, 0x7F, 0xF0, 0x7F, 0xF0, 0x7B, 0xC0, 0x78, 0x00,
    0x78, 0x00, 0x78, 0x00, 0x1E, 0x70, 0x3F, 0xF0, 0x7F, 0xF0, 0x78, 0xF0,
    0x78, 0x70, 0x70, 0x70, 0x78, 0x70, 0x78, 0xF0, 0x7F, 0xF0, 0x3F, 0xF0,
    0x1E, 0x70, 0x00, 0x7E, 0x00, 0x7E, 0x00, 0x3E, 0x00, 0x00, 0x73, 0x00,
    0x7F, 0x00, 0x7F, 0x00, 0x7E, 0x00, 0x78, 0x00, 0x78, 0x00, 0x78, 0x00,
    0x78, 0x00, 0x78, 0x00, 0x78, 0x00, 0x78, 0x00, 0x1F, 0x00, 0x3F, 0xC0,
    0x7F, 0xE0, 0x70, 0x80, 0x7E, 0x00, 0x3F, 0xC0, 0x07, 0xE0, 0x30, 0xE0,
    0x7F, 0xE0, 0x7F, 0xC0, 0x1F, 0x80, 0x38, 0x00, 0x3C, 0x00, 0x3C, 0x00,
    0xFF, 0x00, 0xFF, 0x00, 0xFF, 0x00, 0x3C, 0x00, 0x3C, 0x00, 0x3C, 0x00,
    0x3C, 0x00, 0x3C, 0x00, 0x3F, 0x00, 0x3F, 0x00, 0x1F, 0x00, 0x78, 0xF0,
    0x78, 0xF0, 0x78, 0xF0, 0x78, 0xF0, 0x78, 0xF0, 0x78, 0xF0, 0x78, 0xF0,
    0x78, 0xF0, 0x7F, 0xF0, 0x3F, 0xF0, 0x1E, 0xF0, 0xF0, 0xF0, 0x70, 0xF0,
    0x78, 0xE0, 0x79, 0xE0, 0x39, 0xE0, 0x3D, 0xC0, 0x1F, 0xC0, 0x1F, 0x80,
    0x1F, 0x80, 0x0F, 0x80, 0x0F, 0x00, 0xF1, 0xC7, 0x00, 0x73, 0xC7, 0x00,
    0x73, 0xEF, 0x00, 0x7B, 0xEF, 0x00, 0x7B, 0xEE, 0x00, 0x3B, 0x6E, 0x00,
    0x3F, 0x7E, 0x00, 0x3F, 0x7E, 0x00, 0x3E, 0x7C, 0x00, 0x1E, 0x3C, 0x00,
    0x1E, 0x3C, 0x00, 0x78, 0xF0, 0x3D, 0xE0, 0x3F, 0xC0, 0x1F, 0x80, 0x0F,
    0x80, 0x0F, 0x00, 0x1F, 0x80, 0x1F, 0xC0, 0x3D, 0xC0, 0x79, 0xE0, 0x78,
    0xF0, 0xF0, 0xF0, 0x78, 0xE0, 0x79, 0xE0, 0x39, 0xE0, 0x3D, 0xC0, 0x3F,
    0xC0, 0x1F, 0x80, 0x1F, 0x80, 0x0F, 0x80, 0x0F, 0x00, 0x0F, 0x00, 0x3E,
    0x00, 0x7E, 0x00, 0x7C, 0x00, 0x7F, 0xE0, 0x7F, 0xE0, 0x7F, 0xE0, 0x07,
    0xC0, 0x0F, 0x80, 0x1F, 0x00, 0x3E, 0x00, 0x7C, 0x00, 0x7F, 0xE0, 0x7F,
    0xE0, 0x7F, 0xE0, 0x07, 0x00, 0x1F, 0x00, 0x1F, 0x00, 0x3C, 0x00, 0x3C,
    0x00, 0x3C, 0x00, 0x3C, 0x00, 0x3C, 0x00, 0x78, 0x00, 0xF0, 0x00, 0xF8,
    0x00, 0x3C, 0x00, 0x3C, 0x00, 0x3C, 0x00, 0x3C, 0x00, 0x3C, 0x00, 0x1F,
    0x00, 0x1F, 0x00, 0x0F, 0x00, 0x78, 0x78, 0x78, 0x78, 0x78, 0x78, 0x78,
    0x78, 0x78, 0x78, 0x78, 0x78, 0x78, 0x78, 0x78, 0x78, 0x78, 0x78, 0x78,
    0x78, 0x78, 0x70, 0x00, 0x7C, 0x00, 0x7C, 0x00, 0x1C, 0x00, 0x1C, 0x00,
    0x1C, 0x00, 0x1C, 0x00, 0x1E, 0x00, 0x1F, 0x00, 0x07, 0x00, 0x0F, 0x00,
    0x1E, 0x00, 0x1C, 0x00, 0x1C, 0x00, 0x1C, 0x00, 0x1C, 0x00, 0x7C, 0x00,
    0x7C, 0x00, 0x78, 0x00, 0x00, 0x00, 0x38, 0xE0, 0x7F, 0xE0, 0x7F, 0xC0,
    0x63, 0xC0, 0x00, 0x00, 0x00, 0x00, 0x00, 0x00, 0x00, 0x00,
};
constexpr BitmapGlyph Bold22_GLYPHS[] = {
    {0, 7, 0, 0, 0, 7},
    {0, 7, 14, 0, -14, 7},
    {14, 9, 14, 0, -14, 9},
    {42, 18, 14, 0, -14, 18},
    {84, 14, 18, 0, -16, 14},
    {120, 22, 14, 0, -14, 22},
    {162, 16, 16, 0, -16, 16},
    {194, 5, 14, 0, -14, 5},
    {208, 8, 19, 0, -16, 8},
    {227, 8, 19, 0, -16, 8},
    {246, 11, 14, 0, -14, 11},
    {274, 13, 11, 0, -11, 13},
    {296, 7, 7, 0, -4, 7},
    {303, 8, 7, 0, -7, 8},
    {310, 7, 4, 0, -4, 7},
    {314, 10, 17, 0, -15, 10},
    {348, 15, 14, 0, -14, 15},
    {376, 10, 14, 0, -14, 10},
    {404, 13, 14, 0, -14, 13},
    {432, 13, 14, 0, -14, 13},
    {460, 14, 14, 0, -14, 14},
    {488, 14, 14, 0, -14, 14},
    {516, 14, 14, 0, -14, 14},
    {544, 12, 14, 0, -14, 12},
    {572, 14, 14, 0, -14, 14},
    {600, 12, 14, 0, -14, 12},
    {628, 7, 11, 0, -11, 7},
    {639, 7, 14, 0, -11, 7},
    {653, 13, 13, 0, -12, 13},
    {679, 13, 9, 0, -9, 13},
    {697, 13, 13, 0, -12, 13},
    {723, 13, 14, 0, -14, 13},
    {751, 17, 16, 0, -14, 17},
    {799, 16, 14, 0, -14, 15},
    {827, 15, 14, 0, -14, 15},
    {855, 15, 14, 0, -14, 15},
    {883, 15, 14, 0, -14, 15},
    {911, 13, 14, 0, -14, 13},
    {939, 13, 14, 0, -14, 13},
    {967, 16, 14, 0, -14, 16},
    {995, 16, 14, 0, -14, 16},
    {1023, 10, 14, 0, -14, 10},
    {1051, 13, 14, 0, -14, 13},
    {1079, 15, 14, 0, -14, 15},
    {1107, 12, 14, 0, -14, 12},
    {1135, 19, 14, 0, -14, 19},
    {1177, 16, 14, 0, -14, 16},
    {1205, 17, 14, 0, -14, 17},
    {1247, 14, 14, 0, -14, 14},
    {1275, 18, 15, 0, -14, 17},
    {1320, 15, 14, 0, -14, 15},
    {1348, 14, 14, 0, -14, 14},
    {1376, 14, 14, 0, -14, 14},
    {1404, 15, 14, 0, -14, 15},
    {1432, 15, 14, 0, -14, 15},
    {1460, 20, 14, 0, -14, 20},
    {1502, 16, 14, 0, -14, 16},
    {1530, 16, 14, 0, -14, 15},
    {1558, 14, 14, 0, -14, 14},
    {1586, 8, 19, 0, -16, 8},
    {1605, 10, 17, 0, -15, 10},
    {1639, 8, 19, 0, -16, 8},
    {1658, 13, 15, 0, -15, 13},
    {1688, 11, 3, -1, 0, 9},
    {1694, 7, 16, 0, -16, 7},
    {1710, 12, 11, 0, -11, 12},
    {1732, 13, 15, 0, -15, 13},
    {1762, 12, 11, 0, -11, 12},
    {1784, 13, 15, 0, -15, 13},
    {1814, 13, 11, 0, -11, 13},
    {1836, 9, 16, 0, -16, 9},
    {1868, 13, 16, 0, -11, 13},
    {1900, 13, 15, 0, -15, 13},
    {1930, 7, 16, 0, -16, 7},
    {1946, 8, 19, -2, -16, 6},
    {1965, 13, 15, 0, -15, 13},
    {1995, 8, 16, 0, -16, 8},
    {2011, 20, 11, 0, -11, 20},
    {2044, 13, 11, 0, -11, 13},
    {2066, 13, 11, 0, -11, 13},
    {2088, 13, 14, 0, -11, 13},
    {2116, 16, 14, 0, -11, 13},
    {2144, 9, 12, 0, -12, 9},
    {2168, 12, 11, 0, -11, 12},
    {2190, 9, 14, 0, -14, 9},
    {2218, 13, 11, 0, -11, 13},
    {2240, 13, 11, 0, -11, 12},
    {2262, 17, 11, 0, -11, 17},
    {2295, 13, 11, 0, -11, 12},
    {2317, 12, 14, 0, -11, 12},
    {2345, 12, 11, 0, -11, 12},
    {2367, 9, 19, 0, -16, 9},
    {2405, 6, 21, 0, -18, 6},
    {2426, 9, 19, 0, -16, 9},
    {2464, 12, 9, 0, -9, 12},
};

constexpr uint8_t Bold36_BITMAP[] = {
    0x3F, 0x80, 0x3F, 0x80, 0x3F, 0x80, 0x3F, 0x80, 0x3F, 0x80, 0x3F, 0x80,
    0x3F, 0x80, 0x1F, 0x80, 0x1F, 0x80, 0x1F, 0x00, 0x1F, 0x00, 0x1F, 0x00,
    0x1F, 0x00, 0x1F, 0x00, 0x0F, 0x00, 0x00, 0x00, 0x00, 0x00, 0x0E, 0x00,
    0x1F, 0x80, 0x3F, 0x80, 0x3F, 0x80, 0x3F, 0x80, 0x3F, 0x80, 0x1F, 0x80,
    0x0E, 0x00, 0x7E, 0x7C, 0x3E, 0x7C, 0x3E, 0x7C, 0x3E, 0x7C, 0x3E, 0x7C,
    0x3E, 0x7C, 0x3E, 0x7C, 0x3E, 0x7C, 0x3E, 0x7C, 0x00, 0x00, 0x00, 0x00,
    0x00, 0x00, 0x00, 0x00, 0x00, 0x00, 0x00, 0x00, 0x00, 0x00, 0x00, 0x00,
    0x00, 0x00, 0x00, 0x00, 0x00, 0x00, 0x00, 0x00, 0x00, 0x00, 0x00, 0x00,
    0x00, 0x00, 0x00, 0x00, 0x00, 0xFC, 0x1F, 0x00, 0x00, 0xFC, 0x1F, 0x00,
    0x00, 0xFC, 0x1F, 0x00, 0x00, 0xF8, 0x3F, 0x00, 0x1F, 0xFF, 0xFF, 0xF0,
    0x1F, 0xFF, 0xFF, 0xF0, 0x1F, 0xFF, 0xFF, 0xF0, 0x1F, 0xFF, 0xFF, 0xF0,
    0x1F, 0xFF, 0xFF, 0xF0, 0x1F, 0xFF, 0xFF, 0xF0, 0x01, 0xF0, 0x7E, 0x00,
    0x01, 0xF0, 0x7E, 0x00, 0x01, 0xF0, 0x7E, 0x00, 0x01, 0xF0, 0x7E, 0x00,
    0x03, 0xF0, 0x7C, 0x00, 0x3F, 0xFF, 0xFF, 0xE0, 0x3F, 0xFF, 0xFF, 0xE0,
    0x7F, 0xFF, 0xFF, 0xE0, 0x7F, 0xFF, 0xFF, 0xE0, 0x7F, 0xFF, 0xFF, 0xC0,
    0x7F, 0xFF, 0xFF, 0xC0, 0x03, 0xE0, 0xF8, 0x00, 0x07, 0xE0, 0xF8, 0x00,
    0x07, 0xE0, 0xF8, 0x00, 0x07, 0xE0, 0xF8, 0x00, 0x00, 0x38, 0x00, 0x00,
    0x38, 0x00, 0x00, 0x38, 0x00, 0x01, 0xFF, 0x00, 0x07, 0xFF, 0xC0, 0x0F,
    0xFF, 0xE0, 0x1F, 0xFF, 0xF0, 0x3F, 0xFF, 0xF0, 0x3F, 0xBF, 0xF8, 0x7E,
    0x39, 0xE0, 0x7E, 0x38, 0x00, 0x7F, 0x38, 0x00, 0x3F, 0xF8, 0x00, 0x3F,
    0xFC, 0x00, 0x1F, 0xFF, 0x80, 0x0F, 0xFF, 0xE0, 0x07, 0xFF, 0xF0, 0x00,
    0xFF, 0xF8, 0x00, 0x3F, 0xF8, 0x00, 0x39, 0xF8, 0x04, 0x39, 0xFC, 0x3E,
    0x39, 0xF8, 0x7F, 0x39, 0xF8, 0x7F, 0xFF, 0xF8, 0x3F, 0xFF, 0xF0, 0x1F,
    0xFF, 0xE0, 0x0F, 0xFF, 0xC0, 0x01, 0xFF, 0x00, 0x00, 0x38, 0x00, 0x00,
    0x38, 0x00, 0x00, 0x38, 0x00, 0x03, 0xE0, 0x00, 0xF0, 0x00, 0x0F, 0xF8,
    0x01, 0xF0, 0x00, 0x1F, 0xFC, 0x03, 0xE0, 0x00, 0x3F, 0xFC, 0x03, 0xC0,
    0x00, 0x3F, 0xFE, 0x07, 0xC0, 0x00, 0x7C, 0x3E, 0x0F, 0x80, 0x00, 0x7C,
    0x1E, 0x0F, 0x00, 0x00, 0x7C, 0x1E, 0x1F, 0x00, 0x00, 0x7C, 0x3E, 0x3E,
    0x00, 0x00, 0x3F, 0xFE, 0x3C, 0x00, 0x00, 0x3F, 0xFC, 0x7C, 0x7C, 0x00,
    0x1F, 0xFC, 0xF9, 0xFF, 0x00, 0x0F, 0xF9, 0xF3, 0xFF, 0x80, 0x03, 0xE1,
    0xF3, 0xFF, 0xC0, 0x00, 0x03, 0xE7, 0xFF, 0xC0, 0x00, 0x07, 0xC7, 0xC7,
    0xC0, 0x00, 0x07, 0xC7, 0x83, 0xE0, 0x00, 0x0F, 0x8F, 0x83, 0xE0, 0x00,
    0x1F, 0x07, 0x83, 0xE0, 0x00, 0x1F, 0x07, 0xC7, 0xC0, 0x00, 0x3E, 0x07,
    0xFF, 0xC0, 0x00, 0x7C, 0x03, 0xFF, 0xC0, 0x00, 0x7C, 0x03, 0xFF, 0x80,
    0x00, 0xF8, 0x01, 0xFF, 0x00, 0x01, 0xF0, 0x00, 0x7C, 0x00, 0x00, 0x7E,
    0x00, 0x00, 0x01, 0xFF, 0x80, 0x00, 0x03, 0xFF, 0xC0, 0x00, 0x07, 0xFF,
    0xC0, 0x00, 0x07, 0xFF, 0xE0, 0x00, 0x07, 0xC3, 0xE0, 0x00, 0x07, 0xC3,
    0xE0, 0x00, 0x07, 0xC3, 0xE0, 0x00, 0x07, 0xE3, 0xE0, 0x00, 0x07, 0xF7,
    0xE0, 0x00, 0x07, 0xFF, 0xC0, 0x00, 0x03, 0xFF, 0xC0, 0x00, 0x03, 0xFF,
    0x80, 0x00, 0x07, 0xFE, 0x0F, 0x80, 0x0F, 0xFE, 0x1F, 0x80, 0x1F, 0xFF,
    0x1F, 0x00, 0x3F, 0xFF, 0x9F, 0x00, 0x3F, 0x1F, 0xFE, 0x00, 0x7F, 0x0F,
    0xFE, 0x00, 0x7E, 0x07, 0xFE, 0x00, 0x7F, 0x07, 0xFC, 0x00, 0x7F, 0x03,
    0xF8, 0x00, 0x3F, 0xFF, 0xFC, 0x00, 0x3F, 0xFF, 0xFE, 0x00, 0x1F, 0xFF,
    0xFF, 0x00, 0x0F, 0xFF, 0xBF, 0x00, 0x01, 0xFC, 0x3F, 0x80, 0x7E, 0x3E,
    0x3E, 0x3E, 0x3E, 0x3E, 0x3E, 0x3E, 0x3E, 0x00, 0x00, 0x00, 0x00, 0x00,
    0x00, 0x00, 0x00, 0x00, 0x00, 0x00, 0x00, 0x00, 0x00, 0x00, 0x00, 0x03,
    0xF0, 0x07, 0xE0, 0x07, 0xC0, 0x0F, 0xC0, 0x0F, 0x80, 0x1F, 0x80, 0x1F,
    0x80, 0x1F, 0x00, 0x3F, 0x00, 0x3F, 0x00, 0x3F, 0x00, 0x3E, 0x00, 0x3E,
    0x00, 0x3E, 0x00, 0x7E, 0x00, 0x7E, 0x00, 0x7E, 0x00, 0x7E, 0x00, 0x3E,
    0x00, 0x3E, 0x00, 0x3E, 0x00, 0x3F, 0x00, 0x3F, 0x00, 0x3F, 0x00, 0x1F,
    0x00, 0x1F, 0x80, 0x1F, 0x80, 0x0F, 0x80, 0x0F, 0xC0, 0x07, 0xC0, 0x07,
    0xE0, 0x03, 0xF0, 0x7E, 0x00, 0x3E, 0x00, 0x3F, 0x00, 0x1F, 0x00, 0x1F,
    0x80, 0x0F, 0x80, 0x0F, 0xC0, 0x0F, 0xC0, 0x07, 0xC0, 0x07, 0xC0, 0x07,
    0xE0, 0x07, 0xE0, 0x07, 0xE0, 0x03, 0xE0, 0x03, 0xE0, 0x03, 0xE0, 0x03,
    0xE0, 0x03, 0xE0, 0x03, 0xE0, 0x07, 0xE0, 0x07, 0xE0, 0x07, 0xE0, 0x07,
    0xC0, 0x07, 0xC0, 0x0F, 0xC0, 0x0F, 0xC0, 0x0F, 0x80, 0x1F, 0x80, 0x1F,
    0x00, 0x3F, 0x00, 0x3E, 0x00, 0x7E, 0x00, 0x01, 0xC0, 0x00, 0x01, 0xC0,
    0x00, 0x01, 0xC0, 0x00, 0x11, 0xC2, 0x00, 0x3F, 0xFE, 0x00, 0x3F, 0xFE,
    0x00, 0x3F, 0xFE, 0x00, 0x07, 0xF8, 0x00, 0x03, 0xF0, 0x00, 0x07, 0xF8,
    0x00, 0x0F, 0x78, 0x00, 0x0F, 0x3C, 0x00, 0x06, 0x38, 0x00, 0x00, 0x00,
    0x00, 0x00, 0x00, 0x00, 0x00, 0x00, 0x00, 0x00, 0x00, 0x00, 0x00, 0x00,
    0x00, 0x00, 0x00, 0x00, 0x00, 0x00, 0x00, 0x00, 0x00, 0x00, 0x00, 0x00,
    0x00, 0x00, 0x00, 0x00, 0x00, 0x00, 0x00, 0x00, 0x00, 0x00, 0x00, 0xF8,
    0x00, 0x00, 0xF8, 0x00, 0x00, 0xF8, 0x00, 0x00, 0xF8, 0x00, 0x00, 0xF8,
    0x00, 0x00, 0xF8, 0x00, 0x3F, 0xFF, 0xF0, 0x7F, 0xFF, 0xF0, 0x7F, 0xFF,
    0xF0, 0x7F, 0xFF, 0xF0, 0x7F, 0xFF, 0xF0, 0x00, 0xF8, 0x00, 0x00, 0xF8,
    0x00, 0x00, 0xF8, 0x00, 0x00, 0xF8, 0x00, 0x00, 0xF8, 0x00, 0x00, 0xF8,
    0x00, 0x00, 0xF8, 0x00, 0x0E, 0x00, 0x3F, 0x00, 0x3F, 0x80, 0x3F, 0x80,
    0x3F, 0x80, 0x3F, 0x80, 0x1F, 0x00, 0x0F, 0x00, 0x0F, 0x00, 0x0E, 0x00,
    0x1E, 0x00, 0x1E, 0x00, 0x1C, 0x00, 0x7F, 0xF8, 0x7F, 0xF8, 0x7F, 0xF8,
    0x7F, 0xF8, 0x7F, 0xF8, 0x00, 0x00, 0x00, 0x00, 0x00, 0x00, 0x00, 0x00,
    0x00, 0x00, 0x00, 0x00, 0x00, 0x00, 0x0E, 0x00, 0x3F, 0x00, 0x3F, 0x80,
    0x3F, 0x80, 0x3F, 0x80, 0x3F, 0x80, 0x1F, 0x00, 0x0E, 0x00, 0x00, 0x1E,
    0x00, 0x00, 0x3F, 0x00, 0x00, 0x3E, 0x00, 0x00, 0x7E, 0x00, 0x00, 0x7E,
    0x00, 0x00, 0x7C, 0x00, 0x00, 0xFC, 0x00, 0x00, 0xFC, 0x00, 0x00, 0xF8,
    0x00, 0x01, 0xF8, 0x00, 0x01, 0xF8, 0x00, 0x01, 0xF0, 0x00, 0x03, 0xF0,
    0x00, 0x03, 0xF0, 0x00, 0x03, 0xE0, 0x00, 0x07, 0xE0, 0x00, 0x07, 0xE0,
    0x00, 0x07, 0xE0, 0x00, 0x0F, 0xC0, 0x00, 0x0F, 0xC0, 0x00, 0x0F, 0xC0,
    0x00, 0x1F, 0x80, 0x00, 0x1F, 0x80, 0x00, 0x1F, 0x80, 0x00, 0x3F, 0x00,
    0x00, 0x3F, 0x00, 0x00, 0x3F, 0x00, 0x00, 0x3E, 0x00, 0x00, 0x7E, 0x00,
    0x00, 0x7E, 0x00, 0x00, 0x00, 0xFE, 0x00, 0x03, 0xFF, 0xC0, 0x07, 0xFF,
    0xE0, 0x0F, 0xFF, 0xF0, 0x1F, 0xFF, 0xF0, 0x1F, 0xC3, 0xF8, 0x3F, 0xC1,
    0xF8, 0x3F, 0xC0, 0xFC, 0x3F, 0xE0, 0xFC, 0x3F, 0xF0, 0xFC, 0x3F, 0xF8,
    0xFC, 0x3E, 0x78, 0xFC, 0x3E, 0x3C, 0xFC, 0x3E, 0x1E, 0xFC, 0x3F, 0x1F,
    0xFC, 0x3F, 0x0F, 0xFC, 0x3F, 0x07, 0xFC, 0x3F, 0x03, 0xFC, 0x3F, 0x83,
    0xF8, 0x1F, 0xC3, 0xF8, 0x1F, 0xFF, 0xF0, 0x0F, 0xFF, 0xF0, 0x07, 0xFF,
    0xE0, 0x03, 0xFF, 0xC0, 0x00, 0x7E, 0x00, 0x00, 0xF8, 0x00, 0xF8, 0x01,
    0xF8, 0x03, 0xF8, 0x3F, 0xF8, 0x3F, 0xF8, 0x3F, 0xF8, 0x3F, 0xF8, 0x3F,
    0xF8, 0x01, 0xF8, 0x01, 0xF8, 0x01, 0xF8, 0x01, 0xF8, 0x01, 0xF8, 0x01,
    0xF8, 0x01, 0xF8, 0x01, 0xF8, 0x01, 0xF8, 0x01, 0xF8, 0x01, 0xF8, 0x01,
    0xF8, 0x01, 0xF8, 0x01, 0xF8, 0x01, 0xF8, 0x01, 0xF8, 0x01, 0xFC, 0x00,
    0x07, 0xFF, 0x00, 0x0F, 0xFF, 0xC0, 0x1F, 0xFF, 0xE0, 0x3F, 0xFF, 0xE0,
    0x3F, 0x07, 0xE0, 0x0F, 0x07, 0xF0, 0x00, 0x03, 0xF0, 0x00, 0x03, 0xF0,
    0x00, 0x07, 0xE0, 0x00, 0x07, 0xE0, 0x00, 0x0F, 0xE0, 0x00, 0x1F, 0xC0,
    0x00, 0x3F, 0x80, 0x00, 0x7F, 0x00, 0x00, 0xFE, 0x00, 0x01, 0xFC, 0x00,
    0x07, 0xF8, 0x00, 0x0F, 0xF0, 0x00, 0x3F, 0xC0, 0x00, 0x7F, 0xFF, 0xF0,
    0x7F, 0xFF, 0xF0, 0x7F, 0xFF, 0xF0, 0x7F, 0xFF, 0xF0, 0x7F, 0xFF, 0xF0,
    0x01, 0xFE, 0x00, 0x07, 0xFF, 0x80, 0x1F, 0xFF, 0xC0, 0x3F, 0xFF, 0xE0,
    0x3F, 0xFF, 0xF0, 0x3F, 0x07, 0xF0, 0x06, 0x03, 0xF0, 0x00, 0x03, 0xF0,
    0x00, 0x07, 0xE0, 0x00, 0xFF, 0xE0, 0x00, 0xFF, 0xC0, 0x00, 0xFF, 0x80,
    0x00, 0xFF, 0xC0, 0x00, 0xFF, 0xE0, 0x00, 0x0F, 0xF0, 0x00, 0x07, 0xF0,
    0x00, 0x03, 0xF0, 0x00, 0x03, 0xF0, 0x1E, 0x03, 0xF0, 0x7F, 0x07, 0xF0,
    0x3F, 0xFF, 0xE0, 0x3F, 0xFF, 0xE0, 0x1F, 0xFF, 0xC0, 0x07, 0xFF, 0x00,
    0x01, 0xFC, 0x00, 0x00, 0x0F, 0xC0, 0x00, 0x1F, 0xC0, 0x00, 0x1F, 0xC0,
    0x00, 0x3F, 0xC0, 0x00, 0x7F, 0xC0, 0x00, 0xFF, 0xC0, 0x00, 0xFF, 0xC0,
    0x01, 0xFF, 0xC0, 0x03, 0xFF, 0xC0, 0x07, 0xFF, 0xC0, 0x07, 0xEF, 0xC0,
    0x0F, 0xCF, 0xC0, 0x1F, 0x8F, 0xC0, 0x1F, 0x0F, 0xC0, 0x3F, 0x0F, 0xC0,
    0x7F, 0xFF, 0xF8, 0x7F, 0xFF, 0xF8, 0x7F, 0xFF, 0xF8, 0x7F, 0xFF, 0xF8,
    0x7F, 0xFF, 0xF8, 0x00, 0x0F, 0xC0, 0x00, 0x0F, 0xC0, 0x00, 0x0F, 0xC0,
    0x00, 0x0F, 0xC0, 0x00, 0x0F, 0xC0, 0x1F, 0xFF, 0xE0, 0x1F, 0xFF, 0xE0,
    0x1F, 0xFF, 0xE0, 0x1F, 0xFF, 0xE0, 0x3F, 0xFF, 0xE0, 0x3F, 0x00, 0x00,
    0x3F, 0x00, 0x00, 0x3F, 0x3C, 0x00, 0x3F, 0xFF, 0x00, 0x3F, 0xFF, 0xC0,
    0x3F, 0xFF, 0xE0, 0x3F, 0xFF, 0xE0, 0x3F, 0x8F, 0xF0, 0x0E, 0x03, 0xF0,
    0x00, 0x03, 0xF0, 0x00, 0x03, 0xF8, 0x00, 0x03, 0xF8, 0x00, 0x03, 0xF8,
    0x0E, 0x03, 0xF0, 0x3F, 0x07, 0xF0, 0x3F, 0xFF, 0xF0, 0x1F, 0xFF, 0xE0,
    0x0F, 0xFF, 0xC0, 0x07, 0xFF, 0x00, 0x01, 0xFC, 0x00, 0x00, 0x7F, 0x00,
    0x01, 0xFF, 0xC0, 0x07, 0xFF, 0xE0, 0x07, 0xFF, 0xF0, 0x0F, 0xFF, 0xE0,
    0x1F, 0x81, 0x00, 0x1F, 0x80, 0x00, 0x1F, 0x1E, 0x00, 0x3F, 0x7F, 0x80,
    0x3F, 0xFF, 0xE0, 0x3F, 0xFF, 0xE0, 0x3F, 0xFF, 0xF0, 0x3F, 0xC7, 0xF8,
    0x3F, 0x83, 0xF8, 0x3F, 0x01, 0xF8, 0x3F, 0x01, 0xF8, 0x3F, 0x01, 0xF8,
    0x3F, 0x01, 0xF8, 0x1F, 0x81, 0xF8, 0x1F, 0x83, 0xF0, 0x0F, 0xFF, 0xF0,
    0x0F, 0xFF, 0xE0, 0x07, 0xFF, 0xC0, 0x03, 0xFF, 0x80, 0x00, 0xFE, 0x00,
    0x7F, 0xFF, 0xE0, 0x7F, 0xFF, 0xE0, 0x7F, 0xFF, 0xE0, 0x7F, 0xFF, 0xE0,
    0x7F, 0xFF, 0xE0, 0x00, 0x0F, 0xC0, 0x00, 0x0F, 0xC0, 0x00, 0x1F, 0xC0,
    0x00, 0x1F, 0x80, 0x00, 0x3F, 0x80, 0x00, 0x3F, 0x00, 0x00, 0x7F, 0x00,
    0x00, 0x7E, 0x00, 0x00, 0xFE, 0x00, 0x00, 0xFC, 0x00, 0x01, 0xFC, 0x00,
    0x01, 0xF8, 0x00, 0x03, 0xF8, 0x00, 0x03, 0xF8, 0x00, 0x07, 0xF0, 0x00,
    0x07, 0xF0, 0x00, 0x07, 0xE0, 0x00, 0x0F, 0xE0, 0x00, 0x0F, 0xC0, 0x00,
    0x1F, 0xC0, 0x00, 0x00, 0x7C, 0x00, 0x01, 0xFF, 0x00, 0x03, 0xFF, 0x80,
    0x07, 0xFF, 0x80, 0x07, 0xFF, 0xC0, 0x0F, 0xC7, 0xC0, 0x0F, 0x87, 0xC0,
    0x0F, 0x87, 0xC0, 0x0F, 0xC7, 0xC0, 0x07, 0xFF, 0xC0, 0x07, 0xFF, 0xC0,
    0x0F, 0xFF, 0xE0, 0x1F, 0xFF, 0xF0, 0x3F, 0xFF, 0xF8, 0x3F, 0x83, 0xF8,
    0x7F, 0x01, 0xF8, 0x7E, 0x01, 0xF8, 0x7E, 0x01, 0xF8, 0x7F, 0x01, 0xF8,
    0x3F, 0x83, 0xF8, 0x3F, 0xFF, 0xF0, 0x1F, 0xFF, 0xF0, 0x0F, 0xFF, 0xE0,
    0x07, 0xFF, 0x80, 0x00, 0xFE, 0x00, 0x01, 0xF8, 0x00, 0x07, 0xFE, 0x00,
    0x0F, 0xFF, 0x00, 0x1F, 0xFF, 0x80, 0x3F, 0xFF, 0x80, 0x3F, 0x0F, 0xC0,
    0x7E, 0x07, 0xC0, 0x7E, 0x07, 0xE0, 0x7C, 0x03, 0xE0, 0x7C, 0x03, 0xE0,
    0x7E, 0x07, 0xE0, 0x3E, 0x07, 0xC0, 0x3F, 0x0F, 0xC0, 0x3F, 0xFF, 0xC0,
    0x1F, 0xFF, 0x80, 0x0F, 0xFF, 0x80, 0x07, 0xFF, 0x00, 0x00, 0xFF, 0x00,
    0x00, 0x7E, 0x00, 0x00, 0x7E, 0x00, 0x00, 0xFC, 0x00, 0x00, 0xFC, 0x00,
    0x01, 0xF8, 0x00, 0x01, 0xF8, 0x00, 0x03, 0xF0, 0x00, 0x0E, 0x00, 0x3F,
    0x00, 0x3F, 0x80, 0x3F, 0x80, 0x3F, 0x80, 0x3F, 0x80, 0x1F, 0x00, 0x0E,
    0x00, 0x00, 0x00, 0x00, 0x00, 0x00, 0x00, 0x0E, 0x00, 0x3F, 0x00, 0x3F,
    0x80, 0x3F, 0x80, 0x3F, 0x80, 0x3F, 0x80, 0x1F, 0x00, 0x0E, 0x00, 0x0E,
    0x00, 0x3F, 0x00, 0x3F, 0x80, 0x3F, 0x80, 0x3F, 0x80, 0x3F, 0x80, 0x1F,
    0x00, 0x0E, 0x00, 0x00, 0x00, 0x00, 0x00, 0x00, 0x00, 0x0E, 0x00, 0x3F,
    0x00, 0x3F, 0x80, 0x3F, 0x80, 0x3F, 0x80, 0x3F, 0x80, 0x1F, 0x00, 0x0F,
    0x00, 0x0F, 0x00, 0x0E, 0x00, 0x1E, 0x00, 0x1E, 0x00, 0x1C, 0x00, 0x00,
    0x00, 0x00, 0x00, 0x00, 0x60, 0x00, 0x01, 0xE0, 0x00, 0x0F, 0xE0, 0x00,
    0x3F, 0xE0, 0x00, 0xFF, 0xE0, 0x07, 0xFF, 0xC0, 0x1F, 0xFE, 0x00, 0x7F,
    0xF0, 0x00, 0x7F, 0x80, 0x00, 0x7F, 0x80, 0x00, 0x7F, 0xF0, 0x00, 0x1F,
    0xFE, 0x00, 0x07, 0xFF, 0xC0, 0x00, 0xFF, 0xE0, 0x00, 0x3F, 0xE0, 0x00,
    0x0F, 0xE0, 0x00, 0x01, 0xE0, 0x00, 0x00, 0x60, 0x00, 0x00, 0x00, 0x3F,
    0xFF, 0xF0, 0x3F, 0xFF, 0xF0, 0x3F, 0xFF, 0xF0, 0x3F, 0xFF, 0xF0, 0x3F,
    0xFF, 0xF0, 0x00, 0x00, 0x00, 0x00, 0x00, 0x00, 0x3F, 0xFF, 0xF0, 0x3F,
    0xFF, 0xF0, 0x3F, 0xFF, 0xF0, 0x3F, 0xFF, 0xF0, 0x3F, 0xFF, 0xF0, 0x00,
    0x00, 0x00, 0x00, 0x00, 0x00, 0x00, 0x00, 0x00, 0x00, 0x00, 0x00, 0x70,
    0x00, 0x00, 0x7C, 0x00, 0x00, 0x7F, 0x00, 0x00, 0x7F, 0xE0, 0x00, 0x7F,
    0xF8, 0x00, 0x1F, 0xFE, 0x00, 0x03, 0xFF, 0xC0, 0x00, 0x7F, 0xE0, 0x00,
    0x1F, 0xE0, 0x00, 0x1F, 0xE0, 0x00, 0x7F, 0xE0, 0x03, 0xFF, 0xC0, 0x1F,
    0xFF, 0x00, 0x7F, 0xF8, 0x00, 0x7F, 0xE0, 0x00, 0x7F, 0x00, 0x00, 0x7C,
    0x00, 0x00, 0x70, 0x00, 0x00, 0x00, 0x00, 0x00, 0x01, 0xFC, 0x00, 0x0F,
    0xFF, 0x80, 0x1F, 0xFF, 0xC0, 0x3F, 0xFF, 0xE0, 0x7F, 0xFF, 0xF0, 0x7E,
    0x07, 0xF0, 0x0C, 0x03, 0xF0, 0x00, 0x07, 0xF0, 0x00, 0x1F, 0xE0, 0x00,
    0x7F, 0xE0, 0x01, 0xFF, 0xC0, 0x01, 0xFF, 0x00, 0x03, 0xFC, 0x00, 0x03,
    0xF0, 0x00, 0x03, 0xF0, 0x00, 0x00, 0x00, 0x00, 0x00, 0x00, 0x00, 0x01,
    0xE0, 0x00, 0x03, 0xF0, 0x00, 0x07, 0xF0, 0x00, 0x07, 0xF8, 0x00, 0x07,
    0xF8, 0x00, 0x07, 0xF0, 0x00, 0x03, 0xF0, 0x00, 0x01, 0xE0, 0x00, 0x00,
    0x1F, 0x80, 0x00, 0x00, 0x7F, 0xF0, 0x00, 0x01, 0xFF, 0xFC, 0x00, 0x03,
    0xE0, 0x3E, 0x00, 0x07, 0x80, 0x0F, 0x00, 0x0F, 0x00, 0x07, 0x80, 0x1E,
    0x00, 0x03, 0xC0, 0x1C, 0x0F, 0xC1, 0xC0, 0x38, 0x3F, 0xE1, 0xE0, 0x38,
    0x7F, 0xE0, 0xE0, 0x78, 0xF8, 0xE0, 0xE0, 0x70, 0xF0, 0xE0, 0xE0, 0x71,
    0xE0, 0xE0, 0xE0, 0x71, 0xE0, 0xE0, 0xE0, 0x71, 0xF1, 0xE0, 0xE0, 0x70,
    0xF1, 0xE0, 0xE0, 0x78, 0xFF, 0xF1, 0xC0, 0x38, 0xFF, 0xFF, 0xC0, 0x38,
    0x7F, 0x3F, 0x80, 0x3C, 0x1E, 0x1E, 0x00, 0x1E, 0x00, 0x00, 0x00, 0x1F,
    0x00, 0x00, 0x00, 0x0F, 0x80, 0x00, 0x00, 0x07, 0xE0, 0x20, 0x00, 0x03,
    0xFF, 0xE0, 0x00, 0x00, 0xFF, 0xE0, 0x00, 0x00, 0x1F, 0xC0, 0x00, 0x00,
    0x7F, 0x00, 0x00, 0x00, 0x7F, 0x80, 0x00, 0x00, 0xFF, 0x80, 0x00, 0x00,
    0xFF, 0x80, 0x00, 0x00, 0xFF, 0xC0, 0x00, 0x01, 0xFF, 0xC0, 0x00, 0x01,
    0xFF, 0xC0, 0x00, 0x01, 0xFF, 0xE0, 0x00, 0x03, 0xF7, 0xE0, 0x00, 0x03,
    0xF7, 0xE0, 0x00, 0x07, 0xE3, 0xF0, 0x00, 0x07, 0xE3, 0xF0, 0x00, 0x07,
    0xE3, 0xF8, 0x00, 0x0F, 0xE1, 0xF8, 0x00, 0x0F, 0xC1, 0xF8, 0x00, 0x0F,
    0xC1, 0xFC, 0x00, 0x1F, 0xFF, 0xFC, 0x00, 0x1F, 0xFF, 0xFC, 0x00, 0x1F,
    0xFF, 0xFE, 0x00, 0x3F, 0xFF, 0xFE, 0x00, 0x3F, 0xFF, 0xFE, 0x00, 0x7F,
    0x00, 0x7F, 0x00, 0x7F, 0x00, 0x3F, 0x00, 0x7E, 0x00, 0x3F, 0x80, 0xFE,
    0x00, 0x3F, 0x80, 0x3F, 0xFF, 0x80, 0x3F, 0xFF, 0xE0, 0x3F, 0xFF, 0xF8,
    0x3F, 0xFF, 0xF8, 0x3F, 0xFF, 0xFC, 0x3F, 0x01, 0xFC, 0x3F, 0x00, 0xFC,
    0x3F, 0x00, 0xFC, 0x3F, 0x01, 0xFC, 0x3F, 0x01, 0xF8, 0x3F, 0xFF, 0xF8,
    0x3F, 0xFF, 0xE0, 0x3F, 0xFF, 0xF0, 0x3F, 0xFF, 0xF8, 0x3F, 0xFF, 0xFC,
    0x3F, 0x00, 0xFE, 0x3F, 0x00, 0xFE, 0x3F, 0x00, 0x7E, 0x3F, 0x00, 0xFE,
    0x3F, 0x00, 0xFE, 0x3F, 0xFF, 0xFE, 0x3F, 0xFF, 0xFC, 0x3F, 0xFF, 0xF8,
    0x3F, 0xFF, 0xF0, 0x3F, 0xFF, 0x80, 0x00, 0x7F, 0x80, 0x01, 0xFF, 0xE0,
    0x07, 0xFF, 0xF8, 0x0F, 0xFF, 0xFC, 0x1F, 0xFF, 0xFE, 0x1F, 0xE0, 0xFE,
    0x3F, 0x80, 0x70, 0x3F, 0x80, 0x00, 0x3F, 0x00, 0x00, 0x7F, 0x00, 0x00,
    0x7F, 0x00, 0x00, 0x7F, 0x00, 0x00, 0x7F, 0x00, 0x00, 0x7F, 0x00, 0x00,
    0x7F, 0x00, 0x00, 0x7F, 0x00, 0x00, 0x7F, 0x00, 0x00, 0x3F, 0x80, 0x00,
    0x3F, 0x80, 0x30, 0x1F, 0xE0, 0xFE, 0x1F, 0xFF, 0xFE, 0x0F, 0xFF, 0xFC,
    0x07, 0xFF, 0xF8, 0x01, 0xFF, 0xE0, 0x00, 0x7F, 0x80, 0x3F, 0xFE, 0x00,
    0x00, 0x3F, 0xFF, 0xC0, 0x00, 0x3F, 0xFF, 0xF0, 0x00, 0x3F, 0xFF, 0xF8,
    0x00, 0x3F, 0xFF, 0xFC, 0x00, 0x3F, 0x01, 0xFE, 0x00, 0x3F, 0x00, 0xFE,
    0x00, 0x3F, 0x00, 0x7E, 0x00, 0x3F, 0x00, 0x7F, 0x00, 0x3F, 0x00, 0x3F,
    0x00, 0x3F, 0x00, 0x3F, 0x00, 0x3F, 0x00, 0x3F, 0x00, 0x3F, 0x00, 0x3F,
    0x00, 0x3F, 0x00, 0x3F, 0x00, 0x3F, 0x00, 0x3F, 0x00, 0x3F, 0x00, 0x3F,
    0x00, 0x3F, 0x00, 0x7F, 0x00, 0x3F, 0x00, 0x7E, 0x00, 0x3F, 0x00, 0xFE,
    0x00, 0x3F, 0x03, 0xFE, 0x00, 0x3F, 0xFF, 0xFC, 0x00, 0x3F, 0xFF, 0xF8,
    0x00, 0x3F, 0xFF, 0xF0, 0x00, 0x3F, 0xFF, 0xC0, 0x00, 0x3F, 0xFE, 0x00,
    0x00, 0x3F, 0xFF, 0xF8, 0x3F, 0xFF, 0xF8, 0x3F, 0xFF, 0xF8, 0x3F, 0xFF,
    0xF8, 0x3F, 0xFF, 0xF8, 0x3F, 0xFF, 0xF8, 0x3F, 0x00, 0x00, 0x3F, 0x00,
    0x00, 0x3F, 0x00, 0x00, 0x3F, 0xFF, 0x00, 0x3F, 0xFF, 0x00, 0x3F, 0xFF,
    0x00, 0x3F, 0xFF, 0x00, 0x3F, 0xFF, 0x00, 0x3F, 0xFF, 0x00, 0x3F, 0x00,
    0x00, 0x3F, 0x00, 0x00, 0x3F, 0x00, 0x00, 0x3F, 0x00, 0x00, 0x3F, 0xFF,
    0xF8, 0x3F, 0xFF, 0xF8, 0x3F, 0xFF, 0xF8, 0x3F, 0xFF, 0xF8, 0x3F, 0xFF,
    0xF8, 0x3F, 0xFF, 0xF8, 0x3F, 0xFF, 0xE0, 0x3F, 0xFF, 0xE0, 0x3F, 0xFF,
    0xE0, 0x3F, 0xFF, 0xE0, 0x3F, 0xFF, 0xE0, 0x3F, 0xFF, 0xE0, 0x3F, 0x00,
    0x00, 0x3F, 0x00, 0x00, 0x3F, 0x00, 0x00, 0x3F, 0x00, 0x00, 0x3F, 0x00,
    0x00, 0x3F, 0xFF, 0xE0, 0x3F, 0xFF, 0xE0, 0x3F, 0xFF, 0xE0, 0x3F, 0xFF,
    0xE0, 0x3F, 0xFF, 0xE0, 0x3F, 0xFF, 0xE0, 0x3F, 0x00, 0x00, 0x3F, 0x00,
    0x00, 0x3F, 0x00, 0x00, 0x3F, 0x00, 0x00, 0x3F, 0x00, 0x00, 0x3F, 0x00,
    0x00, 0x3F, 0x00, 0x00, 0x3F, 0x00, 0x00, 0x00, 0x3F, 0x80, 0x00, 0x01,
    0xFF, 0xF0, 0x00, 0x03, 0xFF, 0xFC, 0x00, 0x0F, 0xFF, 0xFE, 0x00, 0x1F,
    0xFF, 0xFE, 0x00, 0x1F, 0xE0, 0x7C, 0x00, 0x3F, 0x80, 0x20, 0x00, 0x3F,
    0x80, 0x00, 0x00, 0x3F, 0x00, 0x00, 0x00, 0x7F, 0x00, 0x00, 0x00, 0x7F,
    0x03, 0xFF, 0x00, 0x7F, 0x07, 0xFF, 0x80, 0x7F, 0x07, 0xFF, 0x80, 0x7F,
    0x07, 0xFF, 0x80, 0x7F, 0x07, 0xFF, 0x80, 0x7F, 0x00, 0x1F, 0x80, 0x7F,
    0x00, 0x3F, 0x80, 0x3F, 0x80, 0x3F, 0x80, 0x3F, 0x80, 0x3F, 0x80, 0x1F,
    0xE0, 0x7F, 0x80, 0x1F, 0xFF, 0xFF, 0x80, 0x0F, 0xFF, 0xFF, 0x80, 0x07,
    0xFF, 0xFF, 0x80, 0x03, 0xFF, 0xEF, 0x80, 0x00, 0x7F, 0x07, 0x80, 0x3F,
    0x00, 0x7F, 0x00, 0x3F, 0x00, 0x7F, 0x00, 0x3F, 0x00, 0x7F, 0x00, 0x3F,
    0x00, 0x7F, 0x00, 0x3F, 0x00, 0x7F, 0x00, 0x3F, 0x00, 0x7F, 0x00, 0x3F,
    0x00, 0x7F, 0x00, 0x3F, 0x00, 0x7F, 0x00, 0x3F, 0x00, 0x7F, 0x00, 0x3F,
    0xFF, 0xFF, 0x00, 0x3F, 0xFF, 0xFF, 0x00, 0x3F, 0xFF, 0xFF, 0x00, 0x3F,
    0xFF, 0xFF, 0x00, 0x3F, 0xFF, 0xFF, 0x00, 0x3F, 0xFF, 0xFF, 0x00, 0x3F,
    0x00, 0x7F, 0x00, 0x3F, 0x00, 0x7F, 0x00, 0x3F, 0x00, 0x7F, 0x00, 0x3F,
    0x00, 0x7F, 0x00, 0x3F, 0x00, 0x7F, 0x00, 0x3F, 0x00, 0x7F, 0x00, 0x3F,
    0x00, 0x7F, 0x00, 0x3F, 0x00, 0x7F, 0x00, 0x3F, 0x00, 0x7F, 0x00, 0x3F,
    0x00, 0x7F, 0x00, 0x7F, 0xFC, 0x7F, 0xFC, 0x7F, 0xFC, 0x7F, 0xFC, 0x3F,
    0xFC, 0x07, 0xE0, 0x07, 0xE0, 0x07, 0xE0, 0x07, 0xE0, 0x07, 0xE0, 0x07,
    0xE0, 0x07, 0xE0, 0x07, 0xE0, 0x07, 0xE0, 0x07, 0xE0, 0x07, 0xE0, 0x07,
    0xE0, 0x07, 0xE0, 0x07, 0xE0, 0x07, 0xE0, 0x3F, 0xFC, 0x7F, 0xFC, 0x7F,
    0xFC, 0x7F, 0xFC, 0x7F, 0xFC, 0x00, 0x07, 0xE0, 0x00, 0x07, 0xE0, 0x00,
    0x07, 0xE0, 0x00, 0x07, 0xE0, 0x00, 0x07, 0xE0, 0x00, 0x07, 0xE0, 0x00,
    0x07, 0xE0, 0x00, 0x07, 0xE0, 0x00, 0x07, 0xE0, 0x00, 0x07, 0xE0, 0x00,
    0x07, 0xE0, 0x00, 0x07, 0xE0, 0x00, 0x07, 0xE0, 0x00, 0x07, 0xE0, 0x00,
    0x07, 0xE0, 0x00, 0x07, 0xE0, 0x04, 0x07, 0xE0, 0x1C, 0x07, 0xE0, 0xFE,
    0x0F, 0xE0, 0xFE, 0x0F, 0xC0, 0x7F, 0xFF, 0xC0, 0x3F, 0xFF, 0x80, 0x1F,
    0xFF, 0x00, 0x0F, 0xFE, 0x00, 0x03, 0xF8, 0x00, 0x3F, 0x00, 0xFE, 0x00,
    0x3F, 0x01, 0xFC, 0x00, 0x3F, 0x03, 0xFC, 0x00, 0x3F, 0x07, 0xF8, 0x00,
    0x3F, 0x0F, 0xF0, 0x00, 0x3F, 0x0F, 0xE0, 0x00, 0x3F, 0x1F, 0xC0, 0x00,
    0x3F, 0x3F, 0x80, 0x00, 0x3F, 0x7F, 0x00, 0x00, 0x3F, 0xFE, 0x00, 0x00,
    0x3F, 0xFE, 0x00, 0x00, 0x3F, 0xFE, 0x00, 0x00, 0x3F, 0xFE, 0x00, 0x00,
    0x3F, 0xFF, 0x00, 0x00, 0x3F, 0xFF, 0x80, 0x00, 0x3F, 0xFF, 0x80, 0x00,
    0x3F, 0x9F, 0xC0, 0x00, 0x3F, 0x0F, 0xE0, 0x00, 0x3F, 0x07, 0xF0, 0x00,
    0x3F, 0x07, 0xF0, 0x00, 0x3F, 0x03, 0xF8, 0x00, 0x3F, 0x01, 0xFC, 0x00,
    0x3F, 0x01, 0xFC, 0x00, 0x3F, 0x00, 0xFE, 0x00, 0x3F, 0x00, 0x7F, 0x00,
    0x3F, 0x00, 0x00, 0x3F, 0x00, 0x00, 0x3F, 0x00, 0x00, 0x3F, 0x00, 0x00,
    0x3F, 0x00, 0x00, 0x3F, 0x00, 0x00, 0x3F, 0x00, 0x00, 0x3F, 0x00, 0x00,
    0x3F, 0x00, 0x00, 0x3F, 0x00, 0x00, 0x3F, 0x00, 0x00, 0x3F, 0x00, 0x00,
    0x3F, 0x00, 0x00, 0x3F, 0x00, 0x00, 0x3F, 0x00, 0x00, 0x3F, 0x00, 0x00,
    0x3F, 0x00, 0x00, 0x3F, 0x00, 0x00, 0x3F, 0x00, 0x00, 0x3F, 0xFF, 0xE0,
    0x3F, 0xFF, 0xE0, 0x3F, 0xFF, 0xE0, 0x3F, 0xFF, 0xE0, 0x3F, 0xFF, 0xE0,
    0x3F, 0xFF, 0xE0, 0x3F, 0xE0, 0x0F, 0xFC, 0x3F, 0xE0, 0x0F, 0xFC, 0x3F,
    0xF0, 0x0F, 0xFC, 0x3F, 0xF0, 0x0F, 0xFC, 0x3F, 0xF0, 0x1F, 0xFC, 0x3F,
    0xF8, 0x1F, 0xFC, 0x3F, 0xF8, 0x1F, 0xFC, 0x3F, 0xF8, 0x1F, 0xFC, 0x3F,
    0x78, 0x3E, 0xFC, 0x3F, 0x7C, 0x3E, 0xFC, 0x3F, 0x7C, 0x3C, 0xFC, 0x3F,
    0x7C, 0x7C, 0xFC, 0x3F, 0x3C, 0x7C, 0xFC, 0x3F, 0x3E, 0x7C, 0xFC, 0x3F,
    0x3E, 0x78, 0xFC, 0x3F, 0x1E, 0xF8, 0xFC, 0x3F, 0x1F, 0xF8, 0xFC, 0x3F,
    0x1F, 0xF0, 0xFC, 0x3F, 0x1F, 0xF0, 0xFC, 0x3F, 0x0F, 0xF0, 0xFC, 0x3F,
    0x0F, 0xF0, 0xFC, 0x3F, 0x0F, 0xE0, 0xFC, 0x3F, 0x07, 0xE0, 0xFC, 0x3F,
    0x07, 0xE0, 0xFC, 0x3F, 0x07, 0xC0, 0xFC, 0x3F, 0xC0, 0x1F, 0x00, 0x3F,
    0xC0, 0x1F, 0x00, 0x3F, 0xE0, 0x1F, 0x00, 0x3F, 0xE0, 0x1F, 0x00, 0x3F,
    0xF0, 0x1F, 0x00, 0x3F, 0xF0, 0x1F, 0x00, 0x3F, 0xF8, 0x1F, 0x00, 0x3F,
    0xF8, 0x1F, 0x00, 0x3F, 0xFC, 0x1F, 0x00, 0x3F, 0x7E, 0x1F, 0x00, 0x3F,
    0x7E, 0x1F, 0x00, 0x3F, 0x3F, 0x1F, 0x00, 0x3F, 0x3F, 0x1F, 0x00, 0x3F,
    0x1F, 0x9F, 0x00, 0x3F, 0x1F, 0x9F, 0x00, 0x3F, 0x0F, 0xDF, 0x00, 0x3F,
    0x0F, 0xFF, 0x00, 0x3F, 0x07, 0xFF, 0x00, 0x3F, 0x07, 0xFF, 0x00, 0x3F,
    0x03, 0xFF, 0x00, 0x3F, 0x03, 0xFF, 0x00, 0x3F, 0x01, 0xFF, 0x00, 0x3F,
    0x01, 0xFF, 0x00, 0x3F, 0x00, 0xFF, 0x00, 0x3F, 0x00, 0x7F, 0x00, 0x00,
    0x3F, 0x80, 0x00, 0x01, 0xFF, 0xF0, 0x00, 0x03, 0xFF, 0xFC, 0x00, 0x0F,
    0xFF, 0xFE, 0x00, 0x0F, 0xFF, 0xFF, 0x00, 0x1F, 0xE0, 0xFF, 0x00, 0x3F,
    0xC0, 0x3F, 0x80, 0x3F, 0x80, 0x3F, 0x80, 0x3F, 0x00, 0x1F, 0xC0, 0x7F,
    0x00, 0x1F, 0xC0, 0x7F, 0x00, 0x1F, 0xC0, 0x7F, 0x00, 0x0F, 0xC0, 0x7F,
    0x00, 0x0F, 0xC0, 0x7F, 0x00, 0x0F, 0xC0, 0x7F, 0x00, 0x1F, 0xC0, 0x7F,
    0x00, 0x1F, 0xC0, 0x3F, 0x00, 0x1F, 0xC0, 0x3F, 0x80, 0x3F, 0x80, 0x3F,
    0xC0, 0x3F, 0x80, 0x1F, 0xE0, 0xFF, 0x00, 0x0F, 0xFF, 0xFF, 0x00, 0x0F,
    0xFF, 0xFE, 0x00, 0x03, 0xFF, 0xFC, 0x00, 0x01, 0xFF, 0xF0, 0x00, 0x00,
    0x3F, 0x80, 0x00, 0x3F, 0xFF, 0x00, 0x3F, 0xFF, 0xE0, 0x3F, 0xFF, 0xF0,
    0x3F, 0xFF, 0xF8, 0x3F, 0xFF, 0xFC, 0x3F, 0x01, 0xFC, 0x3F, 0x00, 0xFC,
    0x3F, 0x00, 0xFE, 0x3F, 0x00, 0xFE, 0x3F, 0x00, 0xFE, 0x3F, 0x00, 0xFC,
    0x3F, 0x01, 0xFC, 0x3F, 0xFF, 0xFC, 0x3F, 0xFF, 0xF8, 0x3F, 0xFF, 0xF0,
    0x3F, 0xFF, 0xE0, 0x3F, 0xFF, 0x00, 0x3F, 0x00, 0x00, 0x3F, 0x00, 0x00,
    0x3F, 0x00, 0x00, 0x3F, 0x00, 0x00, 0x3F, 0x00, 0x00, 0x3F, 0x00, 0x00,
    0x3F, 0x00, 0x00, 0x3F, 0x00, 0x00, 0x00, 0x3F, 0x80, 0x00, 0x01, 0xFF,
    0xF0, 0x00, 0x03, 0xFF, 0xFC, 0x00, 0x0F, 0xFF, 0xFE, 0x00, 0x0F, 0xFF,
    0xFF, 0x00, 0x1F, 0xE0, 0xFF, 0x00, 0x3F, 0xC0, 0x3F, 0x80, 0x3F, 0x80,
    0x3F, 0x80, 0x3F, 0x00, 0x1F, 0xC0, 0x7F, 0x00, 0x1F, 0xC0, 0x7F, 0x00,
    0x1F, 0xC0, 0x7F, 0x01, 0x0F, 0xC0, 0x7F, 0x03, 0x8F, 0xC0, 0x7F, 0x07,
    0xCF, 0xC0, 0x7F, 0x0F, 0xFF, 0xC0, 0x7F, 0x07, 0xFF, 0xC0, 0x3F, 0x03,
    0xFF, 0xC0, 0x3F, 0x81, 0xFF, 0x80, 0x3F, 0xC0, 0xFF, 0x80, 0x1F, 0xE0,
    0xFF, 0x80, 0x0F, 0xFF, 0xFF, 0x80, 0x0F, 0xFF, 0xFF, 0xC0, 0x03, 0xFF,
    0xFF, 0xE0, 0x01, 0xFF, 0xF7, 0xF0, 0x00, 0x3F, 0xC3, 0xE0, 0x00, 0x00,
    0x00, 0xC0, 0x00, 0x00, 0x00, 0x00, 0x3F, 0xFF, 0x80, 0x3F, 0xFF, 0xE0,
    0x3F, 0xFF, 0xF0, 0x3F, 0xFF, 0xF8, 0x3F, 0xFF, 0xFC, 0x3F, 0x01, 0xFC,
    0x3F, 0x00, 0xFC, 0x3F, 0x00, 0xFE, 0x3F, 0x00, 0xFE, 0x3F, 0x00, 0xFC,
    0x3F, 0x01, 0xFC, 0x3F, 0xFF, 0xFC, 0x3F, 0xFF, 0xF8, 0x3F, 0xFF, 0xF0,
    0x3F, 0xFF, 0xE0, 0x3F, 0xFF, 0x80, 0x3F, 0x1F, 0xC0, 0x3F, 0x0F, 0xC0,
    0x3F, 0x0F, 0xE0, 0x3F, 0x07, 0xF0, 0x3F, 0x03, 0xF8, 0x3F, 0x03, 0xF8,
    0x3F, 0x01, 0xFC, 0x3F, 0x00, 0xFE, 0x3F, 0x00, 0xFE, 0x00, 0xFE, 0x00,
    0x07, 0xFF, 0xC0, 0x0F, 0xFF, 0xE0, 0x1F, 0xFF, 0xF0, 0x3F, 0xFF, 0xF8,
    0x3F, 0x03, 0xF0, 0x7E, 0x01, 0xC0, 0x7F, 0x00, 0x00, 0x7F, 0x80, 0x00,
    0x3F, 0xF0, 0x00, 0x3F, 0xFF, 0x00, 0x1F, 0xFF, 0xC0, 0x0F, 0xFF, 0xF0,
    0x07, 0xFF, 0xF8, 0x00, 0xFF, 0xF8, 0x00, 0x07, 0xF8, 0x00, 0x01, 0xF8,
    0x06, 0x01, 0xF8, 0x3E, 0x01, 0xF8, 0x7F, 0x01, 0xF8, 0x7F, 0xFF, 0xF8,
    0x3F, 0xFF, 0xF0, 0x1F, 0xFF, 0xE0, 0x07, 0xFF, 0x80, 0x01, 0xFE, 0x00,
    0x7F, 0xFF, 0xFC, 0x7F, 0xFF, 0xFC, 0x7F, 0xFF, 0xFC, 0x7F, 0xFF, 0xFC,
    0x7F, 0xFF, 0xFC, 0x7F, 0xFF, 0xFC, 0x00, 0xFC, 0x00, 0x00, 0xFC, 0x00,
    0x00, 0xFC, 0x00, 0x00, 0xFC, 0x00, 0x00, 0xFC, 0x00, 0x00, 0xFC, 0x00,
    0x00, 0xFC, 0x00, 0x00, 0xFC, 0x00, 0x00, 0xFC, 0x00, 0x00, 0xFC, 0x00,
    0x00, 0xFC, 0x00, 0x00, 0xFC, 0x00, 0x00, 0xFC, 0x00, 0x00, 0xFC, 0x00,
    0x00, 0xFC, 0x00, 0x00, 0xFC, 0x00, 0x00, 0xFC, 0x00, 0x00, 0xFC, 0x00,
    0x00, 0xFC, 0x00, 0x3F, 0x00, 0x7E, 0x00, 0x3F, 0x00, 0x7E, 0x00, 0x3F,
    0x00, 0x7E, 0x00, 0x3F, 0x00, 0x7E, 0x00, 0x3F, 0x00, 0x7E, 0x00, 0x3F,
    0x00, 0x7E, 0x00, 0x3F, 0x00, 0x7E, 0x00, 0x3F, 0x00, 0x7E, 0x00, 0x3F,
    0x00, 0x7E, 0x00, 0x3F, 0x00, 0x7E, 0x00, 0x3F, 0x00, 0x7E, 0x00, 0x3F,
    0x00, 0x7E, 0x00, 0x3F, 0x00, 0x7E, 0x00, 0x3F, 0x00, 0x7E, 0x00, 0x3F,
    0x00, 0x7E, 0x00, 0x3F, 0x00, 0x7E, 0x00, 0x3F, 0x00, 0x7E, 0x00, 0x3F,
    0x00, 0xFE, 0x00, 0x3F, 0x80, 0xFC, 0x00, 0x1F, 0xC1, 0xFC, 0x00, 0x1F,
    0xFF, 0xFC, 0x00, 0x0F, 0xFF, 0xF8, 0x00, 0x07, 0xFF, 0xF0, 0x00, 0x03,
    0xFF, 0xE0, 0x00, 0x00, 0xFF, 0x00, 0x00, 0x7E, 0x00, 0x7F, 0x7E, 0x00,
    0x7E, 0x7E, 0x00, 0x7E, 0x7F, 0x00, 0xFE, 0x3F, 0x00, 0xFC, 0x3F, 0x00,
    0xFC, 0x3F, 0x81, 0xFC, 0x1F, 0x81, 0xF8, 0x1F, 0x81, 0xF8, 0x1F, 0x81,
    0xF8, 0x0F, 0xC3, 0xF0, 0x0F, 0xC3, 0xF0, 0x0F, 0xC3, 0xF0, 0x07, 0xE7,
    0xE0, 0x07, 0xE7, 0xE0, 0x07, 0xE7, 0xE0, 0x03, 0xFF, 0xC0, 0x03, 0xFF,
    0xC0, 0x03, 0xFF, 0xC0, 0x01, 0xFF, 0x80, 0x01, 0xFF, 0x80, 0x01, 0xFF,
    0x80, 0x00, 0xFF, 0x00, 0x00, 0xFF, 0x00, 0x00, 0xFF, 0x00, 0x7E, 0x07,
    0xE0, 0x3F, 0x7E, 0x07, 0xF0, 0x3F, 0x7E, 0x07, 0xF0, 0x7E, 0x7E, 0x0F,
    0xF0, 0x7E, 0x3E, 0x0F, 0xF0, 0x7E, 0x3F, 0x0F, 0xF0, 0x7E, 0x3F, 0x0F,
    0xF8, 0x7C, 0x3F, 0x0F, 0xF8, 0xFC, 0x3F, 0x1F, 0xF8, 0xFC, 0x1F, 0x1F,
    0xF8, 0xFC, 0x1F, 0x9F, 0x78, 0xF8, 0x1F, 0x9F, 0x7C, 0xF8, 0x1F, 0x9E,
    0x7C, 0xF8, 0x0F, 0xBE, 0x7D, 0xF8, 0x0F, 0xBE, 0x3D, 0xF8, 0x0F, 0xFE,
    0x3F, 0xF0, 0x0F, 0xFC, 0x3F, 0xF0, 0x07, 0xFC, 0x3F, 0xF0, 0x07, 0xFC,
    0x3F, 0xF0, 0x07, 0xFC, 0x1F, 0xE0, 0x07, 0xFC, 0x1F, 0xE0, 0x07, 0xF8,
    0x1F, 0xE0, 0x03, 0xF8, 0x1F, 0xE0, 0x03, 0xF8, 0x1F, 0xC0, 0x03, 0xF8,
    0x0F, 0xC0, 0x7F, 0x80, 0x7F, 0x00, 0x3F, 0x80, 0xFF, 0x00, 0x1F, 0xC0,
    0xFE, 0x00, 0x1F, 0xE1, 0xFC, 0x00, 0x0F, 0xE3, 0xFC, 0x00, 0x07, 0xF3,
    0xF8, 0x00, 0x07, 0xFF, 0xF0, 0x00, 0x03, 0xFF, 0xF0, 0x00, 0x01, 0xFF,
    0xE0, 0x00, 0x01, 0xFF, 0xC0, 0x00, 0x00, 0xFF, 0xC0, 0x00, 0x00, 0x7F,
    0x80, 0x00, 0x00, 0x7F, 0x80, 0x00, 0x00, 0xFF, 0x80, 0x00, 0x00, 0xFF,
    0xC0, 0x00, 0x01, 0xFF, 0xE0, 0x00, 0x03, 0xFF, 0xE0, 0x00, 0x03, 0xFF,
    0xF0, 0x00, 0x07, 0xF7, 0xF8, 0x00, 0x0F, 0xE3, 0xFC, 0x00, 0x1F, 0xE1,
    0xFC, 0x00, 0x1F, 0xC0, 0xFE, 0x00, 0x3F, 0x80, 0xFF, 0x00, 0x7F, 0x80,
    0x7F, 0x00, 0x7F, 0x00, 0x3F, 0x80, 0xFE, 0x00, 0x7F, 0x00, 0x7F, 0x00,
    0x7F, 0x00, 0x3F, 0x80, 0xFE, 0x00, 0x3F, 0x81, 0xFE, 0x00, 0x1F, 0xC1,
    0xFC, 0x00, 0x1F, 0xC3, 0xF8, 0x00, 0x0F, 0xE3, 0xF8, 0x00, 0x07, 0xE7,
    0xF0, 0x00, 0x07, 0xF7, 0xE0, 0x00, 0x03, 0xFF, 0xE0, 0x00, 0x03, 0xFF,
    0xC0, 0x00, 0x01, 0xFF, 0xC0, 0x00, 0x00, 0xFF, 0x80, 0x00, 0x00, 0xFF,
    0x00, 0x00, 0x00, 0x7F, 0x00, 0x00, 0x00, 0x7E, 0x00, 0x00, 0x00, 0x7E,
    0x00, 0x00, 0x00, 0x7E, 0x00, 0x00, 0x00, 0x7E, 0x00, 0x00, 0x00, 0x7E,
    0x00, 0x00, 0x00, 0x7E, 0x00, 0x00, 0x00, 0x7E, 0x00, 0x00, 0x00, 0x7E,
    0x00, 0x00, 0x00, 0x7E, 0x00, 0x00, 0x00, 0x7E, 0x00, 0x00, 0x3F, 0xFF,
    0xF8, 0x3F, 0xFF, 0xF8, 0x3F, 0xFF, 0xF8, 0x3F, 0xFF, 0xF8, 0x3F, 0xFF,
    0xF8, 0x3F, 0xFF, 0xF8, 0x00, 0x0F, 0xF0, 0x00, 0x0F, 0xE0, 0x00, 0x1F,
    0xC0, 0x00, 0x3F, 0x80, 0x00, 0x7F, 0x00, 0x00, 0xFF, 0x00, 0x01, 0xFE,
    0x00, 0x01, 0xFC, 0x00, 0x03, 0xF8, 0x00, 0x07, 0xF0, 0x00, 0x0F, 0xE0,
    0x00, 0x1F, 0xC0, 0x00, 0x3F, 0xC0, 0x00, 0x7F, 0xFF, 0xF8, 0x7F, 0xFF,
    0xF8, 0x7F, 0xFF, 0xF8, 0x7F, 0xFF, 0xF8, 0x7F, 0xFF, 0xF8, 0x7F, 0xFF,
    0xF8, 0x3F, 0xE0, 0x3F, 0xE0, 0x3F, 0xE0, 0x3F, 0xE0, 0x3F, 0xE0, 0x3E,
    0x00, 0x3E, 0x00, 0x3E, 0x00, 0x3E, 0x00, 0x3E, 0x00, 0x3E, 0x00, 0x3E,
    0x00, 0x3E, 0x00, 0x3E, 0x00, 0x3E, 0x00, 0x3E, 0x00, 0x3E, 0x00, 0x3E,
    0x00, 0x3E, 0x00, 0x3E, 0x00, 0x3E, 0x00, 0x3E, 0x00, 0x3E, 0x00, 0x3E,
    0x00, 0x3E, 0x00, 0x3E, 0x00, 0x3E, 0x00, 0x3E, 0x00, 0x3F, 0xE0, 0x3F,
    0xE0, 0x3F, 0xE0, 0x3F, 0xE0, 0x3F, 0xE0, 0x7C, 0x00, 0x00, 0x7E, 0x00,
    0x00, 0x7E, 0x00, 0x00, 0x3E, 0x00, 0x00, 0x3F, 0x00, 0x00, 0x3F, 0x00,
    0x00, 0x1F, 0x00, 0x00, 0x1F, 0x80, 0x00, 0x1F, 0x80, 0x00, 0x0F, 0x80,
    0x00, 0x0F, 0xC0, 0x00, 0x0F, 0xC0, 0x00, 0x07, 0xC0, 0x00, 0x07, 0xE0,
    0x00, 0x07, 0xE0, 0x00, 0x03, 0xE0, 0x00, 0x03, 0xF0, 0x00, 0x03, 0xF0,
    0x00, 0x01, 0xF0, 0x00, 0x01, 0xF8, 0x00, 0x01, 0xF8, 0x00, 0x01, 0xF8,
    0x00, 0x00, 0xFC, 0x00, 0x00, 0xFC, 0x00, 0x00, 0xFC, 0x00, 0x00, 0x7E,
    0x00, 0x00, 0x7E, 0x00, 0x00, 0x7E, 0x00, 0x00, 0x3F, 0x00, 0x00, 0x3F,
    0x00, 0x7F, 0xC0, 0x7F, 0xE0, 0x7F, 0xE0, 0x7F, 0xE0, 0x7F, 0xE0, 0x03,
    0xE0, 0x03, 0xE0, 0x03, 0xE0, 0x03, 0xE0, 0x03, 0xE0, 0x03, 0xE0, 0x03,
    0xE0, 0x03, 0xE0, 0x03, 0xE0, 0x03, 0xE0, 0x03, 0xE0, 0x03, 0xE0, 0x03,
    0xE0, 0x03, 0xE0, 0x03, 0xE0, 0x03, 0xE0, 0x03, 0xE0, 0x03, 0xE0, 0x03,
    0xE0, 0x03, 0xE0, 0x03, 0xE0, 0x03, 0xE0, 0x03, 0xE0, 0x7F, 0xE0, 0x7F,
    0xE0, 0x7F, 0xE0, 0x7F, 0xE0, 0x7F, 0xE0, 0x00, 0x70, 0x00, 0x00, 0xF8,
    0x00, 0x00, 0xFC, 0x00, 0x01, 0xFC, 0x00, 0x01, 0xFE, 0x00, 0x03, 0xFE,
    0x00, 0x03, 0xFF, 0x00, 0x07, 0xFF, 0x00, 0x07, 0xDF, 0x80, 0x0F, 0xCF,
    0x80, 0x0F, 0x8F, 0xC0, 0x1F, 0x87, 0xC0, 0x1F, 0x07, 0xE0, 0x3F, 0x03,
    0xE0, 0x00, 0x00, 0x00, 0x00, 0x00, 0x00, 0x00, 0x00, 0x00, 0x00, 0x00,
    0x00, 0x00, 0x00, 0x00, 0x00, 0x00, 0x00, 0x00, 0x00, 0x00, 0x00, 0x00,
    0x00, 0x00, 0x00, 0x00, 0x00, 0x00, 0x00, 0x00, 0x00, 0x00, 0x00, 0x00,
    0x00, 0x7F, 0xFF, 0x7F, 0xFF, 0x7F, 0xFF, 0x7F, 0xFF, 0x7F, 0xFF, 0x38,
    0x00, 0x3C, 0x00, 0x3E, 0x00, 0x3F, 0x00, 0x1F, 0x00, 0x0F, 0x80, 0x00,
    0x00, 0x00, 0x00, 0x00, 0x00, 0x00, 0x00, 0x00, 0x00, 0x00, 0x00, 0x00,
    0x00, 0x00, 0x00, 0x00, 0x00, 0x00, 0x00, 0x00, 0x00, 0x00, 0x00, 0x00,
    0x00, 0x00, 0x00, 0x00, 0x00, 0x00, 0x00, 0x00, 0x00, 0x00, 0x00, 0x00,
    0x00, 0x00, 0x00, 0x00, 0x00, 0x00, 0x00, 0x00, 0x03, 0xFE, 0x00, 0x0F,
    0xFF, 0x00, 0x1F, 0xFF, 0x80, 0x3F, 0xFF, 0xC0, 0x1F, 0x0F, 0xC0, 0x00,
    0x07, 0xC0, 0x00, 0xFF, 0xC0, 0x0F, 0xFF, 0xC0, 0x1F, 0xFF, 0xC0, 0x3F,
    0xFF, 0xC0, 0x7F, 0x07, 0xC0, 0x7E, 0x07, 0xC0, 0x7E, 0x0F, 0xC0, 0x7F,
    0xFF, 0xC0, 0x7F, 0xFF, 0xE0, 0x3F, 0xFF, 0xE0, 0x1F, 0xF7, 0xE0, 0x0F,
    0xC7, 0xE0, 0x3F, 0x00, 0x00, 0x3F, 0x00, 0x00, 0x3F, 0x00, 0x00, 0x3F,
    0x00, 0x00, 0x3F, 0x00, 0x00, 0x3F, 0x00, 0x00, 0x3F, 0x00, 0x00, 0x3F,
    0x00, 0x00, 0x3F, 0x3F, 0x80, 0x3F, 0x7F, 0xC0, 0x3F, 0xFF, 0xE0, 0x3F,
    0xFF, 0xF0, 0x3F, 0xC7, 0xF0, 0x3F, 0x03, 0xF8, 0x3F, 0x01, 0xF8, 0x3F,
    0x01, 0xF8, 0x3F, 0x01, 0xF8, 0x3F, 0x01, 0xF8, 0x3F, 0x01, 0xF8, 0x3F,
    0x03, 0xF8, 0x3F, 0x87, 0xF0, 0x3F, 0xFF, 0xF0, 0x3F, 0xFF, 0xE0, 0x3F,
    0xFF, 0xE0, 0x3E, 0x7F, 0xC0, 0x3E, 0x1F, 0x00, 0x00, 0x00, 0x00, 0x03,
    0xFE, 0x00, 0x0F, 0xFF, 0x00, 0x1F, 0xFF, 0x80, 0x3F, 0xFF, 0xC0, 0x3F,
    0x8F, 0xC0, 0x7F, 0x06, 0x00, 0x7E, 0x00, 0x00, 0x7E, 0x00, 0x00, 0x7E,
    0x00, 0x00, 0x7E, 0x00, 0x00, 0x7E, 0x00, 0x00, 0x7F, 0x00, 0x00, 0x3F,
    0x07, 0x00, 0x3F, 0xFF, 0xC0, 0x1F, 0xFF, 0xC0, 0x0F, 0xFF, 0x80, 0x07,
    0xFF, 0x00, 0x01, 0xFC, 0x00, 0x00, 0x03, 0xF0, 0x00, 0x03, 0xF0, 0x00,
    0x03, 0xF0, 0x00, 0x03, 0xF0, 0x00, 0x03, 0xF0, 0x00, 0x03, 0xF0, 0x00,
    0x03, 0xF0, 0x00, 0x03, 0xF0, 0x07, 0xF3, 0xF0, 0x0F, 0xFB, 0xF0, 0x1F,
    0xFF, 0xF0, 0x3F, 0xFF, 0xF0, 0x3F, 0x8F, 0xF0, 0x7F, 0x03, 0xF0, 0x7F,
    0x03, 0xF0, 0x7E, 0x03, 0xF0, 0x7E, 0x01, 0xF0, 0x7E, 0x01, 0xF0, 0x7E,
    0x03, 0xF0, 0x7F, 0x03, 0xF0, 0x3F, 0x87, 0xF0, 0x3F, 0xFF, 0xF0, 0x1F,
    0xFF, 0xF0, 0x1F, 0xFF, 0xF8, 0x0F, 0xF9, 0xF8, 0x03, 0xE1, 0xF8, 0x00,
    0x00, 0x00, 0x03, 0xFE, 0x00, 0x07, 0xFF, 0x80, 0x1F, 0xFF, 0xC0, 0x1F,
    0xFF, 0xE0, 0x3F, 0x87, 0xE0, 0x3E, 0x03, 0xF0, 0x7F, 0xFF, 0xF0, 0x7F,
    0xFF, 0xF0, 0x7F, 0xFF, 0xF0, 0x7F, 0xFF, 0xF0, 0x7E, 0x00, 0x00, 0x7E,
    0x00, 0x00, 0x3F, 0x02, 0x00, 0x3F, 0xFF, 0xC0, 0x1F, 0xFF, 0xC0, 0x0F,
    0xFF, 0x80, 0x07, 0xFF, 0x00, 0x01, 0xFC, 0x00, 0x00, 0xF8, 0x07, 0xF8,
    0x0F, 0xF8, 0x0F, 0xF8, 0x1F, 0xF8, 0x1F, 0xC0, 0x1F, 0x80, 0x1F, 0x80,
    0x1F, 0x80, 0xFF, 0xF8, 0xFF, 0xF8, 0xFF, 0xF8, 0xFF, 0xF8, 0x7F, 0xF8,
    0x1F, 0x80, 0x1F, 0x80, 0x1F, 0x80, 0x1F, 0x80, 0x1F, 0x80, 0x1F, 0x80,
    0x1F, 0x80, 0x1F, 0x80, 0x1F, 0x80, 0x1F, 0x80, 0x1F, 0x80, 0x1F, 0x80,
    0x1F, 0x80, 0x00, 0x00, 0x00, 0x07, 0xF1, 0xF0, 0x0F, 0xF9, 0xF0, 0x1F,
    0xFF, 0xF0, 0x3F, 0xFF, 0xF0, 0x3F, 0x8F, 0xF0, 0x7F, 0x03, 0xF0, 0x7E,
    0x03, 0xF0, 0x7E, 0x01, 0xF0, 0x7E, 0x01, 0xF0, 0x7E, 0x01, 0xF0, 0x7E,
    0x03, 0xF0, 0x7F, 0x03, 0xF0, 0x3F, 0x87, 0xF0, 0x3F, 0xFF, 0xF0, 0x1F,
    0xFF, 0xF0, 0x0F, 0xFF, 0xF0, 0x07, 0xF3, 0xF0, 0x01, 0xC3, 0xF0, 0x00,
    0x03, 0xF0, 0x00, 0x03, 0xF0, 0x03, 0x07, 0xF0, 0x1F, 0xFF, 0xE0, 0x1F,
    0xFF, 0xE0, 0x0F, 0xFF, 0xC0, 0x07, 0xFF, 0x80, 0x00, 0xFC, 0x00, 0x3F,
    0x00, 0x00, 0x3F, 0x00, 0x00, 0x3F, 0x00, 0x00, 0x3F, 0x00, 0x00, 0x3F,
    0x00, 0x00, 0x3F, 0x00, 0x00, 0x3F, 0x00, 0x00, 0x3F, 0x00, 0x00, 0x3F,
    0x3F, 0x80, 0x3F, 0x7F, 0xC0, 0x3F, 0xFF, 0xE0, 0x3F, 0xFF, 0xE0, 0x3F,
    0x8F, 0xE0, 0x3F, 0x07, 0xE0, 0x3F, 0x07, 0xE0, 0x3F, 0x07, 0xE0, 0x3F,
    0x07, 0xE0, 0x3F, 0x07, 0xE0, 0x3F, 0x07, 0xE0, 0x3F, 0x07, 0xE0, 0x3F,
    0x07, 0xE0, 0x3F, 0x07, 0xE0, 0x3F, 0x07, 0xE0, 0x3F, 0x07, 0xE0, 0x3F,
    0x07, 0xE0, 0x3F, 0x07, 0xE0, 0x07, 0x00, 0x0F, 0x80, 0x1F, 0xC0, 0x1F,
    0xC0, 0x1F, 0xC0, 0x0F, 0x80, 0x07, 0x00, 0x00, 0x00, 0x00, 0x00, 0x00,
    0x00, 0x7F, 0xC0, 0x7F, 0xC0, 0x7F, 0xC0, 0x7F, 0xC0, 0x7F, 0xC0, 0x0F,
    0xC0, 0x0F, 0xC0, 0x0F, 0xC0, 0x0F, 0xC0, 0x0F, 0xC0, 0x0F, 0xC0, 0x0F,
    0xC0, 0x0F, 0xC0, 0x0F, 0xC0, 0x0F, 0xC0, 0x0F, 0xC0, 0x0F, 0xC0, 0x0F,
    0xC0, 0x03, 0x80, 0x07, 0xC0, 0x0F, 0xE0, 0x0F, 0xE0, 0x0F, 0xE0, 0x07,
    0xC0, 0x03, 0x80, 0x00, 0x00, 0x00, 0x00, 0x00, 0x00, 0x07, 0xE0, 0x07,
    0xE0, 0x07, 0xE0, 0x07, 0xE0, 0x07, 0xE0, 0x07, 0xE0, 0x07, 0xE0, 0x07,
    0xE0, 0x07, 0xE0, 0x07, 0xE0, 0x07, 0xE0, 0x07, 0xE0, 0x07, 0xE0, 0x07,
    0xE0, 0x07, 0xE0, 0x07, 0xE0, 0x07, 0xE0, 0x07, 0xE0, 0x07, 0xE0, 0x7F,
    0xE0, 0xFF, 0xC0, 0xFF, 0xC0, 0xFF, 0x80, 0xFE, 0x00, 0x3F, 0x00, 0x00,
    0x3F, 0x00, 0x00, 0x3F, 0x00, 0x00, 0x3F, 0x00, 0x00, 0x3F, 0x00, 0x00,
    0x3F, 0x00, 0x00, 0x3F, 0x00, 0x00, 0x3F, 0x00, 0x00, 0x3F, 0x07, 0xF0,
    0x3F, 0x0F, 0xE0, 0x3F, 0x1F, 0xC0, 0x3F, 0x3F, 0x80, 0x3F, 0x3F, 0x00,
    0x3F, 0x7F, 0x00, 0x3F, 0xFE, 0x00, 0x3F, 0xFC, 0x00, 0x3F, 0xFC, 0x00,
    0x3F, 0xFE, 0x00, 0x3F, 0xFF, 0x00, 0x3F, 0xFF, 0x00, 0x3F, 0xBF, 0x80,
    0x3F, 0x1F, 0xC0, 0x3F, 0x0F, 0xC0, 0x3F, 0x0F, 0xE0, 0x3F, 0x07, 0xF0,
    0x3F, 0x03, 0xF8, 0x3E, 0x00, 0x3F, 0x00, 0x3F, 0x00, 0x3F, 0x00, 0x3F,
    0x00, 0x3F, 0x00, 0x3F, 0x00, 0x3F, 0x00, 0x3F, 0x00, 0x3F, 0x00, 0x3F,
    0x00, 0x3F, 0x00, 0x3F, 0x00, 0x3F, 0x00, 0x3F, 0x00, 0x3F, 0x00, 0x3F,
    0x00, 0x3F, 0x00, 0x3F, 0x00, 0x3F, 0x00, 0x3F, 0x00, 0x3F, 0x00, 0x3F,
    0xF0, 0x3F, 0xF0, 0x3F, 0xF0, 0x1F, 0xF0, 0x0F, 0xF0, 0x00, 0x00, 0x00,
    0x00, 0x3E, 0x3F, 0x87, 0xF0, 0x3F, 0x7F, 0xDF, 0xF8, 0x3F, 0xFF, 0xFF,
    0xFC, 0x3F, 0xFF, 0xFF, 0xFC, 0x3F, 0x8F, 0xF9, 0xFC, 0x3F, 0x07, 0xF0,
    0xFE, 0x3F, 0x07, 0xE0, 0x7E, 0x3F, 0x07, 0xE0, 0x7E, 0x3F, 0x07, 0xE0,
    0x7E, 0x3F, 0x07, 0xE0, 0x7E, 0x3F, 0x07, 0xE0, 0x7E, 0x3F, 0x07, 0xE0,
    0x7E, 0x3F, 0x07, 0xE0, 0x7E, 0x3F, 0x07, 0xE0, 0x7E, 0x3F, 0x07, 0xE0,
    0x7E, 0x3F, 0x07, 0xE0, 0x7E, 0x3F, 0x07, 0xE0, 0x7E, 0x3F, 0x07, 0xE0,
    0x7E, 0x00, 0x00, 0x00, 0x3E, 0x3F, 0x80, 0x3F, 0x7F, 0xC0, 0x3F, 0xFF,
    0xE0, 0x3F, 0xFF, 0xE0, 0x3F, 0x8F, 0xE0, 0x3F, 0x07, 0xE0, 0x3F, 0x07,
    0xE0, 0x3F, 0x07, 0xE0, 0x3F, 0x07, 0xE0, 0x3F, 0x07, 0xE0, 0x3F, 0x07,
    0xE0, 0x3F, 0x07, 0xE0, 0x3F, 0x07, 0xE0, 0x3F, 0x07, 0xE0, 0x3F, 0x07,
    0xE0, 0x3F, 0x07, 0xE0, 0x3F, 0x07, 0xE0, 0x3F, 0x07, 0xE0, 0x00, 0x00,
    0x00, 0x03, 0xFE, 0x00, 0x0F, 0xFF, 0x80, 0x1F, 0xFF, 0xC0, 0x3F, 0xFF,
    0xE0, 0x3F, 0x8F, 0xE0, 0x7F, 0x07, 0xF0, 0x7E, 0x03, 0xF0, 0x7E, 0x03,
    0xF0, 0x7E, 0x03, 0xF0, 0x7E, 0x03, 0xF0, 0x7E, 0x03, 0xF0, 0x7F, 0x03,
    0xF0, 0x3F, 0x07, 0xF0, 0x3F, 0xFF, 0xE0, 0x1F, 0xFF, 0xC0, 0x0F, 0xFF,
    0xC0, 0x07, 0xFF, 0x00, 0x01, 0xFC, 0x00, 0x00, 0x00, 0x00, 0x3E, 0x3F,
    0x80, 0x3F, 0x7F, 0xC0, 0x3F, 0xFF, 0xE0, 0x3F, 0xFF, 0xF0, 0x3F, 0xC7,
    0xF0, 0x3F, 0x03, 0xF8, 0x3F, 0x03, 0xF8, 0x3F, 0x01, 0xF8, 0x3F, 0x01,
    0xF8, 0x3F, 0x01, 0xF8, 0x3F, 0x01, 0xF8, 0x3F, 0x03, 0xF8, 0x3F, 0x87,
    0xF0, 0x3F, 0xFF, 0xF0, 0x3F, 0xFF, 0xF0, 0x3F, 0xFF, 0xE0, 0x3F, 0x7F,
    0xC0, 0x3F, 0x1F, 0x00, 0x3F, 0x00, 0x00, 0x3F, 0x00, 0x00, 0x3F, 0x00,
    0x00, 0x3F, 0x00, 0x00, 0x3F, 0x00, 0x00, 0x3F, 0x00, 0x00, 0x00, 0x00,
    0x00, 0x00, 0x07, 0xF1, 0xF0, 0x00, 0x0F, 0xF9, 0xF0, 0x00, 0x1F, 0xFF,
    0xF0, 0x00, 0x3F, 0xFF, 0xF0, 0x00, 0x3F, 0xCF, 0xF0, 0x00, 0x7F, 0x03,
    0xF0, 0x00, 0x7F, 0x03, 0xF0, 0x00, 0x7E, 0x03, 0xF0, 0x00, 0x7E, 0x01,
    0xF0, 0x00, 0x7E, 0x01, 0xF0, 0x00, 0x7E, 0x03, 0xF0, 0x00, 0x7F, 0x03,
    0xF0, 0x00, 0x3F, 0x87, 0xF0, 0x00, 0x3F, 0xFF, 0xF0, 0x00, 0x3F, 0xFF,
    0xF0, 0x00, 0x1F, 0xFF, 0xF0, 0x00, 0x0F, 0xFB, 0xF0, 0x00, 0x03, 0xE3,
    0xF0, 0x00, 0x00, 0x03, 0xF8, 0x00, 0x00, 0x03, 0xFF, 0x80, 0x00, 0x01,
    0xFF, 0x80, 0x00, 0x01, 0xFF, 0x80, 0x00, 0x00, 0xFF, 0x80, 0x00, 0x00,
    0x3F, 0x00, 0x00, 0x08, 0x3E, 0x3C, 0x3E, 0x7C, 0x3E, 0xFC, 0x3F, 0xFC,
    0x3F, 0xFC, 0x3F, 0xE0, 0x3F, 0x80, 0x3F, 0x00, 0x3F, 0x00, 0x3F, 0x00,
    0x3F, 0x00, 0x3F, 0x00, 0x3F, 0x00, 0x3F, 0x00, 0x3F, 0x00, 0x3F, 0x00,
    0x3F, 0x00, 0x3F, 0x00, 0x00, 0x00, 0x00, 0x07, 0xFC, 0x00, 0x1F, 0xFF,
    0x00, 0x3F, 0xFF, 0x80, 0x7F, 0xFF, 0xC0, 0x7F, 0x1F, 0x80, 0x7E, 0x04,
    0x00, 0x7F, 0x00, 0x00, 0x3F, 0xF8, 0x00, 0x1F, 0xFF, 0x00, 0x07, 0xFF,
    0xC0, 0x00, 0x3F, 0xC0, 0x00, 0x07, 0xC0, 0x3C, 0x0F, 0xC0, 0x7F, 0xFF,
    0xC0, 0x7F, 0xFF, 0xC0, 0x3F, 0xFF, 0x80, 0x0F, 0xFF, 0x00, 0x03, 0xF8,
    0x00, 0x1F, 0x80, 0x1F, 0x80, 0x1F, 0x80, 0x1F, 0x80, 0x1F, 0x80, 0xFF,
    0xF8, 0xFF, 0xF8, 0xFF, 0xF8, 0xFF, 0xF8, 0x7F, 0xF8, 0x1F, 0x80, 0x1F,
    0x80, 0x1F, 0x80, 0x1F, 0x80, 0x1F, 0x80, 0x1F, 0x80, 0x1F, 0x80, 0x1F,
    0x80, 0x1F, 0xF8, 0x1F, 0xF8, 0x0F, 0xF8, 0x0F, 0xF8, 0x03, 0xF8, 0x3F,
    0x07, 0xE0, 0x3F, 0x07, 0xE0, 0x3F, 0x07, 0xE0, 0x3F, 0x07, 0xE0, 0x3F,
    0x07, 0xE0, 0x3F, 0x07, 0xE0, 0x3F, 0x07, 0xE0, 0x3F, 0x07, 0xE0, 0x3F,
    0x07, 0xE0, 0x3F, 0x07, 0xE0, 0x3F, 0x07, 0xE0, 0x3F, 0x07, 0xE0, 0x3F,
    0x0F, 0xE0, 0x3F, 0xFF, 0xE0, 0x3F, 0xFF, 0xE0, 0x1F, 0xFF, 0xE0, 0x1F,
    0xF7, 0xE0, 0x07, 0xE3, 0xE0, 0x7E, 0x03, 0xF0, 0x7E, 0x07, 0xE0, 0x7E,
    0x07, 0xE0, 0x3F, 0x07, 0xE0, 0x3F, 0x0F, 0xC0, 0x3F, 0x0F, 0xC0, 0x1F,
    0x0F, 0xC0, 0x1F, 0x9F, 0x80, 0x1F, 0x9F, 0x80, 0x0F, 0x9F, 0x00, 0x0F,
    0xDF, 0x00, 0x0F, 0xFF, 0x00, 0x07, 0xFE, 0x00, 0x07, 0xFE, 0x00, 0x07,
    0xFE, 0x00, 0x03, 0xFC, 0x00, 0x03, 0xFC, 0x00, 0x01, 0xFC, 0x00, 0x7C,
    0x1F, 0x87, 0xE0, 0x7E, 0x1F, 0x87, 0xE0, 0x7E, 0x1F, 0x87, 0xC0, 0x7E,
    0x3F, 0x8F, 0xC0, 0x3E, 0x3F, 0x8F, 0xC0, 0x3F, 0x3F, 0x8F, 0xC0, 0x3F,
    0x3F, 0xCF, 0x80, 0x3F, 0x3B, 0xCF, 0x80, 0x1F, 0x3B, 0xDF, 0x80, 0x1F,
    0x79, 0xDF, 0x80, 0x1F, 0xF9, 0xDF, 0x00, 0x1F, 0xF9, 0xFF, 0x00, 0x0F,
    0xF1, 0xFF, 0x00, 0x0F, 0xF1, 0xFF, 0x00, 0x0F, 0xF1, 0xFF, 0x00, 0x0F,
    0xF0, 0xFE, 0x00, 0x0F, 0xF0, 0xFE, 0x00, 0x07, 0xF0, 0xFE, 0x00, 0x7F,
    0x07, 0xE0, 0x3F, 0x0F, 0xC0, 0x1F, 0x9F, 0xC0, 0x1F, 0xDF, 0x80, 0x0F,
    0xFF, 0x00, 0x07, 0xFF, 0x00, 0x03, 0xFE, 0x00, 0x03, 0xFC, 0x00, 0x01,
    0xFC, 0x00, 0x03, 0xFC, 0x00, 0x03, 0xFE, 0x00, 0x07, 0xFE, 0x00, 0x0F,
    0xFF, 0x00, 0x0F, 0xFF, 0x80, 0x1F, 0x9F, 0xC0, 0x3F, 0x8F, 0xC0, 0x7F,
    0x07, 0xE0, 0x7E, 0x07, 0xF0, 0x7E, 0x07, 0xE0, 0x7E, 0x07, 0xE0, 0x7E,
    0x0F, 0xE0, 0x3F, 0x0F, 0xC0, 0x3F, 0x0F, 0xC0, 0x3F, 0x0F, 0xC0, 0x1F,
    0x9F, 0x80, 0x1F, 0x9F, 0x80, 0x0F, 0x9F, 0x00, 0x0F, 0xFF, 0x00, 0x0F,
    0xFF, 0x00, 0x07, 0xFE, 0x00, 0x07, 0xFE, 0x00, 0x03, 0xFC, 0x00, 0x03,
    0xFC, 0x00, 0x03, 0xFC, 0x00, 0x01, 0xF8, 0x00, 0x01, 0xF8, 0x00, 0x01,
    0xF0, 0x00, 0x1F, 0xF0, 0x00, 0x3F, 0xF0, 0x00, 0x3F, 0xE0, 0x00, 0x3F,
    0xC0, 0x00, 0x3F, 0x80, 0x00, 0x3F, 0xFF, 0xC0, 0x3F, 0xFF, 0xC0, 0x3F,
    0xFF, 0xC0, 0x3F, 0xFF, 0xC0, 0x3F, 0xFF, 0xC0, 0x00, 0x7F, 0x80, 0x00,
    0xFF, 0x00, 0x01, 0xFE, 0x00, 0x03, 0xFC, 0x00, 0x07, 0xF8, 0x00, 0x0F,
    0xF0, 0x00, 0x1F, 0xE0, 0x00, 0x3F, 0xC0, 0x00, 0x7F, 0xFF, 0xC0, 0x7F,
    0xFF, 0xC0, 0x7F, 0xFF, 0xC0, 0x7F, 0xFF, 0xC0, 0x7F, 0xFF, 0xC0, 0x01,
    0xF8, 0x03, 0xF8, 0x07, 0xF8, 0x0F, 0xF8, 0x0F, 0xF8, 0x0F, 0xC0, 0x0F,
    0xC0, 0x0F, 0xC0, 0x0F, 0xC0, 0x0F, 0xC0, 0x0F, 0xC0, 0x0F, 0xC0, 0x1F,
    0x80, 0x7F, 0x80, 0x7F, 0x00, 0x7E, 0x00, 0x7F, 0x00, 0x7F, 0x80, 0x1F,
    0x80, 0x0F, 0x80, 0x0F, 0xC0, 0x0F, 0xC0, 0x0F, 0xC0, 0x0F, 0xC0, 0x0F,
    0xC0, 0x0F, 0xC0, 0x0F, 0xC0, 0x0F, 0xF8, 0x0F, 0xF8, 0x07, 0xF8, 0x03,
    0xF8, 0x01, 0xF8, 0x3F, 0x00, 0x3F, 0x00, 0x3F, 0x00, 0x3F, 0x00, 0x3F,
    0x00, 0x3F, 0x00, 0x3F, 0x00, 0x3F, 0x00, 0x3F, 0x00, 0x3F, 0x00, 0x3F,
    0x00, 0x3F, 0x00, 0x3F, 0x00, 0x3F, 0x00, 0x3F, 0x00, 0x3F, 0x00, 0x3F,
    0x00, 0x3F, 0x00, 0x3F, 0x00, 0x3F, 0x00, 0x3F, 0x00, 0x3F, 0x00, 0x3F,
    0x00, 0x3F, 0x00, 0x3F, 0x00, 0x3F, 0x00, 0x3F, 0x00, 0x3F, 0x00, 0x3F,
    0x00, 0x3F, 0x00, 0x3F, 0x00, 0x3F, 0x00, 0x3F, 0x00, 0x3F, 0x00, 0x3F,
    0x00, 0x3F, 0x00, 0x3F, 0x00, 0x7E, 0x00, 0x7F, 0x80, 0x7F, 0xC0, 0x7F,
    0xC0, 0x7F, 0xC0, 0x07, 0xC0, 0x07, 0xC0, 0x07, 0xC0, 0x07, 0xC0, 0x07,
    0xC0, 0x07, 0xC0, 0x07, 0xE0, 0x07, 0xE0, 0x07, 0xF8, 0x03, 0xFC, 0x00,
    0xFC, 0x01, 0xFC, 0x03, 0xFC, 0x07, 0xE0, 0x07, 0xE0, 0x07, 0xC0, 0x07,
    0xC0, 0x07, 0xC0, 0x07, 0xC0, 0x07, 0xC0, 0x07, 0xC0, 0x07, 0xC0, 0x7F,
    0xC0, 0x7F, 0xC0, 0x7F, 0xC0, 0x7F, 0x80, 0x7E, 0x00, 0x00, 0x02, 0x00,
    0x0F, 0x03, 0x80, 0x1F, 0xC7, 0xC0, 0x3F, 0xFF, 0x80, 0x3F, 0xFF, 0x80,
    0x3F, 0xFF, 0x80, 0x7C, 0x7F, 0x00, 0x38, 0x1E, 0x00, 0x08, 0x00, 0x00,
    0x00, 0x00, 0x00, 0x00, 0x00, 0x00, 0x00, 0x00, 0x00, 0x00, 0x00, 0x00,
    0x00, 0x00, 0x00,
};
constexpr BitmapGlyph Bold36_GLYPHS[] = {
    {0, 12, 0, 0, 0, 12},
    {0, 11, 25, 0, -25, 11},
    {50, 15, 25, 0, -25, 15},
    {100, 30, 25, 0, -25, 30},
    {200, 22, 31, 0, -28, 22},
    {293, 36, 25, 0, -25, 36},
    {418, 26, 27, 0, -27, 26},
    {526, 8, 25, 0, -25, 8},
    {551, 13, 32, 0, -26, 13},
    {615, 13, 32, 0, -26, 13},
    {679, 18, 25, 0, -25, 18},
    {754, 21, 18, 0, -18, 21},
    {808, 11, 13, 0, -8, 11},
    {834, 14, 12, 0, -12, 14},
    {858, 11, 8, 0, -8, 11},
    {874, 17, 30, 0, -27, 17},
    {964, 24, 25, 0, -25, 24},
    {1039, 16, 25, 0, -25, 16},
    {1089, 21, 25, 0, -25, 21},
    {1164, 22, 25, 0, -25, 22},
    {1239, 23, 25, 0, -25, 23},
    {1314, 22, 25, 0, -25, 22},
    {1389, 23, 25, 0, -25, 23},
    {1464, 20, 25, 0, -25, 20},
    {1539, 23, 25, 0, -25, 23},
    {1614, 20, 25, 0, -25, 20},
    {1689, 11, 19, 0, -19, 11},
    {1727, 11, 24, 0, -19, 11},
    {1775, 21, 20, 0, -19, 21},
    {1835, 22, 15, 0, -15, 22},
    {1880, 21, 20, 0, -19, 21},
    {1940, 21, 25, 0, -25, 21},
    {2015, 28, 27, 0, -23, 28},
    {2123, 26, 25, 0, -25, 25},
    {2223, 24, 25, 0, -25, 24},
    {2298, 24, 25, 0, -25, 24},
    {2373, 25, 25, 0, -25, 25},
    {2473, 22, 25, 0, -25, 22},
    {2548, 21, 25, 0, -25, 21},
    {2623, 26, 25, 0, -25, 26},
    {2723, 26, 25, 0, -25, 26},
    {2823, 16, 25, 0, -25, 16},
    {2873, 21, 25, 0, -25, 21},
    {2948, 25, 25, 0, -25, 25},
    {3048, 20, 25, 0, -25, 20},
    {3123, 32, 25, 0, -25, 32},
    {3223, 26, 25, 0, -25, 26},
    {3323, 27, 25, 0, -25, 27},
    {3423, 23, 25, 0, -25, 23},
    {3498, 29, 27, 0, -25, 28},
    {3606, 24, 25, 0, -25, 24},
    {3681, 22, 25, 0, -25, 22},
    {3756, 23, 25, 0, -25, 23},
    {3831, 25, 25, 0, -25, 25},
    {3931, 24, 25, 0, -25, 24},
    {4006, 32, 25, 0, -25, 32},
    {4106, 26, 25, 0, -25, 26},
    {4206, 25, 25, 0, -25, 25},
    {4306, 22, 25, 0, -25, 22},
    {4381, 13, 33, 0, -27, 13},
    {4447, 17, 30, 0, -27, 17},
    {4537, 13, 33, 0, -27, 13},
    {4603, 21, 26, 0, -26, 21},
    {4681, 16, 5, -1, 0, 15},
    {4691, 11, 27, 0, -27, 11},
    {4745, 20, 19, 0, -19, 20},
    {4802, 22, 26, 0, -26, 22},
    {4880, 19, 19, 0, -19, 19},
    {4937, 22, 26, 0, -26, 22},
    {5015, 21, 19, 0, -19, 21},
    {5072, 14, 27, 0, -27, 14},
    {5126, 22, 27, 0, -19, 22},
    {5207, 21, 26, 0, -26, 21},
    {5285, 12, 28, 0, -28, 12},
    {5341, 13, 34, -3, -28, 10},
    {5409, 22, 26, 0, -26, 21},
    {5487, 12, 27, 0, -27, 12},
    {5541, 32, 19, 0, -19, 32},
    {5617, 21, 19, 0, -19, 21},
    {5674, 21, 19, 0, -19, 21},
    {5731, 22, 25, 0, -19, 22},
    {5806, 25, 25, 0, -19, 22},
    {5906, 15, 19, 0, -19, 15},
    {5944, 19, 19, 0, -19, 19},
    {6001, 14, 23, 0, -23, 14},
    {6047, 21, 18, 0, -18, 21},
    {6101, 20, 18, 0, -18, 20},
    {6155, 28, 18, 0, -18, 28},
    {6227, 21, 18, 0, -18, 20},
    {6281, 20, 24, 0, -18, 20},
    {6353, 19, 18, 0, -18, 19},
    {6407, 14, 32, 0, -26, 14},
    {6471, 10, 37, 0, -31, 10},
    {6545, 14, 32, 0, -26, 14},
    {6609, 19, 14, 0, -14, 19},
};

constexpr uint8_t Clock64_BITMAP[] = {
    0x0F, 0xFF, 0x00, 0x0F, 0xFF, 0x00, 0x0F, 0xFF, 0x00, 0x0F, 0xFF, 0x00,
    0x0F, 0xFF, 0x00, 0x0F, 0xFF, 0x00, 0x0F, 0xFF, 0x00, 0x0F, 0xFF, 0x00,
    0x0F, 0xFF, 0x00, 0x0F, 0xFF, 0x00, 0x0F, 0xFF, 0x00, 0x0F, 0xFF, 0x00,
    0x07, 0xFF, 0x00, 0x07, 0xFE, 0x00, 0x07, 0xFE, 0x00, 0x07, 0xFE, 0x00,
    0x07, 0xFE, 0x00, 0x07, 0xFE, 0x00, 0x07, 0xFE, 0x00, 0x07, 0xFE, 0x00,
    0x03, 0xFE, 0x00, 0x03, 0xFC, 0x00, 0x03, 0xFC, 0x00, 0x03, 0xFC, 0x00,
    0x03, 0xFC, 0x00, 0x03, 0xFC, 0x00, 0x03, 0xFC, 0x00, 0x00, 0x00, 0x00,
    0x00, 0x00, 0x00, 0x00, 0x00, 0x00, 0x00, 0x00, 0x00, 0x00, 0xF8, 0x00,
    0x03, 0xFC, 0x00, 0x07, 0xFE, 0x00, 0x0F, 0xFF, 0x00, 0x0F, 0xFF, 0x00,
    0x0F, 0xFF, 0x80, 0x1F, 0xFF, 0x80, 0x0F, 0xFF, 0x80, 0x0F, 0xFF, 0x00,
    0x0F, 0xFF, 0x00, 0x07, 0xFE, 0x00, 0x03, 0xFC, 0x00, 0x00, 0xF8, 0x00,
    0x1F, 0xF1, 0xFF, 0x80, 0x1F, 0xF1, 0xFF, 0x80, 0x1F, 0xF1, 0xFF, 0x80,
    0x1F, 0xF1, 0xFF, 0x80, 0x1F, 0xF1, 0xFF, 0x80, 0x1F, 0xF1, 0xFF, 0x80,
    0x1F, 0xF1, 0xFF, 0x80, 0x1F, 0xF0, 0xFF, 0x80, 0x1F, 0xF0, 0xFF, 0x00,
    0x1F, 0xF0, 0xFF, 0x00, 0x1F, 0xF0, 0xFF, 0x00, 0x1F, 0xF0, 0xFF, 0x00,
    0x1F, 0xF0, 0xFF, 0x00, 0x1F, 0xF0, 0xFF, 0x00, 0x1F, 0xF0, 0xFF, 0x00,
    0x00, 0x00, 0x00, 0x00, 0x00, 0x00, 0x00, 0x00, 0x00, 0x00, 0x00, 0x00,
    0x00, 0x00, 0x00, 0x00, 0x00, 0x00, 0x00, 0x00, 0x00, 0x00, 0x00, 0x00,
    0x00, 0x00, 0x00, 0x00, 0x00, 0x00, 0x00, 0x00, 0x00, 0x00, 0x00, 0x00,
    0x00, 0x00, 0x00, 0x00, 0x00, 0x00, 0x00, 0x00, 0x00, 0x00, 0x00, 0x00,
    0x00, 0x00, 0x00, 0x00, 0x00, 0x00, 0x00, 0x00, 0x00, 0x00, 0x00, 0x00,
    0x00, 0x00, 0x00, 0x00, 0x00, 0x00, 0x00, 0x00, 0x00, 0x00, 0x00, 0x00,
    0x00, 0x00, 0x00, 0x00, 0x00, 0x00, 0x00, 0x00, 0x00, 0x00, 0x00, 0x00,
    0x00, 0x00, 0x00, 0x00, 0x00, 0x00, 0x00, 0x00, 0x00, 0x00, 0x00, 0x00,
    0x00, 0x00, 0x00, 0x00, 0x00, 0x00, 0x00, 0x00, 0x00, 0x00, 0x00, 0x00,
    0x00, 0x00, 0x00, 0x00, 0x00, 0x01, 0xFF, 0x80, 0x3F, 0xE0, 0x00, 0x00,
    0x01, 0xFF, 0x80, 0x3F, 0xE0, 0x00, 0x00, 0x01, 0xFF, 0x00, 0x7F, 0xE0,
    0x00, 0x00, 0x01, 0xFF, 0x00, 0x7F, 0xE0, 0x00, 0x00, 0x03, 0xFF, 0x00,
    0x7F, 0xE0, 0x00, 0x00, 0x03, 0xFF, 0x00, 0x7F, 0xE0, 0x00, 0x00, 0x03,
    0xFF, 0x00, 0x7F, 0xC0, 0x00, 0x03, 0xFF, 0xFF, 0xFF, 0xFF, 0xFF, 0xE0,
    0x03, 0xFF, 0xFF, 0xFF, 0xFF, 0xFF, 0xC0, 0x07, 0xFF, 0xFF, 0xFF, 0xFF,
    0xFF, 0xC0, 0x07, 0xFF, 0xFF, 0xFF, 0xFF, 0xFF, 0xC0, 0x07, 0xFF, 0xFF,
    0xFF, 0xFF, 0xFF, 0xC0, 0x07, 0xFF, 0xFF, 0xFF, 0xFF, 0xFF, 0xC0, 0x07,
    0xFF, 0xFF, 0xFF, 0xFF, 0xFF, 0xC0, 0x07, 0xFF, 0xFF, 0xFF, 0xFF, 0xFF,
    0xC0, 0x07, 0xFF, 0xFF, 0xFF, 0xFF, 0xFF, 0xC0, 0x0F, 0xFF, 0xFF, 0xFF,
    0xFF, 0xFF, 0x80, 0x00, 0x07, 0xFC, 0x01, 0xFF, 0x80, 0x00, 0x00, 0x0F,
    0xFC, 0x01, 0xFF, 0x80, 0x00, 0x00, 0x0F, 0xFC, 0x01, 0xFF, 0x80, 0x00,
    0x00, 0x0F, 0xFC, 0x01, 0xFF, 0x00, 0x00, 0x00, 0x0F, 0xFC, 0x01, 0xFF,
    0x00, 0x00, 0x00, 0x0F, 0xF8, 0x03, 0xFF, 0x00, 0x00, 0x00, 0x0F, 0xF8,
    0x03, 0xFF, 0x00, 0x00, 0x00, 0x1F, 0xF8, 0x03, 0xFF, 0x00, 0x00, 0x1F,
    0xFF, 0xFF, 0xFF, 0xFF, 0xFF, 0x00, 0x1F, 0xFF, 0xFF, 0xFF, 0xFF, 0xFF,
    0x00, 0x1F, 0xFF, 0xFF, 0xFF, 0xFF, 0xFF, 0x00, 0x1F, 0xFF, 0xFF, 0xFF,
    0xFF, 0xFF, 0x00, 0x1F, 0xFF, 0xFF, 0xFF, 0xFF, 0xFE, 0x00, 0x3F, 0xFF,
    0xFF, 0xFF, 0xFF, 0xFE, 0x00, 0x3F, 0xFF, 0xFF, 0xFF, 0xFF, 0xFE, 0x00,
    0x3F, 0xFF, 0xFF, 0xFF, 0xFF, 0xFE, 0x00, 0x3F, 0xFF, 0xFF, 0xFF, 0xFF,
    0xFE, 0x00, 0x3F, 0xFF, 0xFF, 0xFF, 0xFF, 0xFE, 0x00, 0x00, 0x3F, 0xF0,
    0x07, 0xFC, 0x00, 0x00, 0x00, 0x3F, 0xF0, 0x0F, 0xFC, 0x00, 0x00, 0x00,
    0x3F, 0xE0, 0x0F, 0xFC, 0x00, 0x00, 0x00, 0x3F, 0xE0, 0x0F, 0xFC, 0x00,
    0x00, 0x00, 0x7F, 0xE0, 0x0F, 0xFC, 0x00, 0x00, 0x00, 0x7F, 0xE0, 0x0F,
    0xFC, 0x00, 0x00, 0x00, 0x7F, 0xE0, 0x0F, 0xF8, 0x00, 0x00, 0x00, 0x7F,
    0xE0, 0x0F, 0xF8, 0x00, 0x00, 0x00, 0x00, 0x7C, 0x00, 0x00, 0x00, 0x00,
    0x7C, 0x00, 0x00, 0x00, 0x00, 0x7C, 0x00, 0x00, 0x00, 0x00, 0x7C, 0x00,
    0x00, 0x00, 0x00, 0x7C, 0x00, 0x00, 0x00, 0x01, 0xFF, 0xC0, 0x00, 0x00,
    0x1F, 0xFF, 0xF8, 0x00, 0x00, 0x7F, 0xFF, 0xFE, 0x00, 0x00, 0xFF, 0xFF,
    0xFF, 0x80, 0x03, 0xFF, 0xFF, 0xFF, 0xC0, 0x07, 0xFF, 0xFF, 0xFF, 0xE0,
    0x07, 0xFF, 0xFF, 0xFF, 0xF0, 0x0F, 0xFF, 0xFF, 0xFF, 0xF0, 0x1F, 0xFF,
    0xFF, 0xFF, 0xF8, 0x1F, 0xFF, 0x7F, 0xFF, 0xF8, 0x1F, 0xFC, 0x7C, 0x7F,
    0xF0, 0x3F, 0xF8, 0x7C, 0x3F, 0x80, 0x3F, 0xF8, 0x7C, 0x1C, 0x00, 0x3F,
    0xF8, 0x7C, 0x00, 0x00, 0x3F, 0xF8, 0x7C, 0x00, 0x00, 0x3F, 0xFC, 0x7C,
    0x00, 0x00, 0x1F, 0xFF, 0x7C, 0x00, 0x00, 0x1F, 0xFF, 0xFC, 0x00, 0x00,
    0x1F, 0xFF, 0xFF, 0x80, 0x00, 0x0F, 0xFF, 0xFF, 0xF8, 0x00, 0x07, 0xFF,
    0xFF, 0xFE, 0x00, 0x07, 0xFF, 0xFF, 0xFF, 0x80, 0x01, 0xFF, 0xFF, 0xFF,
    0xE0, 0x00, 0xFF, 0xFF, 0xFF, 0xF0, 0x00, 0x3F, 0xFF, 0xFF, 0xF8, 0x00,
    0x07, 0xFF, 0xFF, 0xF8, 0x00, 0x00, 0x7F, 0xFF, 0xFC, 0x00, 0x00, 0x7F,
    0xFF, 0xFC, 0x00, 0x00, 0x7C, 0x7F, 0xFC, 0x00, 0x00, 0x7C, 0x1F, 0xFC,
    0x00, 0x20, 0x7C, 0x1F, 0xFC, 0x00, 0xE0, 0x7C, 0x0F, 0xFC, 0x07, 0xF0,
    0x7C, 0x0F, 0xFC, 0x3F, 0xF8, 0x7C, 0x1F, 0xFC, 0x7F, 0xFC, 0x7C, 0x1F,
    0xFC, 0x3F, 0xFE, 0x7C, 0x7F, 0xF8, 0x3F, 0xFF, 0xFF, 0xFF, 0xF8, 0x1F,
    0xFF, 0xFF, 0xFF, 0xF0, 0x0F, 0xFF, 0xFF, 0xFF, 0xF0, 0x07, 0xFF, 0xFF,
    0xFF, 0xE0, 0x03, 0xFF, 0xFF, 0xFF, 0xC0, 0x01, 0xFF, 0xFF, 0xFF, 0x00,
    0x00, 0x7F, 0xFF, 0xFE, 0x00, 0x00, 0x1F, 0xFF, 0xF0, 0x00, 0x00, 0x01,
    0xFF, 0x80, 0x00, 0x00, 0x00, 0x7C, 0x00, 0x00, 0x00, 0x00, 0x7C, 0x00,
    0x00, 0x00, 0x00, 0x7C, 0x00, 0x00, 0x00, 0x00, 0x7C, 0x00, 0x00, 0x00,
    0x00, 0x7C, 0x00, 0x00, 0x00, 0x1F, 0xC0, 0x00, 0x00, 0x00, 0x00, 0x00,
    0x00, 0x7F, 0xF0, 0x00, 0x00, 0x3F, 0xE0, 0x00, 0x01, 0xFF, 0xFC, 0x00,
    0x00, 0x7F, 0xC0, 0x00, 0x03, 0xFF, 0xFE, 0x00, 0x00, 0x7F, 0x80, 0x00,
    0x07, 0xFF, 0xFF, 0x00, 0x00, 0xFF, 0x80, 0x00, 0x0F, 0xFF, 0xFF, 0x80,
    0x01, 0xFF, 0x00, 0x00, 0x0F, 0xFF, 0xFF, 0xC0, 0x01, 0xFE, 0x00, 0x00,
    0x1F, 0xFF, 0xFF, 0xC0, 0x03, 0xFE, 0x00, 0x00, 0x1F, 0xF8, 0xFF, 0xC0,
    0x07, 0xFC, 0x00, 0x00, 0x3F, 0xE0, 0x3F, 0xE0, 0x07, 0xF8, 0x00, 0x00,
    0x3F, 0xE0, 0x3F, 0xE0, 0x0F, 0xF0, 0x00, 0x00, 0x3F, 0xC0, 0x1F, 0xE0,
    0x1F, 0xF0, 0x00, 0x00, 0x3F, 0xC0, 0x1F, 0xE0, 0x1F, 0xE0, 0x00, 0x00,
    0x3F, 0xC0, 0x1F, 0xE0, 0x3F, 0xC0, 0x00, 0x00, 0x3F, 0xC0, 0x1F, 0xE0,
    0x7F, 0xC0, 0x00, 0x00, 0x3F, 0xE0, 0x1F, 0xE0, 0xFF, 0x80, 0x00, 0x00,
    0x3F, 0xE0, 0x3F, 0xE0, 0xFF, 0x00, 0x00, 0x00, 0x1F, 0xF8, 0xFF, 0xC1,
    0xFF, 0x00, 0x00, 0x00, 0x1F, 0xFF, 0xFF, 0xC3, 0xFE, 0x00, 0x00, 0x00,
    0x1F, 0xFF, 0xFF, 0xC3, 0xFC, 0x03, 0xF8, 0x00, 0x0F, 0xFF, 0xFF, 0x87,
    0xFC, 0x1F, 0xFE, 0x00, 0x07, 0xFF, 0xFF, 0x0F, 0xF8, 0x3F, 0xFF, 0x00,
    0x03, 0xFF, 0xFE, 0x0F, 0xF0, 0xFF, 0xFF, 0xC0, 0x01, 0xFF, 0xFC, 0x1F,
    0xE1, 0xFF, 0xFF, 0xE0, 0x00, 0xFF, 0xF8, 0x3F, 0xE1, 0xFF, 0xFF, 0xE0,
    0x00, 0x1F, 0xC0, 0x7F, 0xC3, 0xFF, 0xFF, 0xF0, 0x00, 0x00, 0x00, 0x7F,
    0x87, 0xFF, 0xFF, 0xF8, 0x00, 0x00, 0x00, 0xFF, 0x87, 0xFE, 0x1F, 0xF8,
    0x00, 0x00, 0x01, 0xFF, 0x07, 0xFC, 0x0F, 0xF8, 0x00, 0x00, 0x01, 0xFE,
    0x07, 0xF8, 0x07, 0xFC, 0x00, 0x00, 0x03, 0xFE, 0x0F, 0xF8, 0x07, 0xFC,
    0x00, 0x00, 0x07, 0xFC, 0x0F, 0xF0, 0x03, 0xFC, 0x00, 0x00, 0x07, 0xF8,
    0x0F, 0xF0, 0x03, 0xFC, 0x00, 0x00, 0x0F, 0xF0, 0x0F, 0xF8, 0x07, 0xFC,
    0x00, 0x00, 0x1F, 0xF0, 0x07, 0xF8, 0x07, 0xFC, 0x00, 0x00, 0x1F, 0xE0,
    0x07, 0xFC, 0x0F, 0xF8, 0x00, 0x00, 0x3F, 0xC0, 0x07, 0xFE, 0x1F, 0xF8,
    0x00, 0x00, 0x7F, 0xC0, 0x07, 0xFF, 0xFF, 0xF8, 0x00, 0x00, 0xFF, 0x80,
    0x03, 0xFF, 0xFF, 0xF0, 0x00, 0x00, 0xFF, 0x00, 0x01, 0xFF, 0xFF, 0xE0,
    0x00, 0x01, 0xFF, 0x00, 0x01, 0xFF, 0xFF, 0xE0, 0x00, 0x03, 0xFE, 0x00,
    0x00, 0xFF, 0xFF, 0xC0, 0x00, 0x03, 0xFC, 0x00, 0x00, 0x3F, 0xFF, 0x00,
    0x00, 0x07, 0xFC, 0x00, 0x00, 0x1F, 0xFE, 0x00, 0x00, 0x00, 0x00, 0x00,
    0x00, 0x03, 0xF8, 0x00, 0x00, 0x00, 0x3F, 0xC0, 0x00, 0x00, 0x00, 0x01,
    0xFF, 0xF0, 0x00, 0x00, 0x00, 0x07, 0xFF, 0xFC, 0x00, 0x00, 0x00, 0x0F,
    0xFF, 0xFE, 0x00, 0x00, 0x00, 0x1F, 0xFF, 0xFF, 0x00, 0x00, 0x00, 0x3F,
    0xFF, 0xFF, 0x80, 0x00, 0x00, 0x7F, 0xFF, 0xFF, 0x80, 0x00, 0x00, 0x7F,
    0xFF, 0xFF, 0xC0, 0x00, 0x00, 0x7F, 0xF1, 0xFF, 0xC0, 0x00, 0x00, 0xFF,
    0xE0, 0x7F, 0xC0, 0x00, 0x00, 0xFF, 0xC0, 0x7F, 0xC0, 0x00, 0x00, 0xFF,
    0xC0, 0x3F, 0xC0, 0x00, 0x00, 0xFF, 0xC0, 0x3F, 0xC0, 0x00, 0x00, 0xFF,
    0xC0, 0x7F, 0xC0, 0x00, 0x00, 0x7F, 0xE0, 0x7F, 0xC0, 0x00, 0x00, 0x7F,
    0xE0, 0xFF, 0xC0, 0x00, 0x00, 0x7F, 0xF1, 0xFF, 0x80, 0x00, 0x00, 0x3F,
    0xFF, 0xFF, 0x80, 0x00, 0x00, 0x3F, 0xFF, 0xFF, 0x00, 0x00, 0x00, 0x1F,
    0xFF, 0xFF, 0x00, 0x00, 0x00, 0x1F, 0xFF, 0xFE, 0x00, 0x00, 0x00, 0x0F,
    0xFF, 0xF8, 0x00, 0x00, 0x00, 0x3F, 0xFF, 0xF0, 0x1F, 0xF0, 0x00, 0xFF,
    0xFF, 0xE0, 0x1F, 0xF0, 0x01, 0xFF, 0xFF, 0xE0, 0x1F, 0xF0, 0x03, 0xFF,
    0xFF, 0xF0, 0x3F, 0xE0, 0x07, 0xFF, 0xFF, 0xF8, 0x3F, 0xE0, 0x0F, 0xFF,
    0xFF, 0xFC, 0x7F, 0xE0, 0x0F, 0xFF, 0xBF, 0xFC, 0x7F, 0xC0, 0x1F, 0xFE,
    0x1F, 0xFE, 0xFF, 0xC0, 0x1F, 0xFC, 0x1F, 0xFF, 0xFF, 0xC0, 0x3F, 0xFC,
    0x0F, 0xFF, 0xFF, 0x80, 0x3F, 0xF8, 0x07, 0xFF, 0xFF, 0x80, 0x3F, 0xF8,
    0x03, 0xFF, 0xFF, 0x00, 0x3F, 0xF8, 0x01, 0xFF, 0xFF, 0x00, 0x3F, 0xF8,
    0x00, 0xFF, 0xFE, 0x00, 0x3F, 0xFC, 0x00, 0x7F, 0xFC, 0x00, 0x3F, 0xFE,
    0x00, 0x7F, 0xFC, 0x00, 0x1F, 0xFF, 0x03, 0xFF, 0xFE, 0x00, 0x1F, 0xFF,
    0xFF, 0xFF, 0xFF, 0x00, 0x0F, 0xFF, 0xFF, 0xFF, 0xFF, 0x00, 0x07, 0xFF,
    0xFF, 0xFF, 0xFF, 0x80, 0x07, 0xFF, 0xFF, 0xFF, 0xFF, 0xC0, 0x01, 0xFF,
    0xFF, 0xFF, 0xFF, 0xE0, 0x00, 0xFF, 0xFF, 0xF8, 0xFF, 0xF0, 0x00, 0x3F,
    0xFF, 0xE0, 0x7F, 0xF8, 0x00, 0x07, 0xFE, 0x00, 0x00, 0x00, 0x1F, 0xF0,
    0x1F, 0xF0, 0x1F, 0xF0, 0x1F, 0xF0, 0x1F, 0xF0, 0x1F, 0xF0, 0x1F, 0xF0,
    0x1F, 0xF0, 0x1F, 0xF0, 0x1F, 0xF0, 0x1F, 0xF0, 0x1F, 0xF0, 0x1F, 0xF0,
    0x1F, 0xF0, 0x1F, 0xF0, 0x00, 0x00, 0x00, 0x00, 0x00, 0x00, 0x00, 0x00,
    0x00, 0x00, 0x00, 0x00, 0x00, 0x00, 0x00, 0x00, 0x00, 0x00, 0x00, 0x00,
    0x00, 0x00, 0x00, 0x00, 0x00, 0x00, 0x00, 0x00, 0x00, 0x00, 0x00, 0x00,
    0x00, 0x00, 0x00, 0x00, 0x00, 0x00, 0x00, 0x00, 0x00, 0x00, 0x00, 0x00,
    0x00, 0x00, 0x00, 0x00, 0x00, 0x00, 0x00, 0x00, 0x00, 0x00, 0x00, 0x00,
    0x00, 0x3F, 0xF8, 0x00, 0x3F, 0xF0, 0x00, 0x7F, 0xF0, 0x00, 0x7F, 0xE0,
    0x00, 0xFF, 0xE0, 0x00, 0xFF, 0xC0, 0x01, 0xFF, 0x80, 0x01, 0xFF, 0x80,
    0x01, 0xFF, 0x80, 0x03, 0xFF, 0x00, 0x03, 0xFF, 0x00, 0x07, 0xFE, 0x00,
    0x07, 0xFE, 0x00, 0x07, 0xFE, 0x00, 0x0F, 0xFC, 0x00, 0x0F, 0xFC, 0x00,
    0x0F, 0xFC, 0x00, 0x0F, 0xFC, 0x00, 0x0F, 0xF8, 0x00, 0x1F, 0xF8, 0x00,
    0x1F, 0xF8, 0x00, 0x1F, 0xF8, 0x00, 0x1F, 0xF8, 0x00, 0x1F, 0xF8, 0x00,
    0x1F, 0xF8, 0x00, 0x1F, 0xF8, 0x00, 0x1F, 0xF0, 0x00, 0x1F, 0xF0, 0x00,
    0x1F, 0xF0, 0x00, 0x1F, 0xF0, 0x00, 0x1F, 0xF8, 0x00, 0x1F, 0xF8, 0x00,
    0x1F, 0xF8, 0x00, 0x1F, 0xF8, 0x00, 0x1F, 0xF8, 0x00, 0x1F, 0xF8, 0x00,
    0x1F, 0xF8, 0x00, 0x0F, 0xF8, 0x00, 0x0F, 0xFC, 0x00, 0x0F, 0xFC, 0x00,
    0x0F, 0xFC, 0x00, 0x0F, 0xFC, 0x00, 0x07, 0xFE, 0x00, 0x07, 0xFE, 0x00,
    0x07, 0xFE, 0x00, 0x03, 0xFF, 0x00, 0x03, 0xFF, 0x00, 0x01, 0xFF, 0x80,
    0x01, 0xFF, 0x80, 0x01, 0xFF, 0x80, 0x00, 0xFF, 0xC0, 0x00, 0xFF, 0xE0,
    0x00, 0x7F, 0xE0, 0x00, 0x7F, 0xF0, 0x00, 0x3F, 0xF0, 0x00, 0x3F, 0xF8,
    0x3F, 0xF0, 0x00, 0x3F, 0xF8, 0x00, 0x1F, 0xF8, 0x00, 0x1F, 0xFC, 0x00,
    0x0F, 0xFC, 0x00, 0x0F, 0xFE, 0x00, 0x07, 0xFE, 0x00, 0x07, 0xFF, 0x00,
    0x03, 0xFF, 0x00, 0x03, 0xFF, 0x00, 0x01, 0xFF, 0x80, 0x01, 0xFF, 0x80,
    0x01, 0xFF, 0x80, 0x00, 0xFF, 0xC0, 0x00, 0xFF, 0xC0, 0x00, 0xFF, 0xC0,
    0x00, 0x7F, 0xC0, 0x00, 0x7F, 0xE0, 0x00, 0x7F, 0xE0, 0x00, 0x7F, 0xE0,
    0x00, 0x7F, 0xE0, 0x00, 0x3F, 0xE0, 0x00, 0x3F, 0xF0, 0x00, 0x3F, 0xF0,
    0x00, 0x3F, 0xF0, 0x00, 0x3F, 0xF0, 0x00, 0x3F, 0xF0, 0x00, 0x3F, 0xF0,
    0x00, 0x3F, 0xF0, 0x00, 0x3F, 0xF0, 0x00, 0x3F, 0xF0, 0x00, 0x3F, 0xF0,
    0x00, 0x3F, 0xF0, 0x00, 0x3F, 0xF0, 0x00, 0x3F, 0xE0, 0x00, 0x7F, 0xE0,
    0x00, 0x7F, 0xE0, 0x00, 0x7F, 0xE0, 0x00, 0x7F, 0xE0, 0x00, 0x7F, 0xC0,
    0x00, 0xFF, 0xC0, 0x00, 0xFF, 0xC0, 0x00, 0xFF, 0xC0, 0x01, 0xFF, 0x80,
    0x01, 0xFF, 0x80, 0x01, 0xFF, 0x80, 0x03, 0xFF, 0x00, 0x03, 0xFF, 0x00,
    0x07, 0xFF, 0x00, 0x07, 0xFE, 0x00, 0x0F, 0xFE, 0x00, 0x0F, 0xFC, 0x00,
    0x1F, 0xFC, 0x00, 0x1F, 0xF8, 0x00, 0x3F, 0xF8, 0x00, 0x3F, 0xF0, 0x00,
    0x00, 0x0F, 0xE0, 0x00, 0x00, 0x0F, 0xE0, 0x00, 0x00, 0x0F, 0xE0, 0x00,
    0x00, 0x0F, 0xE0, 0x00, 0x00, 0x0F, 0xE0, 0x00, 0x00, 0x0F, 0xE0, 0x00,
    0x07, 0x0F, 0xE1, 0xC0, 0x0F, 0xEF, 0xEF, 0xE0, 0x0F, 0xFF, 0xFF, 0xE0,
    0x0F, 0xFF, 0xFF, 0xE0, 0x1F, 0xFF, 0xFF, 0xF0, 0x0F, 0xFF, 0xFF, 0xE0,
    0x03, 0xFF, 0xFF, 0x00, 0x00, 0x3F, 0xF8, 0x00, 0x00, 0x3F, 0xF8, 0x00,
    0x00, 0x7F, 0xFC, 0x00, 0x00, 0x7F, 0xFC, 0x00, 0x00, 0xFF, 0xFE, 0x00,
    0x01, 0xFE, 0xFF, 0x00, 0x03, 0xFC, 0x7F, 0x80, 0x03, 0xF8, 0x3F, 0x80,
    0x00, 0xF8, 0x3E, 0x00, 0x00, 0x70, 0x1C, 0x00, 0x00, 0x00, 0x00, 0x00,
    0x00, 0x00, 0x00, 0x00, 0x00, 0x00, 0x00, 0x00, 0x00, 0x00, 0x00, 0x00,
    0x00, 0x00, 0x00, 0x00, 0x00, 0x00, 0x00, 0x00, 0x00, 0x00, 0x00, 0x00,
    0x00, 0x00, 0x00, 0x00, 0x00, 0x00, 0x00, 0x00, 0x00, 0x00, 0x00, 0x00,
    0x00, 0x00, 0x00, 0x00, 0x00, 0x00, 0x00, 0x00, 0x00, 0x00, 0x00, 0x00,
    0x00, 0x00, 0x00, 0x00, 0x00, 0x00, 0x00, 0x00, 0x00, 0x00, 0x00, 0x00,
    0x00, 0x00, 0x00, 0x00, 0x00, 0x00, 0x00, 0x00, 0x00, 0x00, 0x00, 0x00,
    0x00, 0x00, 0x00, 0x00, 0x00, 0x01, 0xFE, 0x00, 0x00, 0x00, 0x01, 0xFE,
    0x00, 0x00, 0x00, 0x01, 0xFE, 0x00, 0x00, 0x00, 0x01, 0xFE, 0x00, 0x00,
    0x00, 0x01, 0xFE, 0x00, 0x00, 0x00, 0x01, 0xFE, 0x00, 0x00, 0x00, 0x01,
    0xFE, 0x00, 0x00, 0x00, 0x01, 0xFE, 0x00, 0x00, 0x00, 0x01, 0xFE, 0x00,
    0x00, 0x00, 0x01, 0xFE, 0x00, 0x00, 0x00, 0x01, 0xFE, 0x00, 0x00, 0x00,
    0x01, 0xFE, 0x00, 0x00, 0x1F, 0xFF, 0xFF, 0xFF, 0xF0, 0x1F, 0xFF, 0xFF,
    0xFF, 0xF0, 0x1F, 0xFF, 0xFF, 0xFF, 0xF0, 0x1F, 0xFF, 0xFF, 0xFF, 0xF0,
    0x1F, 0xFF, 0xFF, 0xFF, 0xF0, 0x1F, 0xFF, 0xFF, 0xFF, 0xF0, 0x1F, 0xFF,
    0xFF, 0xFF, 0xF0, 0x1F, 0xFF, 0xFF, 0xFF, 0xF0, 0x1F, 0xFF, 0xFF, 0xFF,
    0xF0, 0x00, 0x01, 0xFE, 0x00, 0x00, 0x00, 0x01, 0xFE, 0x00, 0x00, 0x00,
    0x01, 0xFE, 0x00, 0x00, 0x00, 0x01, 0xFE, 0x00, 0x00, 0x00, 0x01, 0xFE,
    0x00, 0x00, 0x00, 0x01, 0xFE, 0x00, 0x00, 0x00, 0x01, 0xFE, 0x00, 0x00,
    0x00, 0x01, 0xFE, 0x00, 0x00, 0x00, 0x01, 0xFE, 0x00, 0x00, 0x00, 0x01,
    0xFE, 0x00, 0x00, 0x00, 0x01, 0xFE, 0x00, 0x00, 0x01, 0xF0, 0x00, 0x07,
    0xFC, 0x00, 0x0F, 0xFE, 0x00, 0x0F, 0xFE, 0x00, 0x1F, 0xFF, 0x00, 0x1F,
    0xFF, 0x00, 0x1F, 0xFF, 0x00, 0x1F, 0xFF, 0x00, 0x1F, 0xFF, 0x00, 0x0F,
    0xFF, 0x00, 0x0F, 0xFE, 0x00, 0x07, 0xFE, 0x00, 0x03, 0xFC, 0x00, 0x00,
    0xFC, 0x00, 0x01, 0xFC, 0x00, 0x01, 0xF8, 0x00, 0x01, 0xF8, 0x00, 0x03,
    0xF0, 0x00, 0x03, 0xF0, 0x00, 0x03, 0xF0, 0x00, 0x07, 0xE0, 0x00, 0x07,
    0xE0, 0x00, 0x7F, 0xFF, 0xFE, 0x7F, 0xFF, 0xFE, 0x7F, 0xFF, 0xFE, 0x7F,
    0xFF, 0xFE, 0x7F, 0xFF, 0xFE, 0x7F, 0xFF, 0xFE, 0x7F, 0xFF, 0xFE, 0x7F,
    0xFF, 0xFE, 0x7F, 0xFF, 0xFE, 0x00, 0x00, 0x00, 0x00, 0x00, 0x00, 0x00,
    0x00, 0x00, 0x00, 0x00, 0x00, 0x00, 0x00, 0x00, 0x00, 0x00, 0x00, 0x00,
    0x00, 0x00, 0x00, 0x00, 0x00, 0x00, 0x00, 0x00, 0x00, 0x00, 0x00, 0x00,
    0x00, 0x00, 0x00, 0x00, 0x00, 0x01, 0xF0, 0x00, 0x07, 0xFC, 0x00, 0x0F,
    0xFE, 0x00, 0x0F, 0xFF, 0x00, 0x1F, 0xFF, 0x00, 0x1F, 0xFF, 0x00, 0x1F,
    0xFF, 0x00, 0x1F, 0xFF, 0x00, 0x1F, 0xFF, 0x00, 0x0F, 0xFE, 0x00, 0x0F,
    0xFE, 0x00, 0x07, 0xFC, 0x00, 0x01, 0xF0, 0x00, 0x00, 0x00, 0x1F, 0xF0,
    0x00, 0x00, 0x3F, 0xF0, 0x00, 0x00, 0x3F, 0xF0, 0x00, 0x00, 0x7F, 0xE0,
    0x00, 0x00, 0x7F, 0xE0, 0x00, 0x00, 0x7F, 0xE0, 0x00, 0x00, 0xFF, 0xC0,
    0x00, 0x00, 0xFF, 0xC0, 0x00, 0x00, 0xFF, 0xC0, 0x00, 0x01, 0xFF, 0x80,
    0x00, 0x01, 0xFF, 0x80, 0x00, 0x01, 0xFF, 0x80, 0x00, 0x03, 0xFF, 0x00,
    0x00, 0x03, 0xFF, 0x00, 0x00, 0x03, 0xFF, 0x00, 0x00, 0x07, 0xFE, 0x00,
    0x00, 0x07, 0xFE, 0x00, 0x00, 0x07, 0xFE, 0x00, 0x00, 0x0F, 0xFE, 0x00,
    0x00, 0x0F, 0xFC, 0x00, 0x00, 0x0F, 0xFC, 0x00, 0x00, 0x1F, 0xFC, 0x00,
    0x00, 0x1F, 0xF8, 0x00, 0x00, 0x1F, 0xF8, 0x00, 0x00, 0x3F, 0xF8, 0x00,
    0x00, 0x3F, 0xF0, 0x00, 0x00, 0x3F, 0xF0, 0x00, 0x00, 0x7F, 0xF0, 0x00,
    0x00, 0x7F, 0xE0, 0x00, 0x00, 0x7F, 0xE0, 0x00, 0x00, 0xFF, 0xE0, 0x00,
    0x00, 0xFF, 0xC0, 0x00, 0x00, 0xFF, 0xC0, 0x00, 0x01, 0xFF, 0xC0, 0x00,
    0x01, 0xFF, 0x80, 0x00, 0x01, 0xFF, 0x80, 0x00, 0x03, 0xFF, 0x80, 0x00,
    0x03, 0xFF, 0x00, 0x00, 0x03, 0xFF, 0x00, 0x00, 0x07, 0xFF, 0x00, 0x00,
    0x07, 0xFE, 0x00, 0x00, 0x07, 0xFE, 0x00, 0x00, 0x0F, 0xFE, 0x00, 0x00,
    0x0F, 0xFC, 0x00, 0x00, 0x0F, 0xFC, 0x00, 0x00, 0x1F, 0xFC, 0x00, 0x00,
    0x1F, 0xF8, 0x00, 0x00, 0x1F, 0xF8, 0x00, 0x00, 0x3F, 0xF8, 0x00, 0x00,
    0x3F, 0xF0, 0x00, 0x00, 0x3F, 0xF0, 0x00, 0x00, 0x7F, 0xF0, 0x00, 0x00,
    0x00, 0x00, 0x7F, 0xC0, 0x00, 0x00, 0x00, 0x07, 0xFF, 0xF8, 0x00, 0x00,
    0x00, 0x1F, 0xFF, 0xFE, 0x00, 0x00, 0x00, 0x3F, 0xFF, 0xFF, 0x00, 0x00,
    0x00, 0x7F, 0xFF, 0xFF, 0xC0, 0x00, 0x00, 0xFF, 0xFF, 0xFF, 0xE0, 0x00,
    0x01, 0xFF, 0xFF, 0xFF, 0xE0, 0x00, 0x03, 0xFF, 0xFF, 0xFF, 0xF0, 0x00,
    0x03, 0xFF, 0xE1, 0xFF, 0xF8, 0x00, 0x07, 0xFF, 0x80, 0x7F, 0xF8, 0x00,
    0x07, 0xFF, 0x80, 0x3F, 0xFC, 0x00, 0x0F, 0xFF, 0x80, 0x1F, 0xFC, 0x00,
    0x0F, 0xFF, 0xC0, 0x1F, 0xFC, 0x00, 0x0F, 0xFF, 0xE0, 0x0F, 0xFE, 0x00,
    0x0F, 0xFF, 0xE0, 0x0F, 0xFE, 0x00, 0x1F, 0xFF, 0xF0, 0x0F, 0xFE, 0x00,
    0x1F, 0xFF, 0xF8, 0x07, 0xFE, 0x00, 0x1F, 0xFF, 0xFC, 0x07, 0xFE, 0x00,
    0x1F, 0xFD, 0xFC, 0x07, 0xFF, 0x00, 0x1F, 0xF9, 0xFE, 0x07, 0xFF, 0x00,
    0x1F, 0xF8, 0xFF, 0x07, 0xFF, 0x00, 0x1F, 0xF8, 0x7F, 0x07, 0xFF, 0x00,
    0x1F, 0xF8, 0x3F, 0x87, 0xFF, 0x00, 0x1F, 0xF8, 0x3F, 0xC7, 0xFF, 0x00,
    0x1F, 0xF8, 0x1F, 0xC7, 0xFF, 0x00, 0x1F, 0xF8, 0x0F, 0xE7, 0xFF, 0x00,
    0x1F, 0xF8, 0x0F, 0xF7, 0xFF, 0x00, 0x1F, 0xFC, 0x07, 0xFF, 0xFE, 0x00,
    0x1F, 0xFC, 0x03, 0xFF, 0xFE, 0x00, 0x1F, 0xFC, 0x01, 0xFF, 0xFE, 0x00,
    0x0F, 0xFC, 0x01, 0xFF, 0xFE, 0x00, 0x0F, 0xFE, 0x00, 0xFF, 0xFE, 0x00,
    0x0F, 0xFE, 0x00, 0x7F, 0xFC, 0x00, 0x0F, 0xFF, 0x00, 0x7F, 0xFC, 0x00,
    0x07, 0xFF, 0x00, 0x3F, 0xFC, 0x00, 0x07, 0xFF, 0x80, 0x7F, 0xF8, 0x00,
    0x03, 0xFF, 0xE0, 0xFF, 0xF8, 0x00, 0x03, 0xFF, 0xFF, 0xFF, 0xF0, 0x00,
    0x01, 0xFF, 0xFF, 0xFF, 0xE0, 0x00, 0x00, 0xFF, 0xFF, 0xFF, 0xC0, 0x00,
    0x00, 0x7F, 0xFF, 0xFF, 0xC0, 0x00, 0x00, 0x3F, 0xFF, 0xFF, 0x00, 0x00,
    0x00, 0x0F, 0xFF, 0xFE, 0x00, 0x00, 0x00, 0x07, 0xFF, 0xF8, 0x00, 0x00,
    0x00, 0x00, 0x7F, 0xC0, 0x00, 0x00, 0x00, 0x03, 0xFE, 0x00, 0x00, 0x03,
    0xFE, 0x00, 0x00, 0x07, 0xFE, 0x00, 0x00, 0x07, 0xFE, 0x00, 0x00, 0x1F,
    0xFE, 0x00, 0x00, 0x7F, 0xFE, 0x00, 0x1F, 0xFF, 0xFE, 0x00, 0x1F, 0xFF,
    0xFE, 0x00, 0x1F, 0xFF, 0xFE, 0x00, 0x1F, 0xFF, 0xFE, 0x00, 0x1F, 0xFF,
    0xFE, 0x00, 0x1F, 0xFF, 0xFE, 0x00, 0x1F, 0xFF, 0xFE, 0x00, 0x1F, 0xFF,
    0xFE, 0x00, 0x00, 0x0F, 0xFE, 0x00, 0x00, 0x0F, 0xFE, 0x00, 0x00, 0x0F,
    0xFE, 0x00, 0x00, 0x0F, 0xFE, 0x00, 0x00, 0x0F, 0xFE, 0x00, 0x00, 0x0F,
    0xFE, 0x00, 0x00, 0x0F, 0xFE, 0x00, 0x00, 0x0F, 0xFE, 0x00, 0x00, 0x0F,
    0xFE, 0x00, 0x00, 0x0F, 0xFE, 0x00, 0x00, 0x0F, 0xFE, 0x00, 0x00, 0x0F,
    0xFE, 0x00, 0x00, 0x0F, 0xFE, 0x00, 0x00, 0x0F, 0xFE, 0x00, 0x00, 0x0F,
    0xFE, 0x00, 0x00, 0x0F, 0xFE, 0x00, 0x00, 0x0F, 0xFE, 0x00, 0x00, 0x0F,
    0xFE, 0x00, 0x00, 0x0F, 0xFE, 0x00, 0x00, 0x0F, 0xFE, 0x00, 0x00, 0x0F,
    0xFE, 0x00, 0x00, 0x0F, 0xFE, 0x00, 0x00, 0x0F, 0xFE, 0x00, 0x00, 0x0F,
    0xFE, 0x00, 0x00, 0x0F, 0xFE, 0x00, 0x00, 0x0F, 0xFE, 0x00, 0x00, 0x0F,
    0xFE, 0x00, 0x00, 0x0F, 0xFE, 0x00, 0x00, 0x0F, 0xFE, 0x00, 0x00, 0x01,
    0xFF, 0x00, 0x00, 0x00, 0x0F, 0xFF, 0xE0, 0x00, 0x00, 0x3F, 0xFF, 0xF8,
    0x00, 0x00, 0xFF, 0xFF, 0xFE, 0x00, 0x01, 0xFF, 0xFF, 0xFF, 0x00, 0x03,
    0xFF, 0xFF, 0xFF, 0x00, 0x07, 0xFF, 0xFF, 0xFF, 0x80, 0x0F, 0xFF, 0xFF,
    0xFF, 0xC0, 0x0F, 0xFF, 0x87, 0xFF, 0xC0, 0x1F, 0xFE, 0x01, 0xFF, 0xC0,
    0x07, 0xFC, 0x00, 0xFF, 0xE0, 0x00, 0xF8, 0x00, 0xFF, 0xE0, 0x00, 0x38,
    0x00, 0xFF, 0xE0, 0x00, 0x00, 0x00, 0xFF, 0xE0, 0x00, 0x00, 0x00, 0xFF,
    0xE0, 0x00, 0x00, 0x00, 0xFF, 0xE0, 0x00, 0x00, 0x00, 0xFF, 0xC0, 0x00,
    0x00, 0x01, 0xFF, 0xC0, 0x00, 0x00, 0x01, 0xFF, 0xC0, 0x00, 0x00, 0x03,
    0xFF, 0x80, 0x00, 0x00, 0x07, 0xFF, 0x80, 0x00, 0x00, 0x0F, 0xFF, 0x00,
    0x00, 0x00, 0x1F, 0xFF, 0x00, 0x00, 0x00, 0x3F, 0xFE, 0x00, 0x00, 0x00,
    0x7F, 0xFC, 0x00, 0x00, 0x00, 0xFF, 0xF8, 0x00, 0x00, 0x01, 0xFF, 0xF0,
    0x00, 0x00, 0x03, 0xFF, 0xE0, 0x00, 0x00, 0x0F, 0xFF, 0xC0, 0x00, 0x00,
    0x1F, 0xFF, 0x80, 0x00, 0x00, 0x3F, 0xFF, 0x00, 0x00, 0x00, 0xFF, 0xFC,
    0x00, 0x00, 0x01, 0xFF, 0xF8, 0x00, 0x00, 0x03, 0xFF, 0xF0, 0x00, 0x00,
    0x0F, 0xFF, 0xC0, 0x00, 0x00, 0x1F, 0xFF, 0x80, 0x00, 0x00, 0x3F, 0xFF,
    0xFF, 0xFF, 0xE0, 0x3F, 0xFF, 0xFF, 0xFF, 0xE0, 0x3F, 0xFF, 0xFF, 0xFF,
    0xE0, 0x3F, 0xFF, 0xFF, 0xFF, 0xE0, 0x3F, 0xFF, 0xFF, 0xFF, 0xE0, 0x3F,
    0xFF, 0xFF, 0xFF, 0xE0, 0x3F, 0xFF, 0xFF, 0xFF, 0xE0, 0x3F, 0xFF, 0xFF,
    0xFF, 0xE0, 0x00, 0x03, 0xFF, 0x00, 0x00, 0x00, 0x1F, 0xFF, 0xE0, 0x00,
    0x00, 0x7F, 0xFF, 0xF8, 0x00, 0x01, 0xFF, 0xFF, 0xFE, 0x00, 0x03, 0xFF,
    0xFF, 0xFF, 0x00, 0x07, 0xFF, 0xFF, 0xFF, 0x80, 0x0F, 0xFF, 0xFF, 0xFF,
    0xC0, 0x0F, 0xFF, 0xFF, 0xFF, 0xC0, 0x1F, 0xFF, 0x07, 0xFF, 0xE0, 0x1F,
    0xFC, 0x01, 0xFF, 0xE0, 0x0F, 0xF8, 0x00, 0xFF, 0xE0, 0x01, 0xF0, 0x00,
    0x7F, 0xE0, 0x00, 0x30, 0x00, 0x7F, 0xE0, 0x00, 0x00, 0x00, 0x7F, 0xE0,
    0x00, 0x00, 0x00, 0xFF, 0xE0, 0x00, 0x00, 0x00, 0xFF, 0xE0, 0x00, 0x00,
    0x01, 0xFF, 0xC0, 0x00, 0x00, 0x03, 0xFF, 0xC0, 0x00, 0x00, 0x0F, 0xFF,
    0x80, 0x00, 0x07, 0xFF, 0xFF, 0x00, 0x00, 0x07, 0xFF, 0xFE, 0x00, 0x00,
    0x07, 0xFF, 0xFC, 0x00, 0x00, 0x07, 0xFF, 0xF8, 0x00, 0x00, 0x07, 0xFF,
    0xFE, 0x00, 0x00, 0x07, 0xFF, 0xFF, 0x80, 0x00, 0x07, 0xFF, 0xFF, 0xC0,
    0x00, 0x00, 0x0F, 0xFF, 0xC0, 0x00, 0x00, 0x01, 0xFF, 0xE0, 0x00, 0x00,
    0x00, 0xFF, 0xE0, 0x00, 0x00, 0x00, 0x7F, 0xF0, 0x00, 0x00, 0x00, 0x7F,
    0xF0, 0x00, 0x00, 0x00, 0x7F, 0xF0, 0x00, 0x70, 0x00, 0x7F, 0xF0, 0x01,
    0xF0, 0x00, 0x7F, 0xF0, 0x0F, 0xF8, 0x00, 0xFF, 0xF0, 0x3F, 0xFC, 0x01,
    0xFF, 0xE0, 0x1F, 0xFF, 0x03, 0xFF, 0xE0, 0x1F, 0xFF, 0xFF, 0xFF, 0xE0,
    0x0F, 0xFF, 0xFF, 0xFF, 0xC0, 0x07, 0xFF, 0xFF, 0xFF, 0x80, 0x03, 0xFF,
    0xFF, 0xFF, 0x00, 0x01, 0xFF, 0xFF, 0xFE, 0x00, 0x00, 0x7F, 0xFF, 0xF8,
    0x00, 0x00, 0x1F, 0xFF, 0xE0, 0x00, 0x00, 0x03, 0xFF, 0x00, 0x00, 0x00,
    0x00, 0x03, 0xFF, 0x80, 0x00, 0x00, 0x07, 0xFF, 0x80, 0x00, 0x00, 0x0F,
    0xFF, 0x80, 0x00, 0x00, 0x1F, 0xFF, 0x80, 0x00, 0x00, 0x1F, 0xFF, 0x80,
    0x00, 0x00, 0x3F, 0xFF, 0x80, 0x00, 0x00, 0x7F, 0xFF, 0x80, 0x00, 0x00,
    0xFF, 0xFF, 0x80, 0x00, 0x01, 0xFF, 0xFF, 0x80, 0x00, 0x01, 0xFF, 0xFF,
    0x80, 0x00, 0x03, 0xFF, 0xFF, 0x80, 0x00, 0x07, 0xFF, 0xFF, 0x80, 0x00,
    0x0F, 0xFF, 0xFF, 0x80, 0x00, 0x0F, 0xFF, 0xFF, 0x80, 0x00, 0x1F, 0xFF,
    0xFF, 0x80, 0x00, 0x3F, 0xFB, 0xFF, 0x80, 0x00, 0x7F, 0xF3, 0xFF, 0x80,
    0x00, 0xFF, 0xE3, 0xFF, 0x80, 0x00, 0xFF, 0xC3, 0xFF, 0x80, 0x01, 0xFF,
    0x83, 0xFF, 0x80, 0x03, 0xFF, 0x03, 0xFF, 0x80, 0x07, 0xFF, 0x03, 0xFF,
    0x80, 0x07, 0xFE, 0x03, 0xFF, 0x80, 0x0F, 0xFC, 0x03, 0xFF, 0x80, 0x1F,
    0xF8, 0x03, 0xFF, 0x80, 0x3F, 0xFF, 0xFF, 0xFF, 0xFC, 0x3F, 0xFF, 0xFF,
    0xFF, 0xFC, 0x7F, 0xFF, 0xFF, 0xFF, 0xFC, 0x7F, 0xFF, 0xFF, 0xFF, 0xFC,
    0x7F, 0xFF, 0xFF, 0xFF, 0xFC, 0x7F, 0xFF, 0xFF, 0xFF, 0xFC, 0x7F, 0xFF,
    0xFF, 0xFF, 0xFC, 0x7F, 0xFF, 0xFF, 0xFF, 0xFC, 0x7F, 0xFF, 0xFF, 0xFF,
    0xFC, 0x00, 0x00, 0x03, 0xFF, 0x80, 0x00, 0x00, 0x03, 0xFF, 0x80, 0x00,
    0x00, 0x03, 0xFF, 0x80, 0x00, 0x00, 0x03, 0xFF, 0x80, 0x00, 0x00, 0x03,
    0xFF, 0x80, 0x00, 0x00, 0x03, 0xFF, 0x80, 0x00, 0x00, 0x03, 0xFF, 0x80,
    0x00, 0x00, 0x03, 0xFF, 0x80, 0x00, 0x00, 0x03, 0xFF, 0x80, 0x07, 0xFF,
    0xFF, 0xFF, 0xE0, 0x07, 0xFF, 0xFF, 0xFF, 0xE0, 0x07, 0xFF, 0xFF, 0xFF,
    0xE0, 0x07, 0xFF, 0xFF, 0xFF, 0xE0, 0x07, 0xFF, 0xFF, 0xFF, 0xE0, 0x07,
    0xFF, 0xFF, 0xFF, 0xE0, 0x0F, 0xFF, 0xFF, 0xFF, 0xE0, 0x0F, 0xFF, 0xFF,
    0xFF, 0xE0, 0x0F, 0xFC, 0x00, 0x00, 0x00, 0x0F, 0xFC, 0x00, 0x00, 0x00,
    0x0F, 0xFC, 0x00, 0x00, 0x00, 0x0F, 0xFC, 0x00, 0x00, 0x00, 0x0F, 0xFC,
    0x00, 0x00, 0x00, 0x0F, 0xF8, 0x00, 0x00, 0x00, 0x0F, 0xF8, 0x7F, 0xC0,
    0x00, 0x1F, 0xFB, 0xFF, 0xF8, 0x00, 0x1F, 0xFF, 0xFF, 0xFC, 0x00, 0x1F,
    0xFF, 0xFF, 0xFF, 0x00, 0x1F, 0xFF, 0xFF, 0xFF, 0x80, 0x1F, 0xFF, 0xFF,
    0xFF, 0xC0, 0x1F, 0xFF, 0xFF, 0xFF, 0xC0, 0x1F, 0xFF, 0xFF, 0xFF, 0xE0,
    0x1F, 0xFF, 0x07, 0xFF, 0xE0, 0x07, 0xFC, 0x01, 0xFF, 0xF0, 0x00, 0xF8,
    0x00, 0xFF, 0xF0, 0x00, 0x10, 0x00, 0x7F, 0xF0, 0x00, 0x00, 0x00, 0x7F,
    0xF8, 0x00, 0x00, 0x00, 0x3F, 0xF8, 0x00, 0x00, 0x00, 0x3F, 0xF8, 0x00,
    0x00, 0x00, 0x3F, 0xF8, 0x00, 0x00, 0x00, 0x3F, 0xF8, 0x00, 0x30, 0x00,
    0x7F, 0xF0, 0x01, 0xF0, 0x00, 0x7F, 0xF0, 0x0F, 0xF8, 0x00, 0xFF, 0xF0,
    0x1F, 0xFC, 0x01, 0xFF, 0xF0, 0x1F, 0xFF, 0x07, 0xFF, 0xE0, 0x0F, 0xFF,
    0xFF, 0xFF, 0xE0, 0x0F, 0xFF, 0xFF, 0xFF, 0xC0, 0x07, 0xFF, 0xFF, 0xFF,
    0x80, 0x03, 0xFF, 0xFF, 0xFF, 0x00, 0x01, 0xFF, 0xFF, 0xFE, 0x00, 0x00,
    0x7F, 0xFF, 0xF8, 0x00, 0x00, 0x1F, 0xFF, 0xE0, 0x00, 0x00, 0x03, 0xFF,
    0x00, 0x00, 0x00, 0x00, 0x7F, 0xE0, 0x00, 0x00, 0x00, 0x03, 0xFF, 0xFC,
    0x00, 0x00, 0x00, 0x0F, 0xFF, 0xFE, 0x00, 0x00, 0x00, 0x1F, 0xFF, 0xFF,
    0x80, 0x00, 0x00, 0x3F, 0xFF, 0xFF, 0xC0, 0x00, 0x00, 0x7F, 0xFF, 0xFF,
    0xC0, 0x00, 0x00, 0xFF, 0xFF, 0xFF, 0xE0, 0x00, 0x01, 0xFF, 0xFF, 0xFF,
    0xE0, 0x00, 0x01, 0xFF, 0xE1, 0xFF, 0x80, 0x00, 0x03, 0xFF, 0x80, 0x7C,
    0x00, 0x00, 0x03, 0xFF, 0x00, 0x20, 0x00, 0x00, 0x07, 0xFF, 0x00, 0x00,
    0x00, 0x00, 0x07, 0xFE, 0x00, 0x00, 0x00, 0x00, 0x07, 0xFE, 0x00, 0x00,
    0x00, 0x00, 0x0F, 0xFC, 0x00, 0x00, 0x00, 0x00, 0x0F, 0xFC, 0x1F, 0xF0,
    0x00, 0x00, 0x0F, 0xFC, 0xFF, 0xFC, 0x00, 0x00, 0x0F, 0xFD, 0xFF, 0xFF,
    0x00, 0x00, 0x0F, 0xFF, 0xFF, 0xFF, 0x80, 0x00, 0x1F, 0xFF, 0xFF, 0xFF,
    0xC0, 0x00, 0x1F, 0xFF, 0xFF, 0xFF, 0xE0, 0x00, 0x1F, 0xFF, 0xFF, 0xFF,
    0xF0, 0x00, 0x1F, 0xFF, 0xFF, 0xFF, 0xF0, 0x00, 0x1F, 0xFF, 0xC1, 0xFF,
    0xF8, 0x00, 0x1F, 0xFF, 0x00, 0x7F, 0xF8, 0x00, 0x1F, 0xFF, 0x00, 0x3F,
    0xF8, 0x00, 0x1F, 0xFE, 0x00, 0x3F, 0xF8, 0x00, 0x1F, 0xFE, 0x00, 0x1F,
    0xFC, 0x00, 0x1F, 0xFC, 0x00, 0x1F, 0xFC, 0x00, 0x0F, 0xFC, 0x00, 0x1F,
    0xFC, 0x00, 0x0F, 0xFC, 0x00, 0x1F, 0xFC, 0x00, 0x0F, 0xFC, 0x00, 0x1F,
    0xFC, 0x00, 0x0F, 0xFE, 0x00, 0x1F, 0xF8, 0x00, 0x07, 0xFE, 0x00, 0x3F,
    0xF8, 0x00, 0x07, 0xFF, 0x00, 0x3F, 0xF8, 0x00, 0x03, 0xFF, 0x80, 0x7F,
    0xF8, 0x00, 0x03, 0xFF, 0xC1, 0xFF, 0xF0, 0x00, 0x01, 0xFF, 0xFF, 0xFF,
    0xE0, 0x00, 0x01, 0xFF, 0xFF, 0xFF, 0xE0, 0x00, 0x00, 0xFF, 0xFF, 0xFF,
    0xC0, 0x00, 0x00, 0x7F, 0xFF, 0xFF, 0x80, 0x00, 0x00, 0x3F, 0xFF, 0xFF,
    0x00, 0x00, 0x00, 0x0F, 0xFF, 0xFC, 0x00, 0x00, 0x00, 0x07, 0xFF, 0xF0,
    0x00, 0x00, 0x00, 0x00, 0xFF, 0x80, 0x00, 0x00, 0x7F, 0xFF, 0xFF, 0xFF,
    0x80, 0x7F, 0xFF, 0xFF, 0xFF, 0x80, 0x7F, 0xFF, 0xFF, 0xFF, 0x80, 0x7F,
    0xFF, 0xFF, 0xFF, 0x80, 0x7F, 0xFF, 0xFF, 0xFF, 0x80, 0x7F, 0xFF, 0xFF,
    0xFF, 0x80, 0x7F, 0xFF, 0xFF, 0xFF, 0x80, 0x7F, 0xFF, 0xFF, 0xFF, 0x80,
    0x00, 0x00, 0x03, 0xFF, 0x80, 0x00, 0x00, 0x03, 0xFF, 0x80, 0x00, 0x00,
    0x07, 0xFF, 0x00, 0x00, 0x00, 0x07, 0xFF, 0x00, 0x00, 0x00, 0x0F, 0xFE,
    0x00, 0x00, 0x00, 0x0F, 0xFE, 0x00, 0x00, 0x00, 0x1F, 0xFC, 0x00, 0x00,
    0x00, 0x1F, 0xFC, 0x00, 0x00, 0x00, 0x3F, 0xFC, 0x00, 0x00, 0x00, 0x3F,
    0xF8, 0x00, 0x00, 0x00, 0x7F, 0xF8, 0x00, 0x00, 0x00, 0x7F, 0xF0, 0x00,
    0x00, 0x00, 0xFF, 0xF0, 0x00, 0x00, 0x00, 0xFF, 0xE0, 0x00, 0x00, 0x01,
    0xFF, 0xE0, 0x00, 0x00, 0x01, 0xFF, 0xC0, 0x00, 0x00, 0x03, 0xFF, 0xC0,
    0x00, 0x00, 0x03, 0xFF, 0x80, 0x00, 0x00, 0x07, 0xFF, 0x80, 0x00, 0x00,
    0x07, 0xFF, 0x00, 0x00, 0x00, 0x0F, 0xFF, 0x00, 0x00, 0x00, 0x0F, 0xFE,
    0x00, 0x00, 0x00, 0x1F, 0xFE, 0x00, 0x00, 0x00, 0x1F, 0xFE, 0x00, 0x00,
    0x00, 0x3F, 0xFC, 0x00, 0x00, 0x00, 0x3F, 0xFC, 0x00, 0x00, 0x00, 0x7F,
    0xF8, 0x00, 0x00, 0x00, 0x7F, 0xF8, 0x00, 0x00, 0x00, 0xFF, 0xF0, 0x00,
    0x00, 0x00, 0xFF, 0xF0, 0x00, 0x00, 0x01, 0xFF, 0xE0, 0x00, 0x00, 0x01,
    0xFF, 0xE0, 0x00, 0x00, 0x03, 0xFF, 0xC0, 0x00, 0x00, 0x03, 0xFF, 0xC0,
    0x00, 0x00, 0x07, 0xFF, 0x80, 0x00, 0x00, 0x00, 0x00, 0xFF, 0x00, 0x00,
    0x00, 0x03, 0xFF, 0xC0, 0x00, 0x00, 0x0F, 0xFF, 0xF0, 0x00, 0x00, 0x1F,
    0xFF, 0xF8, 0x00, 0x00, 0x3F, 0xFF, 0xFC, 0x00, 0x00, 0x3F, 0xFF, 0xFC,
    0x00, 0x00, 0x7F, 0xFF, 0xFE, 0x00, 0x00, 0x7F, 0xFF, 0xFF, 0x00, 0x00,
    0xFF, 0xE3, 0xFF, 0x00, 0x00, 0xFF, 0x81, 0xFF, 0x00, 0x00, 0xFF, 0x80,
    0xFF, 0x00, 0x00, 0xFF, 0x00, 0xFF, 0x00, 0x00, 0xFF, 0x00, 0xFF, 0x00,
    0x00, 0xFF, 0x00, 0xFF, 0x00, 0x00, 0xFF, 0x80, 0xFF, 0x00, 0x00, 0xFF,
    0x81, 0xFF, 0x00, 0x00, 0xFF, 0xC3, 0xFF, 0x00, 0x00, 0xFF, 0xFF, 0xFF,
    0x00, 0x00, 0x7F, 0xFF, 0xFE, 0x00, 0x00, 0x7F, 0xFF, 0xFE, 0x00, 0x00,
    0xFF, 0xFF, 0xFF, 0x00, 0x03, 0xFF, 0xFF, 0xFF, 0xC0, 0x07, 0xFF, 0xFF,
    0xFF, 0xE0, 0x07, 0xFF, 0xFF, 0xFF, 0xF0, 0x0F, 0xFF, 0xFF, 0xFF, 0xF0,
    0x1F, 0xFF, 0x81, 0xFF, 0xF8, 0x1F, 0xFE, 0x00, 0x7F, 0xF8, 0x1F, 0xFC,
    0x00, 0x3F, 0xFC, 0x3F, 0xF8, 0x00, 0x1F, 0xFC, 0x3F, 0xF8, 0x00, 0x1F,
    0xFC, 0x3F, 0xF8, 0x00, 0x1F, 0xFC, 0x3F, 0xF8, 0x00, 0x1F, 0xFC, 0x3F,
    0xF8, 0x00, 0x1F, 0xFC, 0x3F, 0xFC, 0x00, 0x3F, 0xFC, 0x1F, 0xFE, 0x00,
    0x7F, 0xF8, 0x1F, 0xFF, 0x81, 0xFF, 0xF8, 0x1F, 0xFF, 0xFF, 0xFF, 0xF8,
    0x0F, 0xFF, 0xFF, 0xFF, 0xF0, 0x07, 0xFF, 0xFF, 0xFF, 0xF0, 0x07, 0xFF,
    0xFF, 0xFF, 0xE0, 0x03, 0xFF, 0xFF, 0xFF, 0xC0, 0x00, 0xFF, 0xFF, 0xFF,
    0x80, 0x00, 0x7F, 0xFF, 0xFE, 0x00, 0x00, 0x1F, 0xFF, 0xF8, 0x00, 0x00,
    0x01, 0xFF, 0x80, 0x00, 0x00, 0x03, 0xF8, 0x00, 0x00, 0x00, 0x1F, 0xFF,
    0x00, 0x00, 0x00, 0x7F, 0xFF, 0xC0, 0x00, 0x00, 0xFF, 0xFF, 0xE0, 0x00,
    0x01, 0xFF, 0xFF, 0xF0, 0x00, 0x03, 0xFF, 0xFF, 0xF8, 0x00, 0x07, 0xFF,
    0xFF, 0xFC, 0x00, 0x0F, 0xFF, 0xFF, 0xFE, 0x00, 0x0F, 0xFF, 0xFF, 0xFE,
    0x00, 0x1F, 0xFE, 0x0F, 0xFF, 0x00, 0x1F, 0xFC, 0x03, 0xFF, 0x00, 0x1F,
    0xF8, 0x01, 0xFF, 0x80, 0x3F, 0xF0, 0x01, 0xFF, 0x80, 0x3F, 0xF0, 0x00,
    0xFF, 0x80, 0x3F, 0xE0, 0x00, 0xFF, 0x80, 0x3F, 0xE0, 0x00, 0xFF, 0x80,
    0x3F, 0xE0, 0x00, 0xFF, 0x80, 0x3F, 0xE0, 0x00, 0xFF, 0x80, 0x3F, 0xF0,
    0x00, 0xFF, 0x80, 0x3F, 0xF0, 0x01, 0xFF, 0x80, 0x1F, 0xF8, 0x01, 0xFF,
    0x80, 0x1F, 0xFC, 0x03, 0xFF, 0x00, 0x1F, 0xFE, 0x0F, 0xFF, 0x00, 0x0F,
    0xFF, 0xFF, 0xFF, 0x00, 0x0F, 0xFF, 0xFF, 0xFE, 0x00, 0x07, 0xFF, 0xFF,
    0xFE, 0x00, 0x03, 0xFF, 0xFF, 0xFC, 0x00, 0x01, 0xFF, 0xFF, 0xFC, 0x00,
    0x00, 0xFF, 0xFF, 0xF8, 0x00, 0x00, 0x7F, 0xFF, 0xF8, 0x00, 0x00, 0x1F,
    0xFF, 0xF0, 0x00, 0x00, 0x07, 0xFF, 0xF0, 0x00, 0x00, 0x00, 0x7F, 0xE0,
    0x00, 0x00, 0x00, 0xFF, 0xE0, 0x00, 0x00, 0x00, 0xFF, 0xC0, 0x00, 0x00,
    0x01, 0xFF, 0xC0, 0x00, 0x00, 0x01, 0xFF, 0x80, 0x00, 0x00, 0x03, 0xFF,
    0x80, 0x00, 0x00, 0x03, 0xFF, 0x00, 0x00, 0x00, 0x07, 0xFF, 0x00, 0x00,
    0x00, 0x07, 0xFE, 0x00, 0x00, 0x00, 0x0F, 0xFE, 0x00, 0x00, 0x00, 0x1F,
    0xFC, 0x00, 0x00, 0x00, 0x1F, 0xFC, 0x00, 0x00, 0x01, 0xF0, 0x00, 0x07,
    0xFC, 0x00, 0x0F, 0xFE, 0x00, 0x0F, 0xFF, 0x00, 0x1F, 0xFF, 0x00, 0x1F,
    0xFF, 0x00, 0x1F, 0xFF, 0x00, 0x1F, 0xFF, 0x00, 0x1F, 0xFF, 0x00, 0x0F,
    0xFE, 0x00, 0x0F, 0xFE, 0x00, 0x07, 0xFC, 0x00, 0x01, 0xF0, 0x00, 0x00,
    0x00, 0x00, 0x00, 0x00, 0x00, 0x00, 0x00, 0x00, 0x00, 0x00, 0x00, 0x00,
    0x00, 0x00, 0x00, 0x00, 0x00, 0x00, 0x00, 0x00, 0x01, 0xF0, 0x00, 0x07,
    0xFC, 0x00, 0x0F, 0xFE, 0x00, 0x0F, 0xFF, 0x00, 0x1F, 0xFF, 0x00, 0x1F,
    0xFF, 0x00, 0x1F, 0xFF, 0x00, 0x1F, 0xFF, 0x00, 0x1F, 0xFF, 0x00, 0x0F,
    0xFE, 0x00, 0x0F, 0xFE, 0x00, 0x07, 0xFC, 0x00, 0x01, 0xF0, 0x00, 0x01,
    0xF0, 0x00, 0x07, 0xFC, 0x00, 0x0F, 0xFE, 0x00, 0x0F, 0xFF, 0x00, 0x1F,
    0xFF, 0x00, 0x1F, 0xFF, 0x00, 0x1F, 0xFF, 0x00, 0x1F, 0xFF, 0x00, 0x1F,
    0xFF, 0x00, 0x0F, 0xFE, 0x00, 0x0F, 0xFE, 0x00, 0x07, 0xFC, 0x00, 0x01,
    0xF0, 0x00, 0x00, 0x00, 0x00, 0x00, 0x00, 0x00, 0x00, 0x00, 0x00, 0x00,
    0x00, 0x00, 0x00, 0x00, 0x00, 0x00, 0x00, 0x00, 0x00, 0x00, 0x00, 0x01,
    0xF0, 0x00, 0x07, 0xFC, 0x00, 0x0F, 0xFE, 0x00, 0x0F, 0xFE, 0x00, 0x1F,
    0xFF, 0x00, 0x1F, 0xFF, 0x00, 0x1F, 0xFF, 0x00, 0x1F, 0xFF, 0x00, 0x1F,
    0xFF, 0x00, 0x0F, 0xFF, 0x00, 0x0F, 0xFE, 0x00, 0x07, 0xFE, 0x00, 0x03,
    0xFC, 0x00, 0x00, 0xFC, 0x00, 0x01, 0xFC, 0x00, 0x01, 0xF8, 0x00, 0x01,
    0xF8, 0x00, 0x03, 0xF0, 0x00, 0x03, 0xF0, 0x00, 0x03, 0xF0, 0x00, 0x07,
    0xE0, 0x00, 0x07, 0xE0, 0x00, 0x00, 0x00, 0x00, 0x00, 0x00, 0x00, 0x00,
    0x00, 0x01, 0xC0, 0x00, 0x00, 0x00, 0x07, 0xC0, 0x00, 0x00, 0x00, 0x1F,
    0xC0, 0x00, 0x00, 0x00, 0xFF, 0xC0, 0x00, 0x00, 0x03, 0xFF, 0xC0, 0x00,
    0x00, 0x1F, 0xFF, 0xC0, 0x00, 0x00, 0x7F, 0xFF, 0xC0, 0x00, 0x01, 0xFF,
    0xFF, 0xC0, 0x00, 0x0F, 0xFF, 0xFF, 0xC0, 0x00, 0x3F, 0xFF, 0xFF, 0x80,
    0x00, 0xFF, 0xFF, 0xFC, 0x00, 0x07, 0xFF, 0xFF, 0xE0, 0x00, 0x1F, 0xFF,
    0xFF, 0x00, 0x00, 0x1F, 0xFF, 0xF8, 0x00, 0x00, 0x1F, 0xFF, 0xC0, 0x00,
    0x00, 0x1F, 0xFF, 0x00, 0x00, 0x00, 0x1F, 0xFF, 0x00, 0x00, 0x00, 0x1F,
    0xFF, 0xC0, 0x00, 0x00, 0x1F, 0xFF, 0xF8, 0x00, 0x00, 0x1F, 0xFF, 0xFF,
    0x00, 0x00, 0x07, 0xFF, 0xFF, 0xE0, 0x00, 0x00, 0xFF, 0xFF, 0xFC, 0x00,
    0x00, 0x3F, 0xFF, 0xFF, 0x00, 0x00, 0x0F, 0xFF, 0xFF, 0xC0, 0x00, 0x01,
    0xFF, 0xFF, 0xC0, 0x00, 0x00, 0x7F, 0xFF, 0xC0, 0x00, 0x00, 0x1F, 0xFF,
    0xC0, 0x00, 0x00, 0x03, 0xFF, 0xC0, 0x00, 0x00, 0x00, 0xFF, 0xC0, 0x00,
    0x00, 0x00, 0x3F, 0xC0, 0x00, 0x00, 0x00, 0x07, 0xC0, 0x00, 0x00, 0x00,
    0x01, 0xC0, 0x00, 0x00, 0x00, 0x00, 0x40, 0x1F, 0xFF, 0xFF, 0xFF, 0xF0,
    0x1F, 0xFF, 0xFF, 0xFF, 0xF0, 0x1F, 0xFF, 0xFF, 0xFF, 0xF0, 0x1F, 0xFF,
    0xFF, 0xFF, 0xF0, 0x1F, 0xFF, 0xFF, 0xFF, 0xF0, 0x1F, 0xFF, 0xFF, 0xFF,
    0xF0, 0x1F, 0xFF, 0xFF, 0xFF, 0xF0, 0x1F, 0xFF, 0xFF, 0xFF, 0xF0, 0x1F,
    0xFF, 0xFF, 0xFF, 0xF0, 0x00, 0x00, 0x00, 0x00, 0x00, 0x00, 0x00, 0x00,
    0x00, 0x00, 0x00, 0x00, 0x00, 0x00, 0x00, 0x1F, 0xFF, 0xFF, 0xFF, 0xF0,
    0x1F, 0xFF, 0xFF, 0xFF, 0xF0, 0x1F, 0xFF, 0xFF, 0xFF, 0xF0, 0x1F, 0xFF,
    0xFF, 0xFF, 0xF0, 0x1F, 0xFF, 0xFF, 0xFF, 0xF0, 0x1F, 0xFF, 0xFF, 0xFF,
    0xF0, 0x1F, 0xFF, 0xFF, 0xFF, 0xF0, 0x1F, 0xFF, 0xFF, 0xFF, 0xF0, 0x1F,
    0xFF, 0xFF, 0xFF, 0xF0, 0x00, 0x00, 0x00, 0x00, 0x00, 0x00, 0x00, 0x00,
    0x00, 0x00, 0x00, 0x00, 0x00, 0x00, 0x00, 0x00, 0x00, 0x00, 0x00, 0x00,
    0x00, 0x00, 0x00, 0x00, 0x00, 0x00, 0x00, 0x00, 0x00, 0x00, 0x00, 0x00,
    0x00, 0x00, 0x00, 0x1C, 0x00, 0x00, 0x00, 0x00, 0x1F, 0x00, 0x00, 0x00,
    0x00, 0x1F, 0xC0, 0x00, 0x00, 0x00, 0x1F, 0xF8, 0x00, 0x00, 0x00, 0x1F,
    0xFE, 0x00, 0x00, 0x00, 0x1F, 0xFF, 0x80, 0x00, 0x00, 0x1F, 0xFF, 0xF0,
    0x00, 0x00, 0x1F, 0xFF, 0xFC, 0x00, 0x00, 0x1F, 0xFF, 0xFF, 0x80, 0x00,
    0x0F, 0xFF, 0xFF, 0xE0, 0x00, 0x01, 0xFF, 0xFF, 0xF8, 0x00, 0x00, 0x3F,
    0xFF, 0xFF, 0x00, 0x00, 0x07, 0xFF, 0xFF, 0xC0, 0x00, 0x00, 0xFF, 0xFF,
    0xC0, 0x00, 0x00, 0x1F, 0xFF, 0xC0, 0x00, 0x00, 0x07, 0xFF, 0xC0, 0x00,
    0x00, 0x07, 0xFF, 0xC0, 0x00, 0x00, 0x1F, 0xFF, 0xC0, 0x00, 0x00, 0xFF,
    0xFF, 0xC0, 0x00, 0x07, 0xFF, 0xFF, 0xC0, 0x00, 0x3F, 0xFF, 0xFF, 0x00,
    0x01, 0xFF, 0xFF, 0xF8, 0x00, 0x07, 0xFF, 0xFF, 0xE0, 0x00, 0x1F, 0xFF,
    0xFF, 0x80, 0x00, 0x1F, 0xFF, 0xFC, 0x00, 0x00, 0x1F, 0xFF, 0xF0, 0x00,
    0x00, 0x1F, 0xFF, 0xC0, 0x00, 0x00, 0x1F, 0xFE, 0x00, 0x00, 0x00, 0x1F,
    0xF8, 0x00, 0x00, 0x00, 0x1F, 0xE0, 0x00, 0x00, 0x00, 0x1F, 0x00, 0x00,
    0x00, 0x00, 0x1C, 0x00, 0x00, 0x00, 0x00, 0x00, 0x00, 0x00, 0x00, 0x00,
    0x00, 0x07, 0xFF, 0x00, 0x00, 0x00, 0x3F, 0xFF, 0xE0, 0x00, 0x01, 0xFF,
    0xFF, 0xFC, 0x00, 0x03, 0xFF, 0xFF, 0xFE, 0x00, 0x07, 0xFF, 0xFF, 0xFF,
    0x00, 0x1F, 0xFF, 0xFF, 0xFF, 0x80, 0x1F, 0xFF, 0xFF, 0xFF, 0xC0, 0x3F,
    0xFF, 0xFF, 0xFF, 0xE0, 0x7F, 0xFF, 0x07, 0xFF, 0xE0, 0x7F, 0xF8, 0x01,
    0xFF, 0xE0, 0x0F, 0xF0, 0x00, 0xFF, 0xE0, 0x03, 0xE0, 0x00, 0x7F, 0xE0,
    0x00, 0x60, 0x00, 0xFF, 0xE0, 0x00, 0x00, 0x00, 0xFF, 0xE0, 0x00, 0x00,
    0x03, 0xFF, 0xE0, 0x00, 0x00, 0x0F, 0xFF, 0xE0, 0x00, 0x00, 0x3F, 0xFF,
    0xC0, 0x00, 0x00, 0xFF, 0xFF, 0xC0, 0x00, 0x03, 0xFF, 0xFF, 0x80, 0x00,
    0x07, 0xFF, 0xFF, 0x00, 0x00, 0x0F, 0xFF, 0xFC, 0x00, 0x00, 0x0F, 0xFF,
    0xF0, 0x00, 0x00, 0x1F, 0xFF, 0xC0, 0x00, 0x00, 0x1F, 0xFF, 0x00, 0x00,
    0x00, 0x1F, 0xFE, 0x00, 0x00, 0x00, 0x1F, 0xFC, 0x00, 0x00, 0x00, 0x1F,
    0xF8, 0x00, 0x00, 0x00, 0x3F, 0xF8, 0x00, 0x00, 0x00, 0x3F, 0xF8, 0x00,
    0x00, 0x00, 0x00, 0x00, 0x00, 0x00, 0x00, 0x00, 0x00, 0x00, 0x00, 0x00,
    0x00, 0x00, 0x00, 0x00, 0x00, 0x07, 0xC0, 0x00, 0x00, 0x00, 0x0F, 0xF0,
    0x00, 0x00, 0x00, 0x1F, 0xF8, 0x00, 0x00, 0x00, 0x3F, 0xFC, 0x00, 0x00,
    0x00, 0x7F, 0xFC, 0x00, 0x00, 0x00, 0x7F, 0xFC, 0x00, 0x00, 0x00, 0x7F,
    0xFC, 0x00, 0x00, 0x00, 0x7F, 0xFC, 0x00, 0x00, 0x00, 0x7F, 0xFC, 0x00,
    0x00, 0x00, 0x3F, 0xFC, 0x00, 0x00, 0x00, 0x1F, 0xF8, 0x00, 0x00, 0x00,
    0x0F, 0xF0, 0x00, 0x00, 0x00, 0x07, 0xC0, 0x00, 0x00, 0x00, 0x00, 0x07,
    0xFE, 0x00, 0x00, 0x00, 0x00, 0x00, 0x7F, 0xFF, 0xC0, 0x00, 0x00, 0x00,
    0x01, 0xFF, 0xFF, 0xF8, 0x00, 0x00, 0x00, 0x07, 0xFF, 0xFF, 0xFC, 0x00,
    0x00, 0x00, 0x1F, 0xFF, 0xFF, 0xFF, 0x00, 0x00, 0x00, 0x3F, 0xF8, 0x03,
    0xFF, 0x80, 0x00, 0x00, 0x7F, 0xC0, 0x00, 0x7F, 0xC0, 0x00, 0x00, 0xFF,
    0x00, 0x00, 0x1F, 0xE0, 0x00, 0x01, 0xFE, 0x00, 0x00, 0x0F, 0xF0, 0x00,
    0x03, 0xF8, 0x00, 0x00, 0x03, 0xF8, 0x00, 0x03, 0xF0, 0x00, 0x00, 0x01,
    0xF8, 0x00, 0x07, 0xE0, 0x03, 0xFE, 0x00, 0xFC, 0x00, 0x0F, 0xE0, 0x0F,
    0xFF, 0xC0, 0xFC, 0x00, 0x0F, 0xC0, 0x3F, 0xFF, 0xC0, 0x7E, 0x00, 0x1F,
    0x80, 0x7F, 0xFF, 0xC0, 0x3E, 0x00, 0x1F, 0x80, 0xFF, 0xFF, 0xC0, 0x3F,
    0x00, 0x1F, 0x81, 0xFF, 0xFF, 0xC0, 0x3F, 0x00, 0x1F, 0x03, 0xFE, 0x0F,
    0xC0, 0x1F, 0x00, 0x3F, 0x03, 0xFC, 0x0F, 0xC0, 0x1F, 0x00, 0x3F, 0x03,
    0xF8, 0x0F, 0xC0, 0x1F, 0x00, 0x3F, 0x07, 0xF8, 0x0F, 0xC0, 0x1F, 0x00,
    0x3E, 0x07, 0xF0, 0x0F, 0xC0, 0x1F, 0x00, 0x3E, 0x07, 0xF0, 0x0F, 0xC0,
    0x1F, 0x00, 0x3E, 0x07, 0xF0, 0x0F, 0xC0, 0x1F, 0x00, 0x3E, 0x07, 0xF0,
    0x0F, 0xC0, 0x1F, 0x00, 0x3F, 0x07, 0xF0, 0x0F, 0xC0, 0x1F, 0x00, 0x3F,
    0x07, 0xF8, 0x1F, 0xC0, 0x3F, 0x00, 0x3F, 0x07, 0xF8, 0x1F, 0xC0, 0x3E,
    0x00, 0x3F, 0x03, 0xFC, 0x7F, 0xE0, 0x7E, 0x00, 0x1F, 0x83, 0xFF, 0xFF,
    0xF0, 0xFC, 0x00, 0x1F, 0x81, 0xFF, 0xFF, 0xFF, 0xFC, 0x00, 0x1F, 0x81,
    0xFF, 0xFF, 0xFF, 0xF8, 0x00, 0x0F, 0xC0, 0xFF, 0xF9, 0xFF, 0xF0, 0x00,
    0x0F, 0xE0, 0x3F, 0xF0, 0xFF, 0xE0, 0x00, 0x07, 0xF0, 0x0F, 0xC0, 0x1F,
    0x80, 0x00, 0x07, 0xF0, 0x00, 0x00, 0x00, 0x00, 0x00, 0x03, 0xFC, 0x00,
    0x00, 0x00, 0x00, 0x00, 0x01, 0xFE, 0x00, 0x00, 0x00, 0x00, 0x00, 0x00,
    0xFF, 0x00, 0x00, 0x00, 0x00, 0x00, 0x00, 0x7F, 0xC0, 0x00, 0x40, 0x00,
    0x00, 0x00, 0x3F, 0xF8, 0x03, 0xC0, 0x00, 0x00, 0x00, 0x1F, 0xFF, 0xFF,
    0xC0, 0x00, 0x00, 0x00, 0x07, 0xFF, 0xFF, 0xC0, 0x00, 0x00, 0x00, 0x03,
    0xFF, 0xFF, 0xC0, 0x00, 0x00, 0x00, 0x00, 0x7F, 0xFF, 0x80, 0x00, 0x00,
    0x00, 0x00, 0x0F, 0xFC, 0x00, 0x00, 0x00, 0x00, 0x00, 0xFF, 0xF8, 0x00,
    0x00, 0x00, 0x00, 0xFF, 0xF8, 0x00, 0x00, 0x00, 0x00, 0xFF, 0xF8, 0x00,
    0x00, 0x00, 0x01, 0xFF, 0xFC, 0x00, 0x00, 0x00, 0x01, 0xFF, 0xFC, 0x00,
    0x00, 0x00, 0x03, 0xFF, 0xFC, 0x00, 0x00, 0x00, 0x03, 0xFF, 0xFE, 0x00,
    0x00, 0x00, 0x03, 0xFF, 0xFE, 0x00, 0x00, 0x00, 0x07, 0xFF, 0xFF, 0x00,
    0x00, 0x00, 0x07, 0xFF, 0xFF, 0x00, 0x00, 0x00, 0x0F, 0xFF, 0xFF, 0x00,
    0x00, 0x00, 0x0F, 0xFF, 0xFF, 0x80, 0x00, 0x00, 0x0F, 0xFF, 0xFF, 0x80,
    0x00, 0x00, 0x1F, 0xFD, 0xFF, 0xC0, 0x00, 0x00, 0x1F, 0xFD, 0xFF, 0xC0,
    0x00, 0x00, 0x1F, 0xF8, 0xFF, 0xC0, 0x00, 0x00, 0x3F, 0xF8, 0xFF, 0xE0,
    0x00, 0x00, 0x3F, 0xF8, 0xFF, 0xE0, 0x00, 0x00, 0x7F, 0xF0, 0x7F, 0xE0,
    0x00, 0x00, 0x7F, 0xF0, 0x7F, 0xF0, 0x00, 0x00, 0x7F, 0xF0, 0x7F, 0xF0,
    0x00, 0x00, 0xFF, 0xE0, 0x3F, 0xF8, 0x00, 0x00, 0xFF, 0xE0, 0x3F, 0xF8,
    0x00, 0x00, 0xFF, 0xE0, 0x3F, 0xF8, 0x00, 0x01, 0xFF, 0xC0, 0x1F, 0xFC,
    0x00, 0x01, 0xFF, 0xC0, 0x1F, 0xFC, 0x00, 0x03, 0xFF, 0xC0, 0x1F, 0xFC,
    0x00, 0x03, 0xFF, 0xFF, 0xFF, 0xFE, 0x00, 0x03, 0xFF, 0xFF, 0xFF, 0xFE,
    0x00, 0x07, 0xFF, 0xFF, 0xFF, 0xFF, 0x00, 0x07, 0xFF, 0xFF, 0xFF, 0xFF,
    0x00, 0x07, 0xFF, 0xFF, 0xFF, 0xFF, 0x00, 0x0F, 0xFF, 0xFF, 0xFF, 0xFF,
    0x80, 0x0F, 0xFF, 0xFF, 0xFF, 0xFF, 0x80, 0x1F, 0xFF, 0xFF, 0xFF, 0xFF,
    0x80, 0x1F, 0xFF, 0xFF, 0xFF, 0xFF, 0xC0, 0x1F, 0xFC, 0x00, 0x01, 0xFF,
    0xC0, 0x3F, 0xFC, 0x00, 0x01, 0xFF, 0xE0, 0x3F, 0xFC, 0x00, 0x01, 0xFF,
    0xE0, 0x3F, 0xF8, 0x00, 0x00, 0xFF, 0xE0, 0x7F, 0xF8, 0x00, 0x00, 0xFF,
    0xF0, 0x7F, 0xF8, 0x00, 0x00, 0xFF, 0xF0, 0xFF, 0xF0, 0x00, 0x00, 0x7F,
    0xF0, 0x1F, 0xFF, 0xFF, 0xF0, 0x00, 0x00, 0x1F, 0xFF, 0xFF, 0xFF, 0x00,
    0x00, 0x1F, 0xFF, 0xFF, 0xFF, 0xC0, 0x00, 0x1F, 0xFF, 0xFF, 0xFF, 0xF0,
    0x00, 0x1F, 0xFF, 0xFF, 0xFF, 0xF8, 0x00, 0x1F, 0xFF, 0xFF, 0xFF, 0xFC,
    0x00, 0x1F, 0xFF, 0xFF, 0xFF, 0xFC, 0x00, 0x1F, 0xFF, 0xFF, 0xFF, 0xFE,
    0x00, 0x1F, 0xFF, 0xFF, 0xFF, 0xFE, 0x00, 0x1F, 0xFC, 0x00, 0x3F, 0xFE,
    0x00, 0x1F, 0xFC, 0x00, 0x1F, 0xFE, 0x00, 0x1F, 0xFC, 0x00, 0x0F, 0xFE,
    0x00, 0x1F, 0xFC, 0x00, 0x0F, 0xFE, 0x00, 0x1F, 0xFC, 0x00, 0x0F, 0xFE,
    0x00, 0x1F, 0xFC, 0x00, 0x0F, 0xFE, 0x00, 0x1F, 0xFC, 0x00, 0x1F, 0xFC,
    0x00, 0x1F, 0xFC, 0x00, 0x7F, 0xFC, 0x00, 0x1F, 0xFF, 0xFF, 0xFF, 0xF8,
    0x00, 0x1F, 0xFF, 0xFF, 0xFF, 0xF0, 0x00, 0x1F, 0xFF, 0xFF, 0xFF, 0xC0,
    0x00, 0x1F, 0xFF, 0xFF, 0xFF, 0xC0, 0x00, 0x1F, 0xFF, 0xFF, 0xFF, 0xF0,
    0x00, 0x1F, 0xFF, 0xFF, 0xFF, 0xF8, 0x00, 0x1F, 0xFF, 0xFF, 0xFF, 0xFC,
    0x00, 0x1F, 0xFF, 0xFF, 0xFF, 0xFE, 0x00, 0x1F, 0xFC, 0x00, 0x1F, 0xFF,
    0x00, 0x1F, 0xFC, 0x00, 0x0F, 0xFF, 0x00, 0x1F, 0xFC, 0x00, 0x07, 0xFF,
    0x80, 0x1F, 0xFC, 0x00, 0x07, 0xFF, 0x80, 0x1F, 0xFC, 0x00, 0x03, 0xFF,
    0x80, 0x1F, 0xFC, 0x00, 0x07, 0xFF, 0x80, 0x1F, 0xFC, 0x00, 0x07, 0xFF,
    0x80, 0x1F, 0xFC, 0x00, 0x0F, 0xFF, 0x80, 0x1F, 0xFC, 0x00, 0x1F, 0xFF,
    0x80, 0x1F, 0xFF, 0xFF, 0xFF, 0xFF, 0x00, 0x1F, 0xFF, 0xFF, 0xFF, 0xFF,
    0x00, 0x1F, 0xFF, 0xFF, 0xFF, 0xFE, 0x00, 0x1F, 0xFF, 0xFF, 0xFF, 0xFE,
    0x00, 0x1F, 0xFF, 0xFF, 0xFF, 0xFC, 0x00, 0x1F, 0xFF, 0xFF, 0xFF, 0xF8,
    0x00, 0x1F, 0xFF, 0xFF, 0xFF, 0xE0, 0x00, 0x1F, 0xFF, 0xFF, 0xFF, 0x80,
    0x00, 0x1F, 0xFF, 0xFF, 0xF8, 0x00, 0x00, 0x00, 0x00, 0x1F, 0xF0, 0x00,
    0x00, 0x00, 0x01, 0xFF, 0xFF, 0x00, 0x00, 0x00, 0x07, 0xFF, 0xFF, 0xC0,
    0x00, 0x00, 0x1F, 0xFF, 0xFF, 0xE0, 0x00, 0x00, 0x3F, 0xFF, 0xFF, 0xF8,
    0x00, 0x00, 0xFF, 0xFF, 0xFF, 0xFC, 0x00, 0x01, 0xFF, 0xFF, 0xFF, 0xFE,
    0x00, 0x01, 0xFF, 0xFF, 0xFF, 0xFF, 0x00, 0x03, 0xFF, 0xFF, 0xFF, 0xFF,
    0x00, 0x07, 0xFF, 0xF8, 0x1F, 0xFF, 0x80, 0x07, 0xFF, 0xE0, 0x07, 0xFF,
    0x80, 0x0F, 0xFF, 0x80, 0x03, 0xFE, 0x00, 0x0F, 0xFF, 0x00, 0x01, 0xF0,
    0x00, 0x1F, 0xFF, 0x00, 0x00, 0x80, 0x00, 0x1F, 0xFE, 0x00, 0x00, 0x00,
    0x00, 0x1F, 0xFE, 0x00, 0x00, 0x00, 0x00, 0x3F, 0xFC, 0x00, 0x00, 0x00,
    0x00, 0x3F, 0xFC, 0x00, 0x00, 0x00, 0x00, 0x3F, 0xFC, 0x00, 0x00, 0x00,
    0x00, 0x3F, 0xFC, 0x00, 0x00, 0x00, 0x00, 0x3F, 0xF8, 0x00, 0x00, 0x00,
    0x00, 0x3F, 0xF8, 0x00, 0x00, 0x00, 0x00, 0x3F, 0xF8, 0x00, 0x00, 0x00,
    0x00, 0x3F, 0xF8, 0x00, 0x00, 0x00, 0x00, 0x3F, 0xF8, 0x00, 0x00, 0x00,
    0x00, 0x3F, 0xFC, 0x00, 0x00, 0x00, 0x00, 0x3F, 0xFC, 0x00, 0x00, 0x00,
    0x00, 0x3F, 0xFC, 0x00, 0x00, 0x00, 0x00, 0x3F, 0xFC, 0x00, 0x00, 0x00,
    0x00, 0x1F, 0xFE, 0x00, 0x00, 0x00, 0x00, 0x1F, 0xFE, 0x00, 0x00, 0x00,
    0x00, 0x1F, 0xFF, 0x00, 0x00, 0x00, 0x00, 0x0F, 0xFF, 0x00, 0x00, 0xE0,
    0x00, 0x0F, 0xFF, 0x80, 0x01, 0xFC, 0x00, 0x0F, 0xFF, 0xE0, 0x07, 0xFF,
    0x00, 0x07, 0xFF, 0xF8, 0x1F, 0xFF, 0x80, 0x03, 0xFF, 0xFF, 0xFF, 0xFF,
    0x80, 0x03, 0xFF, 0xFF, 0xFF, 0xFF, 0x00, 0x01, 0xFF, 0xFF, 0xFF, 0xFE,
    0x00, 0x00, 0xFF, 0xFF, 0xFF, 0xFC, 0x00, 0x00, 0x7F, 0xFF, 0xFF, 0xF8,
    0x00, 0x00, 0x1F, 0xFF, 0xFF, 0xF0, 0x00, 0x00, 0x0F, 0xFF, 0xFF, 0xC0,
    0x00, 0x00, 0x01, 0xFF, 0xFF, 0x00, 0x00, 0x00, 0x00, 0x3F, 0xF0, 0x00,
    0x00, 0x1F, 0xFF, 0xFF, 0x80, 0x00, 0x00, 0x1F, 0xFF, 0xFF, 0xF8, 0x00,
    0x00, 0x1F, 0xFF, 0xFF, 0xFF, 0x00, 0x00, 0x1F, 0xFF, 0xFF, 0xFF, 0xC0,
    0x00, 0x1F, 0xFF, 0xFF, 0xFF, 0xF0, 0x00, 0x1F, 0xFF, 0xFF, 0xFF, 0xF8,
    0x00, 0x1F, 0xFF, 0xFF, 0xFF, 0xFC, 0x00, 0x1F, 0xFF, 0xFF, 0xFF, 0xFE,
    0x00, 0x1F, 0xFF, 0xFF, 0xFF, 0xFF, 0x00, 0x1F, 0xFC, 0x01, 0xFF, 0xFF,
    0x00, 0x1F, 0xFC, 0x00, 0x3F, 0xFF, 0x80, 0x1F, 0xFC, 0x00, 0x0F, 0xFF,
    0x80, 0x1F, 0xFC, 0x00, 0x07, 0xFF, 0xC0, 0x1F, 0xFC, 0x00, 0x03, 0xFF,
    0xC0, 0x1F, 0xFC, 0x00, 0x03, 0xFF, 0xC0, 0x1F, 0xFC, 0x00, 0x01, 0xFF,
    0xC0, 0x1F, 0xFC, 0x00, 0x01, 0xFF, 0xE0, 0x1F, 0xFC, 0x00, 0x01, 0xFF,
    0xE0, 0x1F, 0xFC, 0x00, 0x00, 0xFF, 0xE0, 0x1F, 0xFC, 0x00, 0x00, 0xFF,
    0xE0, 0x1F, 0xFC, 0x00, 0x00, 0xFF, 0xE0, 0x1F, 0xFC, 0x00, 0x00, 0xFF,
    0xE0, 0x1F, 0xFC, 0x00, 0x00, 0xFF, 0xE0, 0x1F, 0xFC, 0x00, 0x00, 0xFF,
    0xE0, 0x1F, 0xFC, 0x00, 0x00, 0xFF, 0xE0, 0x1F, 0xFC, 0x00, 0x01, 0xFF,
    0xE0, 0x1F, 0xFC, 0x00, 0x01, 0xFF, 0xE0, 0x1F, 0xFC, 0x00, 0x01, 0xFF,
    0xC0, 0x1F, 0xFC, 0x00, 0x03, 0xFF, 0xC0, 0x1F, 0xFC, 0x00, 0x03, 0xFF,
    0xC0, 0x1F, 0xFC, 0x00, 0x07, 0xFF, 0xC0, 0x1F, 0xFC, 0x00, 0x0F, 0xFF,
    0x80, 0x1F, 0xFC, 0x00, 0x3F, 0xFF, 0x80, 0x1F, 0xFC, 0x01, 0xFF, 0xFF,
    0x00, 0x1F, 0xFF, 0xFF, 0xFF, 0xFF, 0x00, 0x1F, 0xFF, 0xFF, 0xFF, 0xFE,
    0x00, 0x1F, 0xFF, 0xFF, 0xFF, 0xFC, 0x00, 0x1F, 0xFF, 0xFF, 0xFF, 0xF8,
    0x00, 0x1F, 0xFF, 0xFF, 0xFF, 0xF0, 0x00, 0x1F, 0xFF, 0xFF, 0xFF, 0xC0,
    0x00, 0x1F, 0xFF, 0xFF, 0xFF, 0x00, 0x00, 0x1F, 0xFF, 0xFF, 0xF8, 0x00,
    0x00, 0x1F, 0xFF, 0xFF, 0x80, 0x00, 0x00, 0x1F, 0xFF, 0xFF, 0xFF, 0xF8,
    0x1F, 0xFF, 0xFF, 0xFF, 0xF8, 0x1F, 0xFF, 0xFF, 0xFF, 0xF8, 0x1F, 0xFF,
    0xFF, 0xFF, 0xF8, 0x1F, 0xFF, 0xFF, 0xFF, 0xF8, 0x1F, 0xFF, 0xFF, 0xFF,
    0xF8, 0x1F, 0xFF, 0xFF, 0xFF, 0xF8, 0x1F, 0xFF, 0xFF, 0xFF, 0xF8, 0x1F,
    0xFF, 0xFF, 0xFF, 0xF8, 0x1F, 0xFF, 0xFF, 0xFF, 0xF8, 0x1F, 0xFC, 0x00,
    0x00, 0x00, 0x1F, 0xFC, 0x00, 0x00, 0x00, 0x1F, 0xFC, 0x00, 0x00, 0x00,
    0x1F, 0xFC, 0x00, 0x00, 0x00, 0x1F, 0xFC, 0x00, 0x00, 0x00, 0x1F, 0xFC,
    0x00, 0x00, 0x00, 0x1F, 0xFF, 0xFF, 0xF0, 0x00, 0x1F, 0xFF, 0xFF, 0xF0,
    0x00, 0x1F, 0xFF, 0xFF, 0xF0, 0x00, 0x1F, 0xFF, 0xFF, 0xF0, 0x00, 0x1F,
    0xFF, 0xFF, 0xF0, 0x00, 0x1F, 0xFF, 0xFF, 0xF0, 0x00, 0x1F, 0xFF, 0xFF,
    0xF0, 0x00, 0x1F, 0xFF, 0xFF, 0xF0, 0x00, 0x1F, 0xFF, 0xFF, 0xF0, 0x00,
    0x1F, 0xFF, 0xFF, 0xF0, 0x00, 0x1F, 0xFC, 0x00, 0x00, 0x00, 0x1F, 0xFC,
    0x00, 0x00, 0x00, 0x1F, 0xFC, 0x00, 0x00, 0x00, 0x1F, 0xFC, 0x00, 0x00,
    0x00, 0x1F, 0xFC, 0x00, 0x00, 0x00, 0x1F, 0xFC, 0x00, 0x00, 0x00, 0x1F,
    0xFC, 0x00, 0x00, 0x00, 0x1F, 0xFF, 0xFF, 0xFF, 0xF8, 0x1F, 0xFF, 0xFF,
    0xFF, 0xF8, 0x1F, 0xFF, 0xFF, 0xFF, 0xF8, 0x1F, 0xFF, 0xFF, 0xFF, 0xF8,
    0x1F, 0xFF, 0xFF, 0xFF, 0xF8, 0x1F, 0xFF, 0xFF, 0xFF, 0xF8, 0x1F, 0xFF,
    0xFF, 0xFF, 0xF8, 0x1F, 0xFF, 0xFF, 0xFF, 0xF8, 0x1F, 0xFF, 0xFF, 0xFF,
    0xF8, 0x1F, 0xFF, 0xFF, 0xFF, 0xF8, 0x1F, 0xFF, 0xFF, 0xFF, 0xE0, 0x1F,
    0xFF, 0xFF, 0xFF, 0xE0, 0x1F, 0xFF, 0xFF, 0xFF, 0xE0, 0x1F, 0xFF, 0xFF,
    0xFF, 0xE0, 0x1F, 0xFF, 0xFF, 0xFF, 0xE0, 0x1F, 0xFF, 0xFF, 0xFF, 0xE0,
    0x1F, 0xFF, 0xFF, 0xFF, 0xE0, 0x1F, 0xFF, 0xFF, 0xFF, 0xE0, 0x1F, 0xFF,
    0xFF, 0xFF, 0xE0, 0x1F, 0xFF, 0xFF, 0xFF, 0xE0, 0x1F, 0xFC, 0x00, 0x00,
    0x00, 0x1F, 0xFC, 0x00, 0x00, 0x00, 0x1F, 0xFC, 0x00, 0x00, 0x00, 0x1F,
    0xFC, 0x00, 0x00, 0x00, 0x1F, 0xFC, 0x00, 0x00, 0x00, 0x1F, 0xFC, 0x00,
    0x00, 0x00, 0x1F, 0xFC, 0x00, 0x00, 0x00, 0x1F, 0xFC, 0x00, 0x00, 0x00,
    0x1F, 0xFF, 0xFF, 0xFF, 0xC0, 0x1F, 0xFF, 0xFF, 0xFF, 0xC0, 0x1F, 0xFF,
    0xFF, 0xFF, 0xC0, 0x1F, 0xFF, 0xFF, 0xFF, 0xC0, 0x1F, 0xFF, 0xFF, 0xFF,
    0xC0, 0x1F, 0xFF, 0xFF, 0xFF, 0xC0, 0x1F, 0xFF, 0xFF, 0xFF, 0xC0, 0x1F,
    0xFF, 0xFF, 0xFF, 0xC0, 0x1F, 0xFF, 0xFF, 0xFF, 0xC0, 0x1F, 0xFF, 0xFF,
    0xFF, 0xC0, 0x1F, 0xFC, 0x00, 0x00, 0x00, 0x1F, 0xFC, 0x00, 0x00, 0x00,
    0x1F, 0xFC, 0x00, 0x00, 0x00, 0x1F, 0xFC, 0x00, 0x00, 0x00, 0x1F, 0xFC,
    0x00, 0x00, 0x00, 0x1F, 0xFC, 0x00, 0x00, 0x00, 0x1F, 0xFC, 0x00, 0x00,
    0x00, 0x1F, 0xFC, 0x00, 0x00, 0x00, 0x1F, 0xFC, 0x00, 0x00, 0x00, 0x1F,
    0xFC, 0x00, 0x00, 0x00, 0x1F, 0xFC, 0x00, 0x00, 0x00, 0x1F, 0xFC, 0x00,
    0x00, 0x00, 0x1F, 0xFC, 0x00, 0x00, 0x00, 0x1F, 0xFC, 0x00, 0x00, 0x00,
    0x1F, 0xFC, 0x00, 0x00, 0x00, 0x00, 0x00, 0x1F, 0xF8, 0x00, 0x00, 0x00,
    0x01, 0xFF, 0xFF, 0x80, 0x00, 0x00, 0x07, 0xFF, 0xFF, 0xE0, 0x00, 0x00,
    0x1F, 0xFF, 0xFF, 0xF8, 0x00, 0x00, 0x3F, 0xFF, 0xFF, 0xFC, 0x00, 0x00,
    0x7F, 0xFF, 0xFF, 0xFE, 0x00, 0x00, 0xFF, 0xFF, 0xFF, 0xFF, 0x00, 0x01,
    0xFF, 0xFF, 0xFF, 0xFF, 0x80, 0x03, 0xFF, 0xFF, 0xFF, 0xFF, 0x80, 0x07,
    0xFF, 0xF8, 0x0F, 0xFF, 0x80, 0x07, 0xFF, 0xE0, 0x03, 0xFC, 0x00, 0x0F,
    0xFF, 0x80, 0x01, 0xF0, 0x00, 0x0F, 0xFF, 0x00, 0x00, 0x80, 0x00, 0x1F,
    0xFF, 0x00, 0x00, 0x00, 0x00, 0x1F, 0xFE, 0x00, 0x00, 0x00, 0x00, 0x1F,
    0xFE, 0x00, 0x00, 0x00, 0x00, 0x3F, 0xFC, 0x00, 0x00, 0x00, 0x00, 0x3F,
    0xFC, 0x00, 0x00, 0x00, 0x00, 0x3F, 0xFC, 0x00, 0x00, 0x00, 0x00, 0x3F,
    0xFC, 0x00, 0xFF, 0xFF, 0xF0, 0x3F, 0xF8, 0x00, 0xFF, 0xFF, 0xF0, 0x3F,
    0xF8, 0x00, 0xFF, 0xFF, 0xF0, 0x3F, 0xF8, 0x00, 0xFF, 0xFF, 0xF0, 0x3F,
    0xF8, 0x00, 0xFF, 0xFF, 0xF0, 0x3F, 0xF8, 0x00, 0xFF, 0xFF, 0xF0, 0x3F,
    0xFC, 0x00, 0xFF, 0xFF, 0xF0, 0x3F, 0xFC, 0x00, 0xFF, 0xFF, 0xF0, 0x3F,
    0xFC, 0x00, 0xFF, 0xFF, 0xF0, 0x3F, 0xFC, 0x00, 0x00, 0x7F, 0xF0, 0x1F,
    0xFE, 0x00, 0x00, 0x7F, 0xF0, 0x1F, 0xFE, 0x00, 0x00, 0x7F, 0xF0, 0x1F,
    0xFF, 0x00, 0x00, 0x7F, 0xF0, 0x1F, 0xFF, 0x00, 0x00, 0xFF, 0xF0, 0x0F,
    0xFF, 0x80, 0x01, 0xFF, 0xF0, 0x0F, 0xFF, 0xE0, 0x03, 0xFF, 0xF0, 0x07,
    0xFF, 0xF8, 0x0F, 0xFF, 0xF0, 0x07, 0xFF, 0xFF, 0xFF, 0xFF, 0xF0, 0x03,
    0xFF, 0xFF, 0xFF, 0xFF, 0xF0, 0x01, 0xFF, 0xFF, 0xFF, 0xFF, 0xF0, 0x00,
    0xFF, 0xFF, 0xFF, 0xFF, 0xF0, 0x00, 0x7F, 0xFF, 0xFF, 0xCF, 0xF0, 0x00,
    0x3F, 0xFF, 0xFF, 0x8F, 0xF0, 0x00, 0x0F, 0xFF, 0xFF, 0x0F, 0xF0, 0x00,
    0x03, 0xFF, 0xFC, 0x07, 0xF0, 0x00, 0x00, 0x7F, 0xE0, 0x00, 0x00, 0x1F,
    0xFC, 0x00, 0x01, 0xFF, 0xC0, 0x1F, 0xFC, 0x00, 0x01, 0xFF, 0xC0, 0x1F,
    0xFC, 0x00, 0x01, 0xFF, 0xC0, 0x1F, 0xFC, 0x00, 0x01, 0xFF, 0xC0, 0x1F,
    0xFC, 0x00, 0x01, 0xFF, 0xC0, 0x1F, 0xFC, 0x00, 0x01, 0xFF, 0xC0, 0x1F,
    0xFC, 0x00, 0x01, 0xFF, 0xC0, 0x1F, 0xFC, 0x00, 0x01, 0xFF, 0xC0, 0x1F,
    0xFC, 0x00, 0x01, 0xFF, 0xC0, 0x1F, 0xFC, 0x00, 0x01, 0xFF, 0xC0, 0x1F,
    0xFC, 0x00, 0x01, 0xFF, 0xC0, 0x1F, 0xFC, 0x00, 0x01, 0xFF, 0xC0, 0x1F,
    0xFC, 0x00, 0x01, 0xFF, 0xC0, 0x1F, 0xFC, 0x00, 0x01, 0xFF, 0xC0, 0x1F,
    0xFC, 0x00, 0x01, 0xFF, 0xC0, 0x1F, 0xFC, 0x00, 0x01, 0xFF, 0xC0, 0x1F,
    0xFF, 0xFF, 0xFF, 0xFF, 0xC0, 0x1F, 0xFF, 0xFF, 0xFF, 0xFF, 0xC0, 0x1F,
    0xFF, 0xFF, 0xFF, 0xFF, 0xC0, 0x1F, 0xFF, 0xFF, 0xFF, 0xFF, 0xC0, 0x1F,
    0xFF, 0xFF, 0xFF, 0xFF, 0xC0, 0x1F, 0xFF, 0xFF, 0xFF, 0xFF, 0xC0, 0x1F,
    0xFF, 0xFF, 0xFF, 0xFF, 0xC0, 0x1F, 0xFF, 0xFF, 0xFF, 0xFF, 0xC0, 0x1F,
    0xFF, 0xFF, 0xFF, 0xFF, 0xC0, 0x1F, 0xFF, 0xFF, 0xFF, 0xFF, 0xC0, 0x1F,
    0xFC, 0x00, 0x01, 0xFF, 0xC0, 0x1F, 0xFC, 0x00, 0x01, 0xFF, 0xC0, 0x1F,
    0xFC, 0x00, 0x01, 0xFF, 0xC0, 0x1F, 0xFC, 0x00, 0x01, 0xFF, 0xC0, 0x1F,
    0xFC, 0x00, 0x01, 0xFF, 0xC0, 0x1F, 0xFC, 0x00, 0x01, 0xFF, 0xC0, 0x1F,
    0xFC, 0x00, 0x01, 0xFF, 0xC0, 0x1F, 0xFC, 0x00, 0x01, 0xFF, 0xC0, 0x1F,
    0xFC, 0x00, 0x01, 0xFF, 0xC0, 0x1F, 0xFC, 0x00, 0x01, 0xFF, 0xC0, 0x1F,
    0xFC, 0x00, 0x01, 0xFF, 0xC0, 0x1F, 0xFC, 0x00, 0x01, 0xFF, 0xC0, 0x1F,
    0xFC, 0x00, 0x01, 0xFF, 0xC0, 0x1F, 0xFC, 0x00, 0x01, 0xFF, 0xC0, 0x1F,
    0xFC, 0x00, 0x01, 0xFF, 0xC0, 0x1F, 0xFC, 0x00, 0x01, 0xFF, 0xC0, 0x1F,
    0xFC, 0x00, 0x01, 0xFF, 0xC0, 0x1F, 0xFF, 0xFF, 0x80, 0x1F, 0xFF, 0xFF,
    0x80, 0x1F, 0xFF, 0xFF, 0x80, 0x1F, 0xFF, 0xFF, 0x80, 0x1F, 0xFF, 0xFF,
    0x80, 0x1F, 0xFF, 0xFF, 0x80, 0x1F, 0xFF, 0xFF, 0x80, 0x1F, 0xFF, 0xFF,
    0x80, 0x00, 0xFF, 0xE0, 0x00, 0x00, 0xFF, 0xE0, 0x00, 0x00, 0xFF, 0xE0,
    0x00, 0x00, 0xFF, 0xE0, 0x00, 0x00, 0xFF, 0xE0, 0x00, 0x00, 0xFF, 0xE0,
    0x00, 0x00, 0xFF, 0xE0, 0x00, 0x00, 0xFF, 0xE0, 0x00, 0x00, 0xFF, 0xE0,
    0x00, 0x00, 0xFF, 0xE0, 0x00, 0x00, 0xFF, 0xE0, 0x00, 0x00, 0xFF, 0xE0,
    0x00, 0x00, 0xFF, 0xE0, 0x00, 0x00, 0xFF, 0xE0, 0x00, 0x00, 0xFF, 0xE0,
    0x00, 0x00, 0xFF, 0xE0, 0x00, 0x00, 0xFF, 0xE0, 0x00, 0x00, 0xFF, 0xE0,
    0x00, 0x00, 0xFF, 0xE0, 0x00, 0x00, 0xFF, 0xE0, 0x00, 0x00, 0xFF, 0xE0,
    0x00, 0x00, 0xFF, 0xE0, 0x00, 0x00, 0xFF, 0xE0, 0x00, 0x00, 0xFF, 0xE0,
    0x00, 0x00, 0xFF, 0xE0, 0x00, 0x00, 0xFF, 0xE0, 0x00, 0x00, 0xFF, 0xE0,
    0x00, 0x1F, 0xFF, 0xFF, 0x80, 0x1F, 0xFF, 0xFF, 0x80, 0x1F, 0xFF, 0xFF,
    0x80, 0x1F, 0xFF, 0xFF, 0x80, 0x1F, 0xFF, 0xFF, 0x80, 0x1F, 0xFF, 0xFF,
    0x80, 0x1F, 0xFF, 0xFF, 0x80, 0x1F, 0xFF, 0xFF, 0x80, 0x00, 0x00, 0x01,
    0xFF, 0xC0, 0x00, 0x00, 0x01, 0xFF, 0xC0, 0x00, 0x00, 0x01, 0xFF, 0xC0,
    0x00, 0x00, 0x01, 0xFF, 0xC0, 0x00, 0x00, 0x01, 0xFF, 0xC0, 0x00, 0x00,
    0x01, 0xFF, 0xC0, 0x00, 0x00, 0x01, 0xFF, 0xC0, 0x00, 0x00, 0x01, 0xFF,
    0xC0, 0x00, 0x00, 0x01, 0xFF, 0xC0, 0x00, 0x00, 0x01, 0xFF, 0xC0, 0x00,
    0x00, 0x01, 0xFF, 0xC0, 0x00, 0x00, 0x01, 0xFF, 0xC0, 0x00, 0x00, 0x01,
    0xFF, 0xC0, 0x00, 0x00, 0x01, 0xFF, 0xC0, 0x00, 0x00, 0x01, 0xFF, 0xC0,
    0x00, 0x00, 0x01, 0xFF, 0xC0, 0x00, 0x00, 0x01, 0xFF, 0xC0, 0x00, 0x00,
    0x01, 0xFF, 0xC0, 0x00, 0x00, 0x01, 0xFF, 0xC0, 0x00, 0x00, 0x01, 0xFF,
    0xC0, 0x00, 0x00, 0x01, 0xFF, 0xC0, 0x00, 0x00, 0x01, 0xFF, 0xC0, 0x00,
    0x00, 0x01, 0xFF, 0xC0, 0x00, 0x00, 0x01, 0xFF, 0xC0, 0x00, 0x00, 0x01,
    0xFF, 0xC0, 0x00, 0x00, 0x01, 0xFF, 0xC0, 0x00, 0x00, 0x01, 0xFF, 0xC0,
    0x00, 0x00, 0x01, 0xFF, 0xC0, 0x00, 0x00, 0x01, 0xFF, 0xC0, 0x00, 0xC0,
    0x01, 0xFF, 0xC0, 0x03, 0xE0, 0x01, 0xFF, 0xC0, 0x1F, 0xE0, 0x01, 0xFF,
    0x80, 0x7F, 0xF0, 0x03, 0xFF, 0x80, 0x7F, 0xF0, 0x03, 0xFF, 0x80, 0x7F,
    0xF8, 0x07, 0xFF, 0x80, 0x7F, 0xFE, 0x1F, 0xFF, 0x00, 0x3F, 0xFF, 0xFF,
    0xFF, 0x00, 0x1F, 0xFF, 0xFF, 0xFE, 0x00, 0x1F, 0xFF, 0xFF, 0xFC, 0x00,
    0x0F, 0xFF, 0xFF, 0xF8, 0x00, 0x07, 0xFF, 0xFF, 0xF0, 0x00, 0x01, 0xFF,
    0xFF, 0xE0, 0x00, 0x00, 0x7F, 0xFF, 0x80, 0x00, 0x00, 0x0F, 0xFC, 0x00,
    0x00, 0x1F, 0xFC, 0x00, 0x07, 0xFF, 0xC0, 0x1F, 0xFC, 0x00, 0x0F, 0xFF,
    0x80, 0x1F, 0xFC, 0x00, 0x1F, 0xFF, 0x00, 0x1F, 0xFC, 0x00, 0x3F, 0xFE,
    0x00, 0x1F, 0xFC, 0x00, 0x7F, 0xFC, 0x00, 0x1F, 0xFC, 0x00, 0xFF, 0xF8,
    0x00, 0x1F, 0xFC, 0x01, 0xFF, 0xF0, 0x00, 0x1F, 0xFC, 0x03, 0xFF, 0xF0,
    0x00, 0x1F, 0xFC, 0x03, 0xFF, 0xE0, 0x00, 0x1F, 0xFC, 0x07, 0xFF, 0xC0,
    0x00, 0x1F, 0xFC, 0x0F, 0xFF, 0x80, 0x00, 0x1F, 0xFC, 0x1F, 0xFF, 0x00,
    0x00, 0x1F, 0xFC, 0x3F, 0xFE, 0x00, 0x00, 0x1F, 0xFC, 0x7F, 0xFC, 0x00,
    0x00, 0x1F, 0xFC, 0xFF, 0xF8, 0x00, 0x00, 0x1F, 0xFD, 0xFF, 0xF0, 0x00,
    0x00, 0x1F, 0xFF, 0xFF, 0xE0, 0x00, 0x00, 0x1F, 0xFF, 0xFF, 0xE0, 0x00,
    0x00, 0x1F, 0xFF, 0xFF, 0xC0, 0x00, 0x00, 0x1F, 0xFF, 0xFF, 0xC0, 0x00,
    0x00, 0x1F, 0xFF, 0xFF, 0xC0, 0x00, 0x00, 0x1F, 0xFF, 0xFF, 0xE0, 0x00,
    0x00, 0x1F, 0xFF, 0xFF, 0xF0, 0x00, 0x00, 0x1F, 0xFF, 0xFF, 0xF8, 0x00,
    0x00, 0x1F, 0xFF, 0xFF, 0xF8, 0x00, 0x00, 0x1F, 0xFF, 0xFF, 0xFC, 0x00,
    0x00, 0x1F, 0xFF, 0xFF, 0xFE, 0x00, 0x00, 0x1F, 0xFF, 0x9F, 0xFF, 0x00,
    0x00, 0x1F, 0xFF, 0x0F, 0xFF, 0x00, 0x00, 0x1F, 0xFE, 0x07, 0xFF, 0x80,
    0x00, 0x1F, 0xFE, 0x07, 0xFF, 0xC0, 0x00, 0x1F, 0xFC, 0x03, 0xFF, 0xE0,
    0x00, 0x1F, 0xFC, 0x01, 0xFF, 0xE0, 0x00, 0x1F, 0xFC, 0x00, 0xFF, 0xF0,
    0x00, 0x1F, 0xFC, 0x00, 0xFF, 0xF8, 0x00, 0x1F, 0xFC, 0x00, 0x7F, 0xF8,
    0x00, 0x1F, 0xFC, 0x00, 0x3F, 0xFC, 0x00, 0x1F, 0xFC, 0x00, 0x3F, 0xFE,
    0x00, 0x1F, 0xFC, 0x00, 0x1F, 0xFF, 0x00, 0x1F, 0xFC, 0x00, 0x0F, 0xFF,
    0x00, 0x1F, 0xFC, 0x00, 0x07, 0xFF, 0x80, 0x1F, 0xFC, 0x00, 0x07, 0xFF,
    0xC0, 0x1F, 0xFC, 0x00, 0x03, 0xFF, 0xE0, 0x1F, 0xFC, 0x00, 0x00, 0x00,
    0x1F, 0xFC, 0x00, 0x00, 0x00, 0x1F, 0xFC, 0x00, 0x00, 0x00, 0x1F, 0xFC,
    0x00, 0x00, 0x00, 0x1F, 0xFC, 0x00, 0x00, 0x00, 0x1F, 0xFC, 0x00, 0x00,
    0x00, 0x1F, 0xFC, 0x00, 0x00, 0x00, 0x1F, 0xFC, 0x00, 0x00, 0x00, 0x1F,
    0xFC, 0x00, 0x00, 0x00, 0x1F, 0xFC, 0x00, 0x00, 0x00, 0x1F, 0xFC, 0x00,
    0x00, 0x00, 0x1F, 0xFC, 0x00, 0x00, 0x00, 0x1F, 0xFC, 0x00, 0x00, 0x00,
    0x1F, 0xFC, 0x00, 0x00, 0x00, 0x1F, 0xFC, 0x00, 0x00, 0x00, 0x1F, 0xFC,
    0x00, 0x00, 0x00, 0x1F, 0xFC, 0x00, 0x00, 0x00, 0x1F, 0xFC, 0x00, 0x00,
    0x00, 0x1F, 0xFC, 0x00, 0x00, 0x00, 0x1F, 0xFC, 0x00, 0x00, 0x00, 0x1F,
    0xFC, 0x00, 0x00, 0x00, 0x1F, 0xFC, 0x00, 0x00, 0x00, 0x1F, 0xFC, 0x00,
    0x00, 0x00, 0x1F, 0xFC, 0x00, 0x00, 0x00, 0x1F, 0xFC, 0x00, 0x00, 0x00,
    0x1F, 0xFC, 0x00, 0x00, 0x00, 0x1F, 0xFC, 0x00, 0x00, 0x00, 0x1F, 0xFC,
    0x00, 0x00, 0x00, 0x1F, 0xFC, 0x00, 0x00, 0x00, 0x1F, 0xFC, 0x00, 0x00,
    0x00, 0x1F, 0xFC, 0x00, 0x00, 0x00, 0x1F, 0xFC, 0x00, 0x00, 0x00, 0x1F,
    0xFC, 0x00, 0x00, 0x00, 0x1F, 0xFF, 0xFF, 0xFF, 0xC0, 0x1F, 0xFF, 0xFF,
    0xFF, 0xC0, 0x1F, 0xFF, 0xFF, 0xFF, 0xC0, 0x1F, 0xFF, 0xFF, 0xFF, 0xC0,
    0x1F, 0xFF, 0xFF, 0xFF, 0xC0, 0x1F, 0xFF, 0xFF, 0xFF, 0xC0, 0x1F, 0xFF,
    0xFF, 0xFF, 0xC0, 0x1F, 0xFF, 0xFF, 0xFF, 0xC0, 0x1F, 0xFF, 0xFF, 0xFF,
    0xC0, 0x1F, 0xFF, 0xFF, 0xFF, 0xC0, 0x1F, 0xFF, 0xF0, 0x00, 0x0F, 0xFF,
    0xF8, 0x1F, 0xFF, 0xF0, 0x00, 0x0F, 0xFF, 0xF8, 0x1F, 0xFF, 0xF0, 0x00,
    0x0F, 0xFF, 0xF8, 0x1F, 0xFF, 0xF8, 0x00, 0x0F, 0xFF, 0xF8, 0x1F, 0xFF,
    0xF8, 0x00, 0x1F, 0xFF, 0xF8, 0x1F, 0xFF, 0xF8, 0x00, 0x1F, 0xFF, 0xF8,
    0x1F, 0xFF, 0xF8, 0x00, 0x1F, 0xFF, 0xF8, 0x1F, 0xFF, 0xFC, 0x00, 0x3F,
    0xFF, 0xF8, 0x1F, 0xFF, 0xFC, 0x00, 0x3F, 0xFF, 0xF8, 0x1F, 0xFF, 0xFC,
    0x00, 0x3F, 0xFF, 0xF8, 0x1F, 0xFF, 0xFE, 0x00, 0x3F, 0xFF, 0xF8, 0x1F,
    0xFF, 0xFE, 0x00, 0x7F, 0xFF, 0xF8, 0x1F, 0xFD, 0xFE, 0x00, 0x7F, 0xBF,
    0xF8, 0x1F, 0xFD, 0xFE, 0x00, 0x7F, 0xBF, 0xF8, 0x1F, 0xFD, 0xFF, 0x00,
    0xFF, 0xBF, 0xF8, 0x1F, 0xFC, 0xFF, 0x00, 0xFF, 0xBF, 0xF8, 0x1F, 0xFC,
    0xFF, 0x00, 0xFF, 0x3F, 0xF8, 0x1F, 0xFC, 0xFF, 0x00, 0xFF, 0x3F, 0xF8,
    0x1F, 0xFC, 0xFF, 0x81, 0xFF, 0x3F, 0xF8, 0x1F, 0xFC, 0x7F, 0x81, 0xFE,
    0x3F, 0xF8, 0x1F, 0xFC, 0x7F, 0x81, 0xFE, 0x3F, 0xF8, 0x1F, 0xFC, 0x7F,
    0xC3, 0xFE, 0x3F, 0xF8, 0x1F, 0xFC, 0x3F, 0xC3, 0xFC, 0x3F, 0xF8, 0x1F,
    0xFC, 0x3F, 0xC3, 0xFC, 0x3F, 0xF8, 0x1F, 0xFC, 0x3F, 0xC3, 0xFC, 0x3F,
    0xF8, 0x1F, 0xFC, 0x3F, 0xE7, 0xFC, 0x3F, 0xF8, 0x1F, 0xFC, 0x1F, 0xE7,
    0xF8, 0x3F, 0xF8, 0x1F, 0xFC, 0x1F, 0xE7, 0xF8, 0x3F, 0xF8, 0x1F, 0xFC,
    0x1F, 0xF7, 0xF8, 0x3F, 0xF8, 0x1F, 0xFC, 0x0F, 0xFF, 0xF0, 0x3F, 0xF8,
    0x1F, 0xFC, 0x0F, 0xFF, 0xF0, 0x3F, 0xF8, 0x1F, 0xFC, 0x0F, 0xFF, 0xF0,
    0x3F, 0xF8, 0x1F, 0xFC, 0x07, 0xFF, 0xF0, 0x3F, 0xF8, 0x1F, 0xFC, 0x07,
    0xFF, 0xE0, 0x3F, 0xF8, 0x1F, 0xFC, 0x07, 0xFF, 0xE0, 0x3F, 0xF8, 0x1F,
    0xFC, 0x07, 0xFF, 0xE0, 0x3F, 0xF8, 0x1F, 0xFC, 0x03, 0xFF, 0xC0, 0x3F,
    0xF8, 0x1F, 0xFC, 0x03, 0xFF, 0xC0, 0x3F, 0xF8, 0x1F, 0xFC, 0x03, 0xFF,
    0xC0, 0x3F, 0xF8, 0x1F, 0xFC, 0x01, 0xFF, 0x80, 0x3F, 0xF8, 0x1F, 0xFC,
    0x01, 0xFF, 0x80, 0x3F, 0xF8, 0x1F, 0xFC, 0x01, 0xFF, 0x80, 0x3F, 0xF8,
    0x1F, 0xFC, 0x01, 0xFF, 0x80, 0x3F, 0xF8, 0x1F, 0xFF, 0x80, 0x00, 0x7F,
    0xE0, 0x1F, 0xFF, 0xC0, 0x00, 0x7F, 0xE0, 0x1F, 0xFF, 0xC0, 0x00, 0x7F,
    0xE0, 0x1F, 0xFF, 0xE0, 0x00, 0x7F, 0xE0, 0x1F, 0xFF, 0xE0, 0x00, 0x7F,
    0xE0, 0x1F, 0xFF, 0xF0, 0x00, 0x7F, 0xE0, 0x1F, 0xFF, 0xF8, 0x00, 0x7F,
    0xE0, 0x1F, 0xFF, 0xF8, 0x00, 0x7F, 0xE0, 0x1F, 0xFF, 0xFC, 0x00, 0x7F,
    0xE0, 0x1F, 0xFF, 0xFC, 0x00, 0x7F, 0xE0, 0x1F, 0xFF, 0xFE, 0x00, 0x7F,
    0xE0, 0x1F, 0xFF, 0xFE, 0x00, 0x7F, 0xE0, 0x1F, 0xFF, 0xFF, 0x00, 0x7F,
    0xE0, 0x1F, 0xFF, 0xFF, 0x00, 0x7F, 0xE0, 0x1F, 0xFF, 0xFF, 0x80, 0x7F,
    0xE0, 0x1F, 0xFD, 0xFF, 0x80, 0x7F, 0xE0, 0x1F, 0xFD, 0xFF, 0xC0, 0x7F,
    0xE0, 0x1F, 0xFC, 0xFF, 0xC0, 0x7F, 0xE0, 0x1F, 0xFC, 0xFF, 0xE0, 0x7F,
    0xE0, 0x1F, 0xFC, 0x7F, 0xF0, 0x7F, 0xE0, 0x1F, 0xFC, 0x3F, 0xF0, 0x7F,
    0xE0, 0x1F, 0xFC, 0x3F, 0xF8, 0x7F, 0xE0, 0x1F, 0xFC, 0x1F, 0xF8, 0x7F,
    0xE0, 0x1F, 0xFC, 0x1F, 0xFC, 0x7F, 0xE0, 0x1F, 0xFC, 0x0F, 0xFC, 0x7F,
    0xE0, 0x1F, 0xFC, 0x0F, 0xFE, 0x7F, 0xE0, 0x1F, 0xFC, 0x07, 0xFE, 0x7F,
    0xE0, 0x1F, 0xFC, 0x07, 0xFF, 0x7F, 0xE0, 0x1F, 0xFC, 0x03, 0xFF, 0x7F,
    0xE0, 0x1F, 0xFC, 0x03, 0xFF, 0xFF, 0xE0, 0x1F, 0xFC, 0x01, 0xFF, 0xFF,
    0xE0, 0x1F, 0xFC, 0x00, 0xFF, 0xFF, 0xE0, 0x1F, 0xFC, 0x00, 0xFF, 0xFF,
    0xE0, 0x1F, 0xFC, 0x00, 0x7F, 0xFF, 0xE0, 0x1F, 0xFC, 0x00, 0x7F, 0xFF,
    0xE0, 0x1F, 0xFC, 0x00, 0x3F, 0xFF, 0xE0, 0x1F, 0xFC, 0x00, 0x3F, 0xFF,
    0xE0, 0x1F, 0xFC, 0x00, 0x1F, 0xFF, 0xE0, 0x1F, 0xFC, 0x00, 0x1F, 0xFF,
    0xE0, 0x1F, 0xFC, 0x00, 0x0F, 0xFF, 0xE0, 0x1F, 0xFC, 0x00, 0x0F, 0xFF,
    0xE0, 0x1F, 0xFC, 0x00, 0x07, 0xFF, 0xE0, 0x1F, 0xFC, 0x00, 0x03, 0xFF,
    0xE0, 0x00, 0x00, 0x1F, 0xF8, 0x00, 0x00, 0x00, 0x01, 0xFF, 0xFF, 0x80,
    0x00, 0x00, 0x07, 0xFF, 0xFF, 0xE0, 0x00, 0x00, 0x1F, 0xFF, 0xFF, 0xF8,
    0x00, 0x00, 0x3F, 0xFF, 0xFF, 0xFC, 0x00, 0x00, 0x7F, 0xFF, 0xFF, 0xFF,
    0x00, 0x00, 0xFF, 0xFF, 0xFF, 0xFF, 0x80, 0x01, 0xFF, 0xFF, 0xFF, 0xFF,
    0xC0, 0x03, 0xFF, 0xFF, 0xFF, 0xFF, 0xC0, 0x07, 0xFF, 0xF8, 0x1F, 0xFF,
    0xE0, 0x07, 0xFF, 0xE0, 0x07, 0xFF, 0xF0, 0x0F, 0xFF, 0xC0, 0x01, 0xFF,
    0xF0, 0x0F, 0xFF, 0x80, 0x00, 0xFF, 0xF8, 0x1F, 0xFF, 0x00, 0x00, 0x7F,
    0xF8, 0x1F, 0xFE, 0x00, 0x00, 0x7F, 0xF8, 0x1F, 0xFE, 0x00, 0x00, 0x3F,
    0xFC, 0x3F, 0xFC, 0x00, 0x00, 0x3F, 0xFC, 0x3F, 0xFC, 0x00, 0x00, 0x3F,
    0xFC, 0x3F, 0xFC, 0x00, 0x00, 0x1F, 0xFC, 0x3F, 0xFC, 0x00, 0x00, 0x1F,
    0xFC, 0x3F, 0xFC, 0x00, 0x00, 0x1F, 0xFC, 0x3F, 0xF8, 0x00, 0x00, 0x1F,
    0xFE, 0x3F, 0xF8, 0x00, 0x00, 0x1F, 0xFE, 0x3F, 0xF8, 0x00, 0x00, 0x1F,
    0xFE, 0x3F, 0xFC, 0x00, 0x00, 0x1F, 0xFC, 0x3F, 0xFC, 0x00, 0x00, 0x1F,
    0xFC, 0x3F, 0xFC, 0x00, 0x00, 0x1F, 0xFC, 0x3F, 0xFC, 0x00, 0x00, 0x3F,
    0xFC, 0x3F, 0xFC, 0x00, 0x00, 0x3F, 0xFC, 0x1F, 0xFE, 0x00, 0x00, 0x3F,
    0xFC, 0x1F, 0xFE, 0x00, 0x00, 0x7F, 0xF8, 0x1F, 0xFF, 0x00, 0x00, 0x7F,
    0xF8, 0x0F, 0xFF, 0x80, 0x00, 0xFF, 0xF8, 0x0F, 0xFF, 0xC0, 0x01, 0xFF,
    0xF0, 0x07, 0xFF, 0xE0, 0x03, 0xFF, 0xF0, 0x07, 0xFF, 0xF8, 0x1F, 0xFF,
    0xE0, 0x03, 0xFF, 0xFF, 0xFF, 0xFF, 0xC0, 0x01, 0xFF, 0xFF, 0xFF, 0xFF,
    0xC0, 0x00, 0xFF, 0xFF, 0xFF, 0xFF, 0x80, 0x00, 0x7F, 0xFF, 0xFF, 0xFF,
    0x00, 0x00, 0x3F, 0xFF, 0xFF, 0xFC, 0x00, 0x00, 0x1F, 0xFF, 0xFF, 0xF8,
    0x00, 0x00, 0x07, 0xFF, 0xFF, 0xE0, 0x00, 0x00, 0x01, 0xFF, 0xFF, 0x80,
    0x00, 0x00, 0x00, 0x1F, 0xF8, 0x00, 0x00, 0x1F, 0xFF, 0xFF, 0xF0, 0x00,
    0x00, 0x1F, 0xFF, 0xFF, 0xFF, 0x00, 0x00, 0x1F, 0xFF, 0xFF, 0xFF, 0xC0,
    0x00, 0x1F, 0xFF, 0xFF, 0xFF, 0xE0, 0x00, 0x1F, 0xFF, 0xFF, 0xFF, 0xF8,
    0x00, 0x1F, 0xFF, 0xFF, 0xFF, 0xF8, 0x00, 0x1F, 0xFF, 0xFF, 0xFF, 0xFC,
    0x00, 0x1F, 0xFF, 0xFF, 0xFF, 0xFE, 0x00, 0x1F, 0xFF, 0xFF, 0xFF, 0xFE,
    0x00, 0x1F, 0xFC, 0x00, 0x3F, 0xFF, 0x00, 0x1F, 0xFC, 0x00, 0x1F, 0xFF,
    0x00, 0x1F, 0xFC, 0x00, 0x0F, 0xFF, 0x00, 0x1F, 0xFC, 0x00, 0x07, 0xFF,
    0x00, 0x1F, 0xFC, 0x00, 0x07, 0xFF, 0x00, 0x1F, 0xFC, 0x00, 0x07, 0xFF,
    0x00, 0x1F, 0xFC, 0x00, 0x07, 0xFF, 0x00, 0x1F, 0xFC, 0x00, 0x0F, 0xFF,
    0x00, 0x1F, 0xFC, 0x00, 0x1F, 0xFF, 0x00, 0x1F, 0xFC, 0x00, 0x3F, 0xFF,
    0x00, 0x1F, 0xFF, 0xFF, 0xFF, 0xFE, 0x00, 0x1F, 0xFF, 0xFF, 0xFF, 0xFE,
    0x00, 0x1F, 0xFF, 0xFF, 0xFF, 0xFC, 0x00, 0x1F, 0xFF, 0xFF, 0xFF, 0xF8,
    0x00, 0x1F, 0xFF, 0xFF, 0xFF, 0xF8, 0x00, 0x1F, 0xFF, 0xFF, 0xFF, 0xE0,
    0x00, 0x1F, 0xFF, 0xFF, 0xFF, 0xC0, 0x00, 0x1F, 0xFF, 0xFF, 0xFF, 0x00,
    0x00, 0x1F, 0xFF, 0xFF, 0xF0, 0x00, 0x00, 0x1F, 0xFC, 0x00, 0x00, 0x00,
    0x00, 0x1F, 0xFC, 0x00, 0x00, 0x00, 0x00, 0x1F, 0xFC, 0x00, 0x00, 0x00,
    0x00, 0x1F, 0xFC, 0x00, 0x00, 0x00, 0x00, 0x1F, 0xFC, 0x00, 0x00, 0x00,
    0x00, 0x1F, 0xFC, 0x00, 0x00, 0x00, 0x00, 0x1F, 0xFC, 0x00, 0x00, 0x00,
    0x00, 0x1F, 0xFC, 0x00, 0x00, 0x00, 0x00, 0x1F, 0xFC, 0x00, 0x00, 0x00,
    0x00, 0x1F, 0xFC, 0x00, 0x00, 0x00, 0x00, 0x1F, 0xFC, 0x00, 0x00, 0x00,
    0x00, 0x1F, 0xFC, 0x00, 0x00, 0x00, 0x00, 0x1F, 0xFC, 0x00, 0x00, 0x00,
    0x00, 0x1F, 0xFC, 0x00, 0x00, 0x00, 0x00, 0x1F, 0xFC, 0x00, 0x00, 0x00,
    0x00, 0x00, 0x00, 0x1F, 0xF8, 0x00, 0x00, 0x00, 0x00, 0x01, 0xFF, 0xFF,
    0x80, 0x00, 0x00, 0x00, 0x07, 0xFF, 0xFF, 0xE0, 0x00, 0x00, 0x00, 0x1F,
    0xFF, 0xFF, 0xF8, 0x00, 0x00, 0x00, 0x3F, 0xFF, 0xFF, 0xFC, 0x00, 0x00,
    0x00, 0x7F, 0xFF, 0xFF, 0xFF, 0x00, 0x00, 0x00, 0xFF, 0xFF, 0xFF, 0xFF,
    0x80, 0x00, 0x01, 0xFF, 0xFF, 0xFF, 0xFF, 0x80, 0x00, 0x03, 0xFF, 0xFF,
    0xFF, 0xFF, 0xC0, 0x00, 0x07, 0xFF, 0xF8, 0x1F, 0xFF, 0xE0, 0x00, 0x07,
    0xFF, 0xE0, 0x07, 0xFF, 0xF0, 0x00, 0x0F, 0xFF, 0xC0, 0x01, 0xFF, 0xF0,
    0x00, 0x0F, 0xFF, 0x80, 0x00, 0xFF, 0xF8, 0x00, 0x1F, 0xFF, 0x00, 0x00,
    0x7F, 0xF8, 0x00, 0x1F, 0xFE, 0x00, 0x00, 0x7F, 0xF8, 0x00, 0x1F, 0xFE,
    0x00, 0x00, 0x3F, 0xFC, 0x00, 0x3F, 0xFC, 0x00, 0x00, 0x3F, 0xFC, 0x00,
    0x3F, 0xFC, 0x00, 0x00, 0x3F, 0xFC, 0x00, 0x3F, 0xFC, 0x00, 0x00, 0x1F,
    0xFC, 0x00, 0x3F, 0xFC, 0x00, 0x00, 0x1F, 0xFC, 0x00, 0x3F, 0xFC, 0x00,
    0x20, 0x1F, 0xFC, 0x00, 0x3F, 0xF8, 0x00, 0x70, 0x1F, 0xFE, 0x00, 0x3F,
    0xF8, 0x00, 0xF8, 0x1F, 0xFE, 0x00, 0x3F, 0xF8, 0x00, 0xFC, 0x1F, 0xFE,
    0x00, 0x3F, 0xFC, 0x01, 0xFE, 0x1F, 0xFC, 0x00, 0x3F, 0xFC, 0x03, 0xFF,
    0x1F, 0xFC, 0x00, 0x3F, 0xFC, 0x03, 0xFF, 0xDF, 0xFC, 0x00, 0x3F, 0xFC,
    0x01, 0xFF, 0xFF, 0xFC, 0x00, 0x3F, 0xFC, 0x00, 0xFF, 0xFF, 0xFC, 0x00,
    0x1F, 0xFE, 0x00, 0x7F, 0xFF, 0xFC, 0x00, 0x1F, 0xFE, 0x00, 0x3F, 0xFF,
    0xF8, 0x00, 0x1F, 0xFF, 0x00, 0x1F, 0xFF, 0xF8, 0x00, 0x0F, 0xFF, 0x80,
    0x0F, 0xFF, 0xF8, 0x00, 0x0F, 0xFF, 0xC0, 0x07, 0xFF, 0xF0, 0x00, 0x07,
    0xFF, 0xE0, 0x07, 0xFF, 0xF0, 0x00, 0x07, 0xFF, 0xF8, 0x1F, 0xFF, 0xE0,
    0x00, 0x03, 0xFF, 0xFF, 0xFF, 0xFF, 0xF0, 0x00, 0x01, 0xFF, 0xFF, 0xFF,
    0xFF, 0xF8, 0x00, 0x00, 0xFF, 0xFF, 0xFF, 0xFF, 0xFC, 0x00, 0x00, 0x7F,
    0xFF, 0xFF, 0xFF, 0xFE, 0x00, 0x00, 0x3F, 0xFF, 0xFF, 0xFF, 0xFF, 0x00,
    0x00, 0x1F, 0xFF, 0xFF, 0xFF, 0xFF, 0x80, 0x00, 0x07, 0xFF, 0xFF, 0xE1,
    0xFF, 0x80, 0x00, 0x01, 0xFF, 0xFF, 0x80, 0xFF, 0x00, 0x00, 0x00, 0x1F,
    0xF8, 0x00, 0x7E, 0x00, 0x00, 0x00, 0x00, 0x00, 0x00, 0x3C, 0x00, 0x00,
    0x00, 0x00, 0x00, 0x00, 0x1C, 0x00, 0x00, 0x00, 0x00, 0x00, 0x00, 0x08,
    0x00, 0x1F, 0xFF, 0xFF, 0xF8, 0x00, 0x00, 0x1F, 0xFF, 0xFF, 0xFF, 0x00,
    0x00, 0x1F, 0xFF, 0xFF, 0xFF, 0xC0, 0x00, 0x1F, 0xFF, 0xFF, 0xFF, 0xF0,
    0x00, 0x1F, 0xFF, 0xFF, 0xFF, 0xF8, 0x00, 0x1F, 0xFF, 0xFF, 0xFF, 0xFC,
    0x00, 0x1F, 0xFF, 0xFF, 0xFF, 0xFC, 0x00, 0x1F, 0xFF, 0xFF, 0xFF, 0xFE,
    0x00, 0x1F, 0xFF, 0xFF, 0xFF, 0xFE, 0x00, 0x1F, 0xFC, 0x00, 0x3F, 0xFF,
    0x00, 0x1F, 0xFC, 0x00, 0x0F, 0xFF, 0x00, 0x1F, 0xFC, 0x00, 0x0F, 0xFF,
    0x00, 0x1F, 0xFC, 0x00, 0x07, 0xFF, 0x00, 0x1F, 0xFC, 0x00, 0x07, 0xFF,
    0x00, 0x1F, 0xFC, 0x00, 0x07, 0xFF, 0x00, 0x1F, 0xFC, 0x00, 0x0F, 0xFF,
    0x00, 0x1F, 0xFC, 0x00, 0x0F, 0xFF, 0x00, 0x1F, 0xFC, 0x00, 0x3F, 0xFF,
    0x00, 0x1F, 0xFF, 0xFF, 0xFF, 0xFE, 0x00, 0x1F, 0xFF, 0xFF, 0xFF, 0xFE,
    0x00, 0x1F, 0xFF, 0xFF, 0xFF, 0xFC, 0x00, 0x1F, 0xFF, 0xFF, 0xFF, 0xFC,
    0x00, 0x1F, 0xFF, 0xFF, 0xFF, 0xF8, 0x00, 0x1F, 0xFF, 0xFF, 0xFF, 0xF0,
    0x00, 0x1F, 0xFF, 0xFF, 0xFF, 0xC0, 0x00, 0x1F, 0xFF, 0xFF, 0xFF, 0x00,
    0x00, 0x1F, 0xFF, 0xFF, 0xFE, 0x00, 0x00, 0x1F, 0xFC, 0x1F, 0xFE, 0x00,
    0x00, 0x1F, 0xFC, 0x0F, 0xFF, 0x00, 0x00, 0x1F, 0xFC, 0x0F, 0xFF, 0x80,
    0x00, 0x1F, 0xFC, 0x07, 0xFF, 0x80, 0x00, 0x1F, 0xFC, 0x03, 0xFF, 0xC0,
    0x00, 0x1F, 0xFC, 0x03, 0xFF, 0xE0, 0x00, 0x1F, 0xFC, 0x01, 0xFF, 0xF0,
    0x00, 0x1F, 0xFC, 0x00, 0xFF, 0xF0, 0x00, 0x1F, 0xFC, 0x00, 0xFF, 0xF8,
    0x00, 0x1F, 0xFC, 0x00, 0x7F, 0xFC, 0x00, 0x1F, 0xFC, 0x00, 0x3F, 0xFC,
    0x00, 0x1F, 0xFC, 0x00, 0x1F, 0xFE, 0x00, 0x1F, 0xFC, 0x00, 0x1F, 0xFF,
    0x00, 0x1F, 0xFC, 0x00, 0x0F, 0xFF, 0x80, 0x1F, 0xFC, 0x00, 0x07, 0xFF,
    0x80, 0x1F, 0xFC, 0x00, 0x07, 0xFF, 0xC0, 0x00, 0x00, 0xFF, 0x80, 0x00,
    0x00, 0x0F, 0xFF, 0xF8, 0x00, 0x00, 0x3F, 0xFF, 0xFE, 0x00, 0x00, 0xFF,
    0xFF, 0xFF, 0x00, 0x03, 0xFF, 0xFF, 0xFF, 0xC0, 0x07, 0xFF, 0xFF, 0xFF,
    0xE0, 0x07, 0xFF, 0xFF, 0xFF, 0xE0, 0x0F, 0xFF, 0xFF, 0xFF, 0xF0, 0x1F,
    0xFF, 0xFF, 0xFF, 0xF8, 0x1F, 0xFF, 0x01, 0xFF, 0xF8, 0x1F, 0xFC, 0x00,
    0x7F, 0xF0, 0x3F, 0xF8, 0x00, 0x3F, 0x80, 0x3F, 0xF8, 0x00, 0x1E, 0x00,
    0x3F, 0xF8, 0x00, 0x00, 0x00, 0x3F, 0xFC, 0x00, 0x00, 0x00, 0x3F, 0xFE,
    0x00, 0x00, 0x00, 0x1F, 0xFF, 0x80, 0x00, 0x00, 0x1F, 0xFF, 0xFC, 0x00,
    0x00, 0x1F, 0xFF, 0xFF, 0xC0, 0x00, 0x0F, 0xFF, 0xFF, 0xF8, 0x00, 0x07,
    0xFF, 0xFF, 0xFF, 0x00, 0x07, 0xFF, 0xFF, 0xFF, 0xC0, 0x01, 0xFF, 0xFF,
    0xFF, 0xE0, 0x00, 0xFF, 0xFF, 0xFF, 0xF0, 0x00, 0x3F, 0xFF, 0xFF, 0xF8,
    0x00, 0x07, 0xFF, 0xFF, 0xF8, 0x00, 0x00, 0x3F, 0xFF, 0xFC, 0x00, 0x00,
    0x01, 0xFF, 0xFC, 0x00, 0x00, 0x00, 0x7F, 0xFC, 0x00, 0x00, 0x00, 0x1F,
    0xFC, 0x00, 0x20, 0x00, 0x1F, 0xFC, 0x00, 0xF0, 0x00, 0x1F, 0xFC, 0x07,
    0xF0, 0x00, 0x1F, 0xFC, 0x3F, 0xF8, 0x00, 0x1F, 0xFC, 0x3F, 0xFC, 0x00,
    0x3F, 0xFC, 0x3F, 0xFF, 0x80, 0xFF, 0xF8, 0x1F, 0xFF, 0xFF, 0xFF, 0xF8,
    0x1F, 0xFF, 0xFF, 0xFF, 0xF0, 0x0F, 0xFF, 0xFF, 0xFF, 0xF0, 0x07, 0xFF,
    0xFF, 0xFF, 0xE0, 0x03, 0xFF, 0xFF, 0xFF, 0xC0, 0x01, 0xFF, 0xFF, 0xFF,
    0x00, 0x00, 0x7F, 0xFF, 0xFE, 0x00, 0x00, 0x1F, 0xFF, 0xF8, 0x00, 0x00,
    0x01, 0xFF, 0x80, 0x00, 0x7F, 0xFF, 0xFF, 0xFF, 0xFE, 0x7F, 0xFF, 0xFF,
    0xFF, 0xFE, 0x7F, 0xFF, 0xFF, 0xFF, 0xFE, 0x7F, 0xFF, 0xFF, 0xFF, 0xFE,
    0x7F, 0xFF, 0xFF, 0xFF, 0xFE, 0x7F, 0xFF, 0xFF, 0xFF, 0xFE, 0x7F, 0xFF,
    0xFF, 0xFF, 0xFE, 0x7F, 0xFF, 0xFF, 0xFF, 0xFE, 0x7F, 0xFF, 0xFF, 0xFF,
    0xFE, 0x7F, 0xFF, 0xFF, 0xFF, 0xFE, 0x00, 0x01, 0xFF, 0xC0, 0x00, 0x00,
    0x01, 0xFF, 0xC0, 0x00, 0x00, 0x01, 0xFF, 0xC0, 0x00, 0x00, 0x01, 0xFF,
    0xC0, 0x00, 0x00, 0x01, 0xFF, 0xC0, 0x00, 0x00, 0x01, 0xFF, 0xC0, 0x00,
    0x00, 0x01, 0xFF, 0xC0, 0x00, 0x00, 0x01, 0xFF, 0xC0, 0x00, 0x00, 0x01,
    0xFF, 0xC0, 0x00, 0x00, 0x01, 0xFF, 0xC0, 0x00, 0x00, 0x01, 0xFF, 0xC0,
    0x00, 0x00, 0x01, 0xFF, 0xC0, 0x00, 0x00, 0x01, 0xFF, 0xC0, 0x00, 0x00,
    0x01, 0xFF, 0xC0, 0x00, 0x00, 0x01, 0xFF, 0xC0, 0x00, 0x00, 0x01, 0xFF,
    0xC0, 0x00, 0x00, 0x01, 0xFF, 0xC0, 0x00, 0x00, 0x01, 0xFF, 0xC0, 0x00,
    0x00, 0x01, 0xFF, 0xC0, 0x00, 0x00, 0x01, 0xFF, 0xC0, 0x00, 0x00, 0x01,
    0xFF, 0xC0, 0x00, 0x00, 0x01, 0xFF, 0xC0, 0x00, 0x00, 0x01, 0xFF, 0xC0,
    0x00, 0x00, 0x01, 0xFF, 0xC0, 0x00, 0x00, 0x01, 0xFF, 0xC0, 0x00, 0x00,
    0x01, 0xFF, 0xC0, 0x00, 0x00, 0x01, 0xFF, 0xC0, 0x00, 0x00, 0x01, 0xFF,
    0xC0, 0x00, 0x00, 0x01, 0xFF, 0xC0, 0x00, 0x00, 0x01, 0xFF, 0xC0, 0x00,
    0x00, 0x01, 0xFF, 0xC0, 0x00, 0x00, 0x01, 0xFF, 0xC0, 0x00, 0x00, 0x01,
    0xFF, 0xC0, 0x00, 0x1F, 0xFC, 0x00, 0x03, 0xFF, 0x80, 0x1F, 0xFC, 0x00,
    0x03, 0xFF, 0x80, 0x1F, 0xFC, 0x00, 0x03, 0xFF, 0x80, 0x1F, 0xFC, 0x00,
    0x03, 0xFF, 0x80, 0x1F, 0xFC, 0x00, 0x03, 0xFF, 0x80, 0x1F, 0xFC, 0x00,
    0x03, 0xFF, 0x80, 0x1F, 0xFC, 0x00, 0x03, 0xFF, 0x80, 0x1F, 0xFC, 0x00,
    0x03, 0xFF, 0x80, 0x1F, 0xFC, 0x00, 0x03, 0xFF, 0x80, 0x1F, 0xFC, 0x00,
    0x03, 0xFF, 0x80, 0x1F, 0xFC, 0x00, 0x03, 0xFF, 0x80, 0x1F, 0xFC, 0x00,
    0x03, 0xFF, 0x80, 0x1F, 0xFC, 0x00, 0x03, 0xFF, 0x80, 0x1F, 0xFC, 0x00,
    0x03, 0xFF, 0x80, 0x1F, 0xFC, 0x00, 0x03, 0xFF, 0x80, 0x1F, 0xFC, 0x00,
    0x03, 0xFF, 0x80, 0x1F, 0xFC, 0x00, 0x03, 0xFF, 0x80, 0x1F, 0xFC, 0x00,
    0x03, 0xFF, 0x80, 0x1F, 0xFC, 0x00, 0x03, 0xFF, 0x80, 0x1F, 0xFC, 0x00,
    0x03, 0xFF, 0x80, 0x1F, 0xFC, 0x00, 0x03, 0xFF, 0x80, 0x1F, 0xFC, 0x00,
    0x03, 0xFF, 0x80, 0x1F, 0xFC, 0x00, 0x03, 0xFF, 0x80, 0x1F, 0xFC, 0x00,
    0x03, 0xFF, 0x80, 0x1F, 0xFC, 0x00, 0x03, 0xFF, 0x80, 0x1F, 0xFC, 0x00,
    0x03, 0xFF, 0x80, 0x1F, 0xFC, 0x00, 0x03, 0xFF, 0x80, 0x0F, 0xFC, 0x00,
    0x03, 0xFF, 0x00, 0x0F, 0xFC, 0x00, 0x03, 0xFF, 0x00, 0x0F, 0xFE, 0x00,
    0x07, 0xFF, 0x00, 0x0F, 0xFE, 0x00, 0x07, 0xFF, 0x00, 0x0F, 0xFE, 0x00,
    0x07, 0xFF, 0x00, 0x0F, 0xFF, 0x00, 0x0F, 0xFF, 0x00, 0x07, 0xFF, 0x80,
    0x1F, 0xFE, 0x00, 0x07, 0xFF, 0xE0, 0x3F, 0xFE, 0x00, 0x07, 0xFF, 0xFF,
    0xFF, 0xFE, 0x00, 0x03, 0xFF, 0xFF, 0xFF, 0xFC, 0x00, 0x03, 0xFF, 0xFF,
    0xFF, 0xFC, 0x00, 0x01, 0xFF, 0xFF, 0xFF, 0xF8, 0x00, 0x00, 0xFF, 0xFF,
    0xFF, 0xF0, 0x00, 0x00, 0x7F, 0xFF, 0xFF, 0xE0, 0x00, 0x00, 0x1F, 0xFF,
    0xFF, 0x80, 0x00, 0x00, 0x07, 0xFF, 0xFE, 0x00, 0x00, 0x00, 0x00, 0xFF,
    0xF0, 0x00, 0x00, 0x7F, 0xF0, 0x00, 0x01, 0xFF, 0xC0, 0x7F, 0xF0, 0x00,
    0x03, 0xFF, 0xC0, 0x7F, 0xF8, 0x00, 0x03, 0xFF, 0x80, 0x3F, 0xF8, 0x00,
    0x03, 0xFF, 0x80, 0x3F, 0xF8, 0x00, 0x07, 0xFF, 0x80, 0x3F, 0xFC, 0x00,
    0x07, 0xFF, 0x00, 0x1F, 0xFC, 0x00, 0x07, 0xFF, 0x00, 0x1F, 0xFC, 0x00,
    0x07, 0xFF, 0x00, 0x1F, 0xFC, 0x00, 0x0F, 0xFE, 0x00, 0x0F, 0xFE, 0x00,
    0x0F, 0xFE, 0x00, 0x0F, 0xFE, 0x00, 0x0F, 0xFE, 0x00, 0x0F, 0xFE, 0x00,
    0x1F, 0xFC, 0x00, 0x07, 0xFF, 0x00, 0x1F, 0xFC, 0x00, 0x07, 0xFF, 0x00,
    0x1F, 0xFC, 0x00, 0x07, 0xFF, 0x00, 0x3F, 0xF8, 0x00, 0x03, 0xFF, 0x80,
    0x3F, 0xF8, 0x00, 0x03, 0xFF, 0x80, 0x3F, 0xF8, 0x00, 0x01, 0xFF, 0x80,
    0x7F, 0xF0, 0x00, 0x01, 0xFF, 0xC0, 0x7F, 0xF0, 0x00, 0x01, 0xFF, 0xC0,
    0x7F, 0xF0, 0x00, 0x00, 0xFF, 0xC0, 0x7F, 0xE0, 0x00, 0x00, 0xFF, 0xC0,
    0xFF, 0xE0, 0x00, 0x00, 0xFF, 0xE0, 0xFF, 0xE0, 0x00, 0x00, 0x7F, 0xE0,
    0xFF, 0xC0, 0x00, 0x00, 0x7F, 0xE1, 0xFF, 0xC0, 0x00, 0x00, 0x7F, 0xF1,
    0xFF, 0xC0, 0x00, 0x00, 0x3F, 0xF1, 0xFF, 0x80, 0x00, 0x00, 0x3F, 0xF3,
    0xFF, 0x80, 0x00, 0x00, 0x3F, 0xFB, 0xFF, 0x80, 0x00, 0x00, 0x1F, 0xFB,
    0xFF, 0x00, 0x00, 0x00, 0x1F, 0xFF, 0xFF, 0x00, 0x00, 0x00, 0x1F, 0xFF,
    0xFF, 0x00, 0x00, 0x00, 0x0F, 0xFF, 0xFE, 0x00, 0x00, 0x00, 0x0F, 0xFF,
    0xFE, 0x00, 0x00, 0x00, 0x0F, 0xFF, 0xFE, 0x00, 0x00, 0x00, 0x07, 0xFF,
    0xFC, 0x00, 0x00, 0x00, 0x07, 0xFF, 0xFC, 0x00, 0x00, 0x00, 0x07, 0xFF,
    0xF8, 0x00, 0x00, 0x00, 0x03, 0xFF, 0xF8, 0x00, 0x00, 0x00, 0x03, 0xFF,
    0xF8, 0x00, 0x00, 0x00, 0x03, 0xFF, 0xF0, 0x00, 0x00, 0x00, 0x01, 0xFF,
    0xF0, 0x00, 0x00, 0x00, 0x01, 0xFF, 0xF0, 0x00, 0x00, 0x7F, 0xF0, 0x01,
    0xFF, 0xC0, 0x03, 0xFF, 0x80, 0x7F, 0xF0, 0x01, 0xFF, 0xE0, 0x03, 0xFF,
    0x00, 0x3F, 0xF0, 0x01, 0xFF, 0xE0, 0x07, 0xFF, 0x00, 0x3F, 0xF0, 0x01,
    0xFF, 0xE0, 0x07, 0xFF, 0x00, 0x3F, 0xF8, 0x03, 0xFF, 0xE0, 0x07, 0xFF,
    0x00, 0x3F, 0xF8, 0x03, 0xFF, 0xF0, 0x07, 0xFE, 0x00, 0x1F, 0xF8, 0x03,
    0xFF, 0xF0, 0x07, 0xFE, 0x00, 0x1F, 0xF8, 0x03, 0xFF, 0xF0, 0x07, 0xFE,
    0x00, 0x1F, 0xF8, 0x07, 0xFF, 0xF0, 0x0F, 0xFE, 0x00, 0x1F, 0xFC, 0x07,
    0xFF, 0xF0, 0x0F, 0xFC, 0x00, 0x1F, 0xFC, 0x07, 0xFF, 0xF8, 0x0F, 0xFC,
    0x00, 0x0F, 0xFC, 0x07, 0xFF, 0xF8, 0x0F, 0xFC, 0x00, 0x0F, 0xFC, 0x07,
    0xFF, 0xF8, 0x0F, 0xFC, 0x00, 0x0F, 0xFC, 0x0F, 0xFF, 0xF8, 0x1F, 0xF8,
    0x00, 0x0F, 0xFC, 0x0F, 0xFF, 0xF8, 0x1F, 0xF8, 0x00, 0x07, 0xFE, 0x0F,
    0xF7, 0xFC, 0x1F, 0xF8, 0x00, 0x07, 0xFE, 0x0F, 0xF7, 0xFC, 0x1F, 0xF8,
    0x00, 0x07, 0xFE, 0x0F, 0xF3, 0xFC, 0x1F, 0xF8, 0x00, 0x07, 0xFE, 0x1F,
    0xF3, 0xFC, 0x3F, 0xF0, 0x00, 0x03, 0xFE, 0x1F, 0xF3, 0xFC, 0x3F, 0xF0,
    0x00, 0x03, 0xFF, 0x1F, 0xE3, 0xFE, 0x3F, 0xF0, 0x00, 0x03, 0xFF, 0x1F,
    0xE3, 0xFE, 0x3F, 0xF0, 0x00, 0x03, 0xFF, 0x1F, 0xE1, 0xFE, 0x3F, 0xE0,
    0x00, 0x01, 0xFF, 0x3F, 0xE1, 0xFE, 0x7F, 0xE0, 0x00, 0x01, 0xFF, 0x3F,
    0xE1, 0xFF, 0x7F, 0xE0, 0x00, 0x01, 0xFF, 0xBF, 0xC1, 0xFF, 0x7F, 0xE0,
    0x00, 0x01, 0xFF, 0xBF, 0xC1, 0xFF, 0x7F, 0xC0, 0x00, 0x00, 0xFF, 0xFF,
    0xC0, 0xFF, 0x7F, 0xC0, 0x00, 0x00, 0xFF, 0xFF, 0xC0, 0xFF, 0xFF, 0xC0,
    0x00, 0x00, 0xFF, 0xFF, 0xC0, 0xFF, 0xFF, 0xC0, 0x00, 0x00, 0xFF, 0xFF,
    0x80, 0xFF, 0xFF, 0x80, 0x00, 0x00, 0xFF, 0xFF, 0x80, 0x7F, 0xFF, 0x80,
    0x00, 0x00, 0x7F, 0xFF, 0x80, 0x7F, 0xFF, 0x80, 0x00, 0x00, 0x7F, 0xFF,
    0x80, 0x7F, 0xFF, 0x80, 0x00, 0x00, 0x7F, 0xFF, 0x00, 0x7F, 0xFF, 0x00,
    0x00, 0x00, 0x7F, 0xFF, 0x00, 0x7F, 0xFF, 0x00, 0x00, 0x00, 0x3F, 0xFF,
    0x00, 0x3F, 0xFF, 0x00, 0x00, 0x00, 0x3F, 0xFF, 0x00, 0x3F, 0xFF, 0x00,
    0x00, 0x00, 0x3F, 0xFF, 0x00, 0x3F, 0xFF, 0x00, 0x00, 0x00, 0x3F, 0xFE,
    0x00, 0x3F, 0xFE, 0x00, 0x00, 0x00, 0x1F, 0xFE, 0x00, 0x3F, 0xFE, 0x00,
    0x00, 0x00, 0x1F, 0xFE, 0x00, 0x1F, 0xFE, 0x00, 0x00, 0x00, 0x1F, 0xFE,
    0x00, 0x1F, 0xFE, 0x00, 0x00, 0x3F, 0xFE, 0x00, 0x01, 0xFF, 0xF0, 0x1F,
    0xFF, 0x00, 0x03, 0xFF, 0xE0, 0x1F, 0xFF, 0x00, 0x07, 0xFF, 0xC0, 0x0F,
    0xFF, 0x80, 0x07, 0xFF, 0xC0, 0x07, 0xFF, 0xC0, 0x0F, 0xFF, 0x80, 0x07,
    0xFF, 0xC0, 0x1F, 0xFF, 0x00, 0x03, 0xFF, 0xE0, 0x1F, 0xFF, 0x00, 0x01,
    0xFF, 0xF0, 0x3F, 0xFE, 0x00, 0x01, 0xFF, 0xF0, 0x7F, 0xFC, 0x00, 0x00,
    0xFF, 0xF8, 0x7F, 0xF8, 0x00, 0x00, 0x7F, 0xFC, 0xFF, 0xF8, 0x00, 0x00,
    0x3F, 0xFD, 0xFF, 0xF0, 0x00, 0x00, 0x3F, 0xFF, 0xFF, 0xE0, 0x00, 0x00,
    0x1F, 0xFF, 0xFF, 0xE0, 0x00, 0x00, 0x0F, 0xFF, 0xFF, 0xC0, 0x00, 0x00,
    0x0F, 0xFF, 0xFF, 0x80, 0x00, 0x00, 0x07, 0xFF, 0xFF, 0x80, 0x00, 0x00,
    0x03, 0xFF, 0xFF, 0x00, 0x00, 0x00, 0x03, 0xFF, 0xFE, 0x00, 0x00, 0x00,
    0x01, 0xFF, 0xFC, 0x00, 0x00, 0x00, 0x00, 0xFF, 0xFC, 0x00, 0x00, 0x00,
    0x00, 0xFF, 0xFC, 0x00, 0x00, 0x00, 0x01, 0xFF, 0xFC, 0x00, 0x00, 0x00,
    0x01, 0xFF, 0xFE, 0x00, 0x00, 0x00, 0x03, 0xFF, 0xFF, 0x00, 0x00, 0x00,
    0x07, 0xFF, 0xFF, 0x00, 0x00, 0x00, 0x07, 0xFF, 0xFF, 0x80, 0x00, 0x00,
    0x0F, 0xFF, 0xFF, 0xC0, 0x00, 0x00, 0x1F, 0xFF, 0xFF, 0xE0, 0x00, 0x00,
    0x3F, 0xFF, 0xFF, 0xE0, 0x00, 0x00, 0x3F, 0xFF, 0xFF, 0xF0, 0x00, 0x00,
    0x7F, 0xFC, 0xFF, 0xF8, 0x00, 0x00, 0xFF, 0xF8, 0xFF, 0xF8, 0x00, 0x01,
    0xFF, 0xF0, 0x7F, 0xFC, 0x00, 0x01, 0xFF, 0xF0, 0x3F, 0xFE, 0x00, 0x03,
    0xFF, 0xE0, 0x1F, 0xFF, 0x00, 0x07, 0xFF, 0xC0, 0x1F, 0xFF, 0x00, 0x07,
    0xFF, 0xC0, 0x0F, 0xFF, 0x80, 0x0F, 0xFF, 0x80, 0x07, 0xFF, 0xC0, 0x1F,
    0xFF, 0x00, 0x07, 0xFF, 0xC0, 0x3F, 0xFE, 0x00, 0x03, 0xFF, 0xE0, 0x3F,
    0xFE, 0x00, 0x01, 0xFF, 0xF0, 0x7F, 0xFC, 0x00, 0x00, 0xFF, 0xF8, 0xFF,
    0xF8, 0x00, 0x01, 0xFF, 0xE0, 0x7F, 0xFC, 0x00, 0x03, 0xFF, 0xE0, 0x3F,
    0xFC, 0x00, 0x03, 0xFF, 0xC0, 0x3F, 0xFE, 0x00, 0x07, 0xFF, 0xC0, 0x1F,
    0xFE, 0x00, 0x0F, 0xFF, 0x80, 0x1F, 0xFF, 0x00, 0x0F, 0xFF, 0x00, 0x0F,
    0xFF, 0x00, 0x1F, 0xFF, 0x00, 0x07, 0xFF, 0x80, 0x1F, 0xFE, 0x00, 0x07,
    0xFF, 0xC0, 0x3F, 0xFC, 0x00, 0x03, 0xFF, 0xC0, 0x3F, 0xFC, 0x00, 0x01,
    0xFF, 0xE0, 0x7F, 0xF8, 0x00, 0x01, 0xFF, 0xE0, 0xFF, 0xF8, 0x00, 0x00,
    0xFF, 0xF0, 0xFF, 0xF0, 0x00, 0x00, 0xFF, 0xF1, 0xFF, 0xE0, 0x00, 0x00,
    0x7F, 0xF9, 0xFF, 0xE0, 0x00, 0x00, 0x3F, 0xFB, 0xFF, 0xC0, 0x00, 0x00,
    0x3F, 0xFF, 0xFF, 0x80, 0x00, 0x00, 0x1F, 0xFF, 0xFF, 0x80, 0x00, 0x00,
    0x0F, 0xFF, 0xFF, 0x00, 0x00, 0x00, 0x0F, 0xFF, 0xFF, 0x00, 0x00, 0x00,
    0x07, 0xFF, 0xFE, 0x00, 0x00, 0x00, 0x07, 0xFF, 0xFC, 0x00, 0x00, 0x00,
    0x03, 0xFF, 0xFC, 0x00, 0x00, 0x00, 0x01, 0xFF, 0xF8, 0x00, 0x00, 0x00,
    0x01, 0xFF, 0xF0, 0x00, 0x00, 0x00, 0x00, 0xFF, 0xF0, 0x00, 0x00, 0x00,
    0x00, 0xFF, 0xE0, 0x00, 0x00, 0x00, 0x00, 0xFF, 0xE0, 0x00, 0x00, 0x00,
    0x00, 0xFF, 0xE0, 0x00, 0x00, 0x00, 0x00, 0xFF, 0xE0, 0x00, 0x00, 0x00,
    0x00, 0xFF, 0xE0, 0x00, 0x00, 0x00, 0x00, 0xFF, 0xE0, 0x00, 0x00, 0x00,
    0x00, 0xFF, 0xE0, 0x00, 0x00, 0x00, 0x00, 0xFF, 0xE0, 0x00, 0x00, 0x00,
    0x00, 0xFF, 0xE0, 0x00, 0x00, 0x00, 0x00, 0xFF, 0xE0, 0x00, 0x00, 0x00,
    0x00, 0xFF, 0xE0, 0x00, 0x00, 0x00, 0x00, 0xFF, 0xE0, 0x00, 0x00, 0x00,
    0x00, 0xFF, 0xE0, 0x00, 0x00, 0x00, 0x00, 0xFF, 0xE0, 0x00, 0x00, 0x00,
    0x00, 0xFF, 0xE0, 0x00, 0x00, 0x00, 0x00, 0xFF, 0xE0, 0x00, 0x00, 0x00,
    0x00, 0xFF, 0xE0, 0x00, 0x00, 0x1F, 0xFF, 0xFF, 0xFF, 0xF8, 0x1F, 0xFF,
    0xFF, 0xFF, 0xF8, 0x1F, 0xFF, 0xFF, 0xFF, 0xF8, 0x1F, 0xFF, 0xFF, 0xFF,
    0xF8, 0x1F, 0xFF, 0xFF, 0xFF, 0xF8, 0x1F, 0xFF, 0xFF, 0xFF, 0xF8, 0x1F,
    0xFF, 0xFF, 0xFF, 0xF8, 0x1F, 0xFF, 0xFF, 0xFF, 0xF8, 0x1F, 0xFF, 0xFF,
    0xFF, 0xF8, 0x1F, 0xFF, 0xFF, 0xFF, 0xF0, 0x00, 0x00, 0x03, 0xFF, 0xE0,
    0x00, 0x00, 0x07, 0xFF, 0xE0, 0x00, 0x00, 0x07, 0xFF, 0xC0, 0x00, 0x00,
    0x0F, 0xFF, 0x80, 0x00, 0x00, 0x1F, 0xFF, 0x00, 0x00, 0x00, 0x3F, 0xFE,
    0x00, 0x00, 0x00, 0x7F, 0xFC, 0x00, 0x00, 0x00, 0xFF, 0xF8, 0x00, 0x00,
    0x00, 0xFF, 0xF8, 0x00, 0x00, 0x01, 0xFF, 0xF0, 0x00, 0x00, 0x03, 0xFF,
    0xE0, 0x00, 0x00, 0x07, 0xFF, 0xC0, 0x00, 0x00, 0x0F, 0xFF, 0x80, 0x00,
    0x00, 0x1F, 0xFF, 0x00, 0x00, 0x00, 0x3F, 0xFF, 0x00, 0x00, 0x00, 0x3F,
    0xFE, 0x00, 0x00, 0x00, 0x7F, 0xFC, 0x00, 0x00, 0x00, 0xFF, 0xF8, 0x00,
    0x00, 0x01, 0xFF, 0xF0, 0x00, 0x00, 0x03, 0xFF, 0xE0, 0x00, 0x00, 0x07,
    0xFF, 0xE0, 0x00, 0x00, 0x0F, 0xFF, 0xC0, 0x00, 0x00, 0x0F, 0xFF, 0x80,
    0x00, 0x00, 0x1F, 0xFF, 0xFF, 0xFF, 0xFC, 0x3F, 0xFF, 0xFF, 0xFF, 0xFC,
    0x3F, 0xFF, 0xFF, 0xFF, 0xFC, 0x3F, 0xFF, 0xFF, 0xFF, 0xFC, 0x3F, 0xFF,
    0xFF, 0xFF, 0xFC, 0x3F, 0xFF, 0xFF, 0xFF, 0xFC, 0x3F, 0xFF, 0xFF, 0xFF,
    0xFC, 0x3F, 0xFF, 0xFF, 0xFF, 0xFC, 0x3F, 0xFF, 0xFF, 0xFF, 0xFC, 0x3F,
    0xFF, 0xFF, 0xFF, 0xFC, 0x00, 0x00, 0x00, 0x1F, 0xFF, 0xF0, 0x1F, 0xFF,
    0xF0, 0x1F, 0xFF, 0xF0, 0x1F, 0xFF, 0xF0, 0x1F, 0xFF, 0xF0, 0x1F, 0xFF,
    0xF0, 0x1F, 0xFF, 0xF0, 0x1F, 0xFF, 0xF0, 0x1F, 0xF0, 0x00, 0x1F, 0xF0,
    0x00, 0x1F, 0xF0, 0x00, 0x1F, 0xF0, 0x00, 0x1F, 0xF0, 0x00, 0x1F, 0xF0,
    0x00, 0x1F, 0xF0, 0x00, 0x1F, 0xF0, 0x00, 0x1F, 0xF0, 0x00, 0x1F, 0xF0,
    0x00, 0x1F, 0xF0, 0x00, 0x1F, 0xF0, 0x00, 0x1F, 0xF0, 0x00, 0x1F, 0xF0,
    0x00, 0x1F, 0xF0, 0x00, 0x1F, 0xF0, 0x00, 0x1F, 0xF0, 0x00, 0x1F, 0xF0,
    0x00, 0x1F, 0xF0, 0x00, 0x1F, 0xF0, 0x00, 0x1F, 0xF0, 0x00, 0x1F, 0xF0,
    0x00, 0x1F, 0xF0, 0x00, 0x1F, 0xF0, 0x00, 0x1F, 0xF0, 0x00, 0x1F, 0xF0,
    0x00, 0x1F, 0xF0, 0x00, 0x1F, 0xF0, 0x00, 0x1F, 0xF0, 0x00, 0x1F, 0xF0,
    0x00, 0x1F, 0xF0, 0x00, 0x1F, 0xF0, 0x00, 0x1F, 0xF0, 0x00, 0x1F, 0xF0,
    0x00, 0x1F, 0xF0, 0x00, 0x1F, 0xF0, 0x00, 0x1F, 0xF0, 0x00, 0x1F, 0xF0,
    0x00, 0x1F, 0xF0, 0x00, 0x1F, 0xF0, 0x00, 0x1F, 0xFF, 0xF0, 0x1F, 0xFF,
    0xF0, 0x1F, 0xFF, 0xF0, 0x1F, 0xFF, 0xF0, 0x1F, 0xFF, 0xF0, 0x1F, 0xFF,
    0xF0, 0x1F, 0xFF, 0xF0, 0x1F, 0xFF, 0xF0, 0x3F, 0xE0, 0x00, 0x00, 0x3F,
    0xF0, 0x00, 0x00, 0x3F, 0xF0, 0x00, 0x00, 0x3F, 0xF8, 0x00, 0x00, 0x1F,
    0xF8, 0x00, 0x00, 0x1F, 0xF8, 0x00, 0x00, 0x1F, 0xF8, 0x00, 0x00, 0x0F,
    0xFC, 0x00, 0x00, 0x0F, 0xFC, 0x00, 0x00, 0x0F, 0xFC, 0x00, 0x00, 0x07,
    0xFE, 0x00, 0x00, 0x07, 0xFE, 0x00, 0x00, 0x07, 0xFE, 0x00, 0x00, 0x03,
    0xFF, 0x00, 0x00, 0x03, 0xFF, 0x00, 0x00, 0x03, 0xFF, 0x00, 0x00, 0x01,
    0xFF, 0x80, 0x00, 0x01, 0xFF, 0x80, 0x00, 0x01, 0xFF, 0x80, 0x00, 0x00,
    0xFF, 0xC0, 0x00, 0x00, 0xFF, 0xC0, 0x00, 0x00, 0xFF, 0xC0, 0x00, 0x00,
    0xFF, 0xE0, 0x00, 0x00, 0x7F, 0xE0, 0x00, 0x00, 0x7F, 0xE0, 0x00, 0x00,
    0x7F, 0xF0, 0x00, 0x00, 0x3F, 0xF0, 0x00, 0x00, 0x3F, 0xF0, 0x00, 0x00,
    0x3F, 0xF8, 0x00, 0x00, 0x1F, 0xF8, 0x00, 0x00, 0x1F, 0xF8, 0x00, 0x00,
    0x1F, 0xFC, 0x00, 0x00, 0x0F, 0xFC, 0x00, 0x00, 0x0F, 0xFC, 0x00, 0x00,
    0x0F, 0xFE, 0x00, 0x00, 0x07, 0xFE, 0x00, 0x00, 0x07, 0xFE, 0x00, 0x00,
    0x07, 0xFF, 0x00, 0x00, 0x03, 0xFF, 0x00, 0x00, 0x03, 0xFF, 0x00, 0x00,
    0x03, 0xFF, 0x80, 0x00, 0x01, 0xFF, 0x80, 0x00, 0x01, 0xFF, 0x80, 0x00,
    0x01, 0xFF, 0xC0, 0x00, 0x00, 0xFF, 0xC0, 0x00, 0x00, 0xFF, 0xC0, 0x00,
    0x00, 0xFF, 0xE0, 0x00, 0x00, 0x7F, 0xE0, 0x00, 0x00, 0x7F, 0xE0, 0x00,
    0x00, 0x7F, 0xF0, 0x00, 0x00, 0x3F, 0xF0, 0x00, 0x00, 0x3F, 0xF0, 0x00,
    0x00, 0x00, 0x3F, 0xFF, 0xE0, 0x3F, 0xFF, 0xE0, 0x3F, 0xFF, 0xE0, 0x3F,
    0xFF, 0xE0, 0x3F, 0xFF, 0xE0, 0x3F, 0xFF, 0xE0, 0x3F, 0xFF, 0xE0, 0x3F,
    0xFF, 0xE0, 0x00, 0x3F, 0xE0, 0x00, 0x3F, 0xE0, 0x00, 0x3F, 0xE0, 0x00,
    0x3F, 0xE0, 0x00, 0x3F, 0xE0, 0x00, 0x3F, 0xE0, 0x00, 0x3F, 0xE0, 0x00,
    0x3F, 0xE0, 0x00, 0x3F, 0xE0, 0x00, 0x3F, 0xE0, 0x00, 0x3F, 0xE0, 0x00,
    0x3F, 0xE0, 0x00, 0x3F, 0xE0, 0x00, 0x3F, 0xE0, 0x00, 0x3F, 0xE0, 0x00,
    0x3F, 0xE0, 0x00, 0x3F, 0xE0, 0x00, 0x3F, 0xE0, 0x00, 0x3F, 0xE0, 0x00,
    0x3F, 0xE0, 0x00, 0x3F, 0xE0, 0x00, 0x3F, 0xE0, 0x00, 0x3F, 0xE0, 0x00,
    0x3F, 0xE0, 0x00, 0x3F, 0xE0, 0x00, 0x3F, 0xE0, 0x00, 0x3F, 0xE0, 0x00,
    0x3F, 0xE0, 0x00, 0x3F, 0xE0, 0x00, 0x3F, 0xE0, 0x00, 0x3F, 0xE0, 0x00,
    0x3F, 0xE0, 0x00, 0x3F, 0xE0, 0x00, 0x3F, 0xE0, 0x00, 0x3F, 0xE0, 0x00,
    0x3F, 0xE0, 0x00, 0x3F, 0xE0, 0x00, 0x3F, 0xE0, 0x00, 0x3F, 0xE0, 0x00,
    0x3F, 0xE0, 0x3F, 0xFF, 0xE0, 0x3F, 0xFF, 0xE0, 0x3F, 0xFF, 0xE0, 0x3F,
    0xFF, 0xE0, 0x3F, 0xFF, 0xE0, 0x3F, 0xFF, 0xE0, 0x3F, 0xFF, 0xE0, 0x3F,
    0xFF, 0xE0, 0x00, 0x01, 0xFE, 0x00, 0x00, 0x00, 0x03, 0xFF, 0x00, 0x00,
    0x00, 0x03, 0xFF, 0x00, 0x00, 0x00, 0x07, 0xFF, 0x80, 0x00, 0x00, 0x07,
    0xFF, 0x80, 0x00, 0x00, 0x0F, 0xFF, 0xC0, 0x00, 0x00, 0x0F, 0xFF, 0xC0,
    0x00, 0x00, 0x1F, 0xFF, 0xE0, 0x00, 0x00, 0x1F, 0xFF, 0xE0, 0x00, 0x00,
    0x3F, 0xFF, 0xF0, 0x00, 0x00, 0x3F, 0xFF, 0xF0, 0x00, 0x00, 0x7F, 0xFF,
    0xF8, 0x00, 0x00, 0x7F, 0xEF, 0xF8, 0x00, 0x00, 0xFF, 0xCF, 0xFC, 0x00,
    0x00, 0xFF, 0xC7, 0xFC, 0x00, 0x01, 0xFF, 0x87, 0xFE, 0x00, 0x01, 0xFF,
    0x83, 0xFE, 0x00, 0x03, 0xFF, 0x03, 0xFF, 0x00, 0x03, 0xFE, 0x01, 0xFF,
    0x00, 0x07, 0xFE, 0x01, 0xFF, 0x80, 0x07, 0xFC, 0x00, 0xFF, 0x80, 0x0F,
    0xFC, 0x00, 0xFF, 0xC0, 0x0F, 0xF8, 0x00, 0x7F, 0xC0, 0x00, 0x00, 0x00,
    0x00, 0x00, 0x00, 0x00, 0x00, 0x00, 0x00, 0x00, 0x00, 0x00, 0x00, 0x00,
    0x00, 0x00, 0x00, 0x00, 0x00, 0x00, 0x00, 0x00, 0x00, 0x00, 0x00, 0x00,
    0x00, 0x00, 0x00, 0x00, 0x00, 0x00, 0x00, 0x00, 0x00, 0x00, 0x00, 0x00,
    0x00, 0x00, 0x00, 0x00, 0x00, 0x00, 0x00, 0x00, 0x00, 0x00, 0x00, 0x00,
    0x00, 0x00, 0x00, 0x00, 0x00, 0x00, 0x00, 0x00, 0x00, 0x00, 0x00, 0x00,
    0x00, 0x00, 0x00, 0x00, 0x00, 0x00, 0x00, 0x00, 0x00, 0x00, 0x00, 0x00,
    0x00, 0x00, 0x00, 0x00, 0x00, 0x00, 0x00, 0x00, 0x00, 0x00, 0x00, 0x00,
    0x00, 0x00, 0x00, 0x00, 0x00, 0x00, 0x00, 0x00, 0x00, 0x00, 0x00, 0x00,
    0x00, 0x7F, 0xFF, 0xFF, 0xF0, 0x7F, 0xFF, 0xFF, 0xF0, 0x7F, 0xFF, 0xFF,
    0xF0, 0x7F, 0xFF, 0xFF, 0xF0, 0x7F, 0xFF, 0xFF, 0xF0, 0x7F, 0xFF, 0xFF,
    0xF0, 0x7F, 0xFF, 0xFF, 0xF0, 0x7F, 0xFF, 0xFF, 0xF0, 0x7F, 0xFF, 0xFF,
    0xF0, 0x07, 0x80, 0x00, 0x0F, 0xC0, 0x00, 0x1F, 0xE0, 0x00, 0x1F, 0xE0,
    0x00, 0x1F, 0xF0, 0x00, 0x1F, 0xF8, 0x00, 0x0F, 0xFC, 0x00, 0x03, 0xFE,
    0x00, 0x01, 0xFF, 0x00, 0x00, 0xFF, 0x00, 0x00, 0x00, 0x00, 0x00, 0x00,
    0x00, 0x00, 0x00, 0x00, 0x00, 0x00, 0x00, 0x00, 0x00, 0x00, 0x00, 0x00,
    0x00, 0x00, 0x00, 0x00, 0x00, 0x00, 0x00, 0x00, 0x00, 0x00, 0x00, 0x00,
    0x00, 0x00, 0x00, 0x00, 0x00, 0x00, 0x00, 0x00, 0x00, 0x00, 0x00, 0x00,
    0x00, 0x00, 0x00, 0x00, 0x00, 0x00, 0x00, 0x00, 0x00, 0x00, 0x00, 0x00,
    0x00, 0x00, 0x00, 0x00, 0x00, 0x00, 0x00, 0x00, 0x00, 0x00, 0x00, 0x00,
    0x00, 0x00, 0x00, 0x00, 0x00, 0x00, 0x00, 0x00, 0x00, 0x00, 0x00, 0x00,
    0x00, 0x00, 0x00, 0x00, 0x00, 0x00, 0x00, 0x00, 0x00, 0x00, 0x00, 0x00,
    0x00, 0x00, 0x00, 0x00, 0x00, 0x00, 0x00, 0x00, 0x00, 0x00, 0x00, 0x00,
    0x00, 0x00, 0x00, 0x00, 0x00, 0x00, 0x00, 0x00, 0x00, 0x00, 0x00, 0x07,
    0xFE, 0x00, 0x00, 0x00, 0x3F, 0xFF, 0xC0, 0x00, 0x00, 0xFF, 0xFF, 0xF0,
    0x00, 0x03, 0xFF, 0xFF, 0xF8, 0x00, 0x07, 0xFF, 0xFF, 0xFC, 0x00, 0x0F,
    0xFF, 0xFF, 0xFE, 0x00, 0x0F, 0xFF, 0xFF, 0xFE, 0x00, 0x0F, 0xFE, 0x0F,
    0xFF, 0x00, 0x03, 0xF8, 0x07, 0xFF, 0x00, 0x00, 0x78, 0x03, 0xFF, 0x00,
    0x00, 0x00, 0x03, 0xFF, 0x80, 0x00, 0x00, 0x03, 0xFF, 0x80, 0x00, 0x00,
    0x01, 0xFF, 0x80, 0x00, 0x01, 0xFF, 0xFF, 0x80, 0x00, 0x1F, 0xFF, 0xFF,
    0x80, 0x00, 0xFF, 0xFF, 0xFF, 0x80, 0x03, 0xFF, 0xFF, 0xFF, 0x80, 0x07,
    0xFF, 0xFF, 0xFF, 0x80, 0x1F, 0xFF, 0xFF, 0xFF, 0x80, 0x1F, 0xFF, 0x81,
    0xFF, 0x80, 0x3F, 0xFC, 0x03, 0xFF, 0x80, 0x3F, 0xF8, 0x03, 0xFF, 0x80,
    0x7F, 0xF8, 0x03, 0xFF, 0x80, 0x7F, 0xF0, 0x03, 0xFF, 0x80, 0x7F, 0xF8,
    0x03, 0xFF, 0x80, 0x7F, 0xF8, 0x07, 0xFF, 0x80, 0x7F, 0xFC, 0x1F, 0xFF,
    0x80, 0x3F, 0xFF, 0xFF, 0xFF, 0x80, 0x3F, 0xFF, 0xFF, 0xFF, 0x80, 0x1F,
    0xFF, 0xFF, 0xFF, 0x80, 0x0F, 0xFF, 0xFD, 0xFF, 0x80, 0x07, 0xFF, 0xF9,
    0xFF, 0x80, 0x03, 0xFF, 0xF0, 0xFF, 0xC0, 0x00, 0x7F, 0x80, 0x00, 0x00,
    0x1F, 0xFC, 0x00, 0x00, 0x00, 0x1F, 0xFC, 0x00, 0x00, 0x00, 0x1F, 0xFC,
    0x00, 0x00, 0x00, 0x1F, 0xFC, 0x00, 0x00, 0x00, 0x1F, 0xFC, 0x00, 0x00,
    0x00, 0x1F, 0xFC, 0x00, 0x00, 0x00, 0x1F, 0xFC, 0x00, 0x00, 0x00, 0x1F,
    0xFC, 0x00, 0x00, 0x00, 0x1F, 0xFC, 0x00, 0x00, 0x00, 0x1F, 0xFC, 0x00,
    0x00, 0x00, 0x1F, 0xFC, 0x00, 0x00, 0x00, 0x1F, 0xFC, 0x00, 0x00, 0x00,
    0x1F, 0xFC, 0x00, 0x00, 0x00, 0x1F, 0xFC, 0x0F, 0xE0, 0x00, 0x1F, 0xFC,
    0x3F, 0xFC, 0x00, 0x1F, 0xFC, 0xFF, 0xFE, 0x00, 0x1F, 0xFD, 0xFF, 0xFF,
    0x80, 0x1F, 0xFF, 0xFF, 0xFF, 0xC0, 0x1F, 0xFF, 0xFF, 0xFF, 0xC0, 0x1F,
    0xFF, 0xFF, 0xFF, 0xE0, 0x1F, 0xFF, 0xFF, 0xFF, 0xF0, 0x1F, 0xFF, 0xC3,
    0xFF, 0xF0, 0x1F, 0xFF, 0x00, 0xFF, 0xF0, 0x1F, 0xFE, 0x00, 0x7F, 0xF8,
    0x1F, 0xFC, 0x00, 0x7F, 0xF8, 0x1F, 0xFC, 0x00, 0x3F, 0xF8, 0x1F, 0xFC,
    0x00, 0x3F, 0xF8, 0x1F, 0xF8, 0x00, 0x3F, 0xF8, 0x1F, 0xF8, 0x00, 0x3F,
    0xF8, 0x1F, 0xF8, 0x00, 0x1F, 0xF8, 0x1F, 0xF8, 0x00, 0x1F, 0xF8, 0x1F,
    0xF8, 0x00, 0x3F, 0xF8, 0x1F, 0xF8, 0x00, 0x3F, 0xF8, 0x1F, 0xFC, 0x00,
    0x3F, 0xF8, 0x1F, 0xFC, 0x00, 0x3F, 0xF8, 0x1F, 0xFC, 0x00, 0x7F, 0xF8,
    0x1F, 0xFE, 0x00, 0x7F, 0xF8, 0x1F, 0xFF, 0x00, 0xFF, 0xF0, 0x1F, 0xFF,
    0xC3, 0xFF, 0xF0, 0x1F, 0xFF, 0xFF, 0xFF, 0xE0, 0x1F, 0xFF, 0xFF, 0xFF,
    0xE0, 0x1F, 0xFF, 0xFF, 0xFF, 0xC0, 0x1F, 0xFF, 0xFF, 0xFF, 0x80, 0x1F,
    0xF9, 0xFF, 0xFF, 0x00, 0x1F, 0xF8, 0xFF, 0xFE, 0x00, 0x1F, 0xF8, 0x3F,
    0xFC, 0x00, 0x00, 0x00, 0x0F, 0xE0, 0x00, 0x00, 0x03, 0xFC, 0x00, 0x00,
    0x00, 0x1F, 0xFF, 0xC0, 0x00, 0x00, 0x7F, 0xFF, 0xF0, 0x00, 0x00, 0xFF,
    0xFF, 0xF8, 0x00, 0x03, 0xFF, 0xFF, 0xFC, 0x00, 0x03, 0xFF, 0xFF, 0xFE,
    0x00, 0x07, 0xFF, 0xFF, 0xFF, 0x00, 0x0F, 0xFF, 0xFF, 0xFF, 0x00, 0x0F,
    0xFF, 0x87, 0xFF, 0x80, 0x1F, 0xFE, 0x01, 0xFE, 0x00, 0x1F, 0xFC, 0x00,
    0xF0, 0x00, 0x3F, 0xFC, 0x00, 0xC0, 0x00, 0x3F, 0xF8, 0x00, 0x00, 0x00,
    0x3F, 0xF8, 0x00, 0x00, 0x00, 0x3F, 0xF8, 0x00, 0x00, 0x00, 0x3F, 0xF8,
    0x00, 0x00, 0x00, 0x3F, 0xF0, 0x00, 0x00, 0x00, 0x3F, 0xF8, 0x00, 0x00,
    0x00, 0x3F, 0xF8, 0x00, 0x00, 0x00, 0x3F, 0xF8, 0x00, 0x00, 0x00, 0x3F,
    0xF8, 0x00, 0x00, 0x00, 0x3F, 0xF8, 0x00, 0x00, 0x00, 0x3F, 0xFC, 0x00,
    0x00, 0x00, 0x1F, 0xFC, 0x00, 0xC0, 0x00, 0x1F, 0xFE, 0x01, 0xF0, 0x00,
    0x0F, 0xFF, 0x87, 0xFE, 0x00, 0x0F, 0xFF, 0xFF, 0xFF, 0x80, 0x07, 0xFF,
    0xFF, 0xFF, 0x00, 0x07, 0xFF, 0xFF, 0xFE, 0x00, 0x03, 0xFF, 0xFF, 0xFC,
    0x00, 0x01, 0xFF, 0xFF, 0xF8, 0x00, 0x00, 0x7F, 0xFF, 0xF0, 0x00, 0x00,
    0x1F, 0xFF, 0xC0, 0x00, 0x00, 0x03, 0xFE, 0x00, 0x00, 0x00, 0x00, 0x00,
    0x7F, 0xF0, 0x00, 0x00, 0x00, 0x7F, 0xF0, 0x00, 0x00, 0x00, 0x7F, 0xF0,
    0x00, 0x00, 0x00, 0x7F, 0xF0, 0x00, 0x00, 0x00, 0x7F, 0xF0, 0x00, 0x00,
    0x00, 0x7F, 0xF0, 0x00, 0x00, 0x00, 0x7F, 0xF0, 0x00, 0x00, 0x00, 0x7F,
    0xF0, 0x00, 0x00, 0x00, 0x7F, 0xF0, 0x00, 0x00, 0x00, 0x7F, 0xF0, 0x00,
    0x00, 0x00, 0x7F, 0xF0, 0x00, 0x00, 0x00, 0x7F, 0xF0, 0x00, 0x00, 0x00,
    0x7F, 0xF0, 0x00, 0x0F, 0xE0, 0x7F, 0xF0, 0x00, 0x3F, 0xF8, 0x7F, 0xF0,
    0x00, 0xFF, 0xFE, 0x7F, 0xF0, 0x01, 0xFF, 0xFF, 0x7F, 0xF0, 0x03, 0xFF,
    0xFF, 0xFF, 0xF0, 0x07, 0xFF, 0xFF, 0xFF, 0xF0, 0x0F, 0xFF, 0xFF, 0xFF,
    0xF0, 0x0F, 0xFF, 0xFF, 0xFF, 0xF0, 0x1F, 0xFF, 0x87, 0xFF, 0xF0, 0x1F,
    0xFF, 0x01, 0xFF, 0xF0, 0x1F, 0xFE, 0x00, 0xFF, 0xF0, 0x3F, 0xFC, 0x00,
    0x7F, 0xF0, 0x3F, 0xF8, 0x00, 0x7F, 0xF0, 0x3F, 0xF8, 0x00, 0x3F, 0xF0,
    0x3F, 0xF8, 0x00, 0x3F, 0xF0, 0x3F, 0xF8, 0x00, 0x3F, 0xF0, 0x3F, 0xF8,
    0x00, 0x3F, 0xF0, 0x3F, 0xF8, 0x00, 0x3F, 0xF0, 0x3F, 0xF8, 0x00, 0x3F,
    0xF0, 0x3F, 0xF8, 0x00, 0x3F, 0xF0, 0x3F, 0xF8, 0x00, 0x3F, 0xF0, 0x3F,
    0xFC, 0x00, 0x7F, 0xF0, 0x3F, 0xFC, 0x00, 0x7F, 0xF0, 0x1F, 0xFE, 0x00,
    0xFF, 0xF0, 0x1F, 0xFF, 0x01, 0xFF, 0xF0, 0x1F, 0xFF, 0x87, 0xFF, 0xF0,
    0x0F, 0xFF, 0xFF, 0xFF, 0xF0, 0x0F, 0xFF, 0xFF, 0xFF, 0xF0, 0x07, 0xFF,
    0xFF, 0xFF, 0xF0, 0x03, 0xFF, 0xFF, 0xFF, 0xF8, 0x01, 0xFF, 0xFF, 0x3F,
    0xF8, 0x00, 0xFF, 0xFE, 0x3F, 0xF8, 0x00, 0x3F, 0xFC, 0x1F, 0xF8, 0x00,
    0x0F, 0xE0, 0x00, 0x00, 0x00, 0x01, 0xFE, 0x00, 0x00, 0x00, 0x0F, 0xFF,
    0xC0, 0x00, 0x00, 0x3F, 0xFF, 0xF0, 0x00, 0x00, 0xFF, 0xFF, 0xF8, 0x00,
    0x01, 0xFF, 0xFF, 0xFE, 0x00, 0x03, 0xFF, 0xFF, 0xFF, 0x00, 0x07, 0xFF,
    0xFF, 0xFF, 0x00, 0x0F, 0xFF, 0xFF, 0xFF, 0x80, 0x0F, 0xFF, 0x83, 0xFF,
    0xC0, 0x1F, 0xFE, 0x00, 0xFF, 0xC0, 0x1F, 0xFC, 0x00, 0x7F, 0xC0, 0x1F,
    0xF8, 0x00, 0x7F, 0xE0, 0x3F, 0xF0, 0x00, 0x3F, 0xE0, 0x3F, 0xF0, 0x00,
    0x3F, 0xE0, 0x3F, 0xFF, 0xFF, 0xFF, 0xE0, 0x3F, 0xFF, 0xFF, 0xFF, 0xF0,
    0x3F, 0xFF, 0xFF, 0xFF, 0xF0, 0x3F, 0xFF, 0xFF, 0xFF, 0xF0, 0x3F, 0xFF,
    0xFF, 0xFF, 0xF0, 0x3F, 0xFF, 0xFF, 0xFF, 0xF0, 0x3F, 0xF0, 0x00, 0x00,
    0x00, 0x3F, 0xF8, 0x00, 0x00, 0x00, 0x1F, 0xF8, 0x00, 0x00, 0x00, 0x1F,
    0xFC, 0x00, 0x00, 0x00, 0x1F, 0xFE, 0x00, 0xF0, 0x00, 0x0F, 0xFF, 0x83,
    0xFC, 0x00, 0x0F, 0xFF, 0xFF, 0xFF, 0x80, 0x07, 0xFF, 0xFF, 0xFF, 0x80,
    0x03, 0xFF, 0xFF, 0xFF, 0x00, 0x01, 0xFF, 0xFF, 0xFE, 0x00, 0x00, 0xFF,
    0xFF, 0xFC, 0x00, 0x00, 0x3F, 0xFF, 0xF8, 0x00, 0x00, 0x0F, 0xFF, 0xE0,
    0x00, 0x00, 0x01, 0xFF, 0x00, 0x00, 0x00, 0x00, 0x00, 0x00, 0x00, 0x0F,
    0xFE, 0x00, 0x00, 0x3F, 0xFE, 0x00, 0x00, 0xFF, 0xFE, 0x00, 0x01, 0xFF,
    0xFE, 0x00, 0x01, 0xFF, 0xFE, 0x00, 0x03, 0xFF, 0xFE, 0x00, 0x03, 0xFF,
    0xFE, 0x00, 0x03, 0xFF, 0xFE, 0x00, 0x03, 0xFF, 0x80, 0x00, 0x03, 0xFF,
    0x80, 0x00, 0x03, 0xFF, 0x00, 0x00, 0x03, 0xFF, 0x00, 0x00, 0x03, 0xFF,
    0x00, 0x00, 0x03, 0xFF, 0x00, 0x00, 0x7F, 0xFF, 0xFE, 0x00, 0x7F, 0xFF,
    0xFE, 0x00, 0x7F, 0xFF, 0xFE, 0x00, 0x7F, 0xFF, 0xFE, 0x00, 0x7F, 0xFF,
    0xFE, 0x00, 0x7F, 0xFF, 0xFE, 0x00, 0x7F, 0xFF, 0xFE, 0x00, 0x7F, 0xFF,
    0xFE, 0x00, 0x03, 0xFF, 0x00, 0x00, 0x03, 0xFF, 0x00, 0x00, 0x03, 0xFF,
    0x00, 0x00, 0x03, 0xFF, 0x00, 0x00, 0x03, 0xFF, 0x00, 0x00, 0x03, 0xFF,
    0x00, 0x00, 0x03, 0xFF, 0x00, 0x00, 0x03, 0xFF, 0x00, 0x00, 0x03, 0xFF,
    0x00, 0x00, 0x03, 0xFF, 0x00, 0x00, 0x03, 0xFF, 0x00, 0x00, 0x03, 0xFF,
    0x00, 0x00, 0x03, 0xFF, 0x00, 0x00, 0x03, 0xFF, 0x00, 0x00, 0x03, 0xFF,
    0x00, 0x00, 0x03, 0xFF, 0x00, 0x00, 0x03, 0xFF, 0x00, 0x00, 0x03, 0xFF,
    0x00, 0x00, 0x03, 0xFF, 0x00, 0x00, 0x03, 0xFF, 0x00, 0x00, 0x03, 0xFF,
    0x00, 0x00, 0x03, 0xFF, 0x00, 0x00, 0x03, 0xFF, 0x00, 0x00, 0x03, 0xFF,
    0x00, 0x00, 0x00, 0x00, 0x00, 0x00, 0x00, 0x00, 0x1F, 0xE0, 0x00, 0x00,
    0x00, 0x7F, 0xF8, 0x1F, 0xF0, 0x01, 0xFF, 0xFE, 0x3F, 0xF0, 0x03, 0xFF,
    0xFF, 0x3F, 0xF0, 0x07, 0xFF, 0xFF, 0xBF, 0xF0, 0x07, 0xFF, 0xFF, 0xFF,
    0xF0, 0x0F, 0xFF, 0xFF, 0xFF, 0xF0, 0x1F, 0xFF, 0xFF, 0xFF, 0xF0, 0x1F,
    0xFF, 0x83, 0xFF, 0xF0, 0x1F, 0xFE, 0x00, 0xFF, 0xF0, 0x3F, 0xFC, 0x00,
    0x7F, 0xF0, 0x3F, 0xF8, 0x00, 0x7F, 0xF0, 0x3F, 0xF8, 0x00, 0x3F, 0xF0,
    0x3F, 0xF8, 0x00, 0x3F, 0xF0, 0x3F, 0xF8, 0x00, 0x3F, 0xF0, 0x3F, 0xF8,
    0x00, 0x3F, 0xF0, 0x3F, 0xF8, 0x00, 0x3F, 0xF0, 0x3F, 0xF8, 0x00, 0x3F,
    0xF0, 0x3F, 0xF8, 0x00, 0x3F, 0xF0, 0x3F, 0xFC, 0x00, 0x7F, 0xF0, 0x3F,
    0xFC, 0x00, 0x7F, 0xF0, 0x1F, 0xFE, 0x00, 0xFF, 0xF0, 0x1F, 0xFF, 0x83,
    0xFF, 0xF0, 0x0F, 0xFF, 0xFF, 0xFF, 0xF0, 0x0F, 0xFF, 0xFF, 0xFF, 0xF0,
    0x07, 0xFF, 0xFF, 0xFF, 0xF0, 0x03, 0xFF, 0xFF, 0xFF, 0xF0, 0x01, 0xFF,
    0xFF, 0x3F, 0xF0, 0x00, 0xFF, 0xFE, 0x3F, 0xF0, 0x00, 0x7F, 0xFC, 0x3F,
    0xF0, 0x00, 0x0F, 0xE0, 0x3F, 0xF0, 0x00, 0x00, 0x00, 0x3F, 0xF0, 0x00,
    0x00, 0x00, 0x7F, 0xF0, 0x00, 0x00, 0x00, 0x7F, 0xF0, 0x00, 0x00, 0x00,
    0x7F, 0xF0, 0x00, 0x0C, 0x00, 0x7F, 0xE0, 0x00, 0x7E, 0x00, 0xFF, 0xE0,
    0x01, 0xFF, 0x83, 0xFF, 0xE0, 0x07, 0xFF, 0xFF, 0xFF, 0xC0, 0x07, 0xFF,
    0xFF, 0xFF, 0xC0, 0x03, 0xFF, 0xFF, 0xFF, 0x80, 0x01, 0xFF, 0xFF, 0xFF,
    0x00, 0x00, 0xFF, 0xFF, 0xFE, 0x00, 0x00, 0x3F, 0xFF, 0xFC, 0x00, 0x00,
    0x0F, 0xFF, 0xF0, 0x00, 0x00, 0x01, 0xFF, 0x80, 0x00, 0x1F, 0xFC, 0x00,
    0x00, 0x00, 0x1F, 0xFC, 0x00, 0x00, 0x00, 0x1F, 0xFC, 0x00, 0x00, 0x00,
    0x1F, 0xFC, 0x00, 0x00, 0x00, 0x1F, 0xFC, 0x00, 0x00, 0x00, 0x1F, 0xFC,
    0x00, 0x00, 0x00, 0x1F, 0xFC, 0x00, 0x00, 0x00, 0x1F, 0xFC, 0x00, 0x00,
    0x00, 0x1F, 0xFC, 0x00, 0x00, 0x00, 0x1F, 0xFC, 0x00, 0x00, 0x00, 0x1F,
    0xFC, 0x00, 0x00, 0x00, 0x1F, 0xFC, 0x00, 0x00, 0x00, 0x1F, 0xFC, 0x00,
    0x00, 0x00, 0x1F, 0xFC, 0x0F, 0xE0, 0x00, 0x1F, 0xFC, 0x3F, 0xFC, 0x00,
    0x1F, 0xFC, 0xFF, 0xFE, 0x00, 0x1F, 0xFD, 0xFF, 0xFF, 0x00, 0x1F, 0xFF,
    0xFF, 0xFF, 0x80, 0x1F, 0xFF, 0xFF, 0xFF, 0x80, 0x1F, 0xFF, 0xFF, 0xFF,
    0xC0, 0x1F, 0xFF, 0xFF, 0xFF, 0xC0, 0x1F, 0xFF, 0x87, 0xFF, 0xC0, 0x1F,
    0xFF, 0x03, 0xFF, 0xC0, 0x1F, 0xFE, 0x01, 0xFF, 0xC0, 0x1F, 0xFE, 0x01,
    0xFF, 0xC0, 0x1F, 0xFC, 0x00, 0xFF, 0xC0, 0x1F, 0xFC, 0x00, 0xFF, 0xC0,
    0x1F, 0xFC, 0x00, 0xFF, 0xC0, 0x1F, 0xFC, 0x00, 0xFF, 0xC0, 0x1F, 0xFC,
    0x00, 0xFF, 0xC0, 0x1F, 0xFC, 0x00, 0xFF, 0xC0, 0x1F, 0xFC, 0x00, 0xFF,
    0xC0, 0x1F, 0xFC, 0x00, 0xFF, 0xC0, 0x1F, 0xFC, 0x00, 0xFF, 0xC0, 0x1F,
    0xFC, 0x00, 0xFF, 0xC0, 0x1F, 0xFC, 0x00, 0xFF, 0xC0, 0x1F, 0xFC, 0x00,
    0xFF, 0xC0, 0x1F, 0xFC, 0x00, 0xFF, 0xC0, 0x1F, 0xFC, 0x00, 0xFF, 0xC0,
    0x1F, 0xFC, 0x00, 0xFF, 0xC0, 0x1F, 0xFC, 0x00, 0xFF, 0xC0, 0x1F, 0xFC,
    0x00, 0xFF, 0xC0, 0x1F, 0xFC, 0x00, 0xFF, 0xC0, 0x1F, 0xFC, 0x00, 0xFF,
    0xC0, 0x1F, 0xFC, 0x00, 0xFF, 0xC0, 0x1F, 0xFC, 0x00, 0xFF, 0xC0, 0x00,
    0x7C, 0x00, 0x00, 0xFF, 0x00, 0x01, 0xFF, 0x80, 0x03, 0xFF, 0x80, 0x03,
    0xFF, 0x80, 0x03, 0xFF, 0xC0, 0x03, 0xFF, 0xC0, 0x03, 0xFF, 0x80, 0x03,
    0xFF, 0x80, 0x01, 0xFF, 0x80, 0x00, 0xFF, 0x00, 0x00, 0x7C, 0x00, 0x00,
    0x00, 0x00, 0x00, 0x00, 0x00, 0x00, 0x00, 0x00, 0x00, 0x00, 0x00, 0x00,
    0x00, 0x00, 0x7F, 0xFF, 0x80, 0x7F, 0xFF, 0x80, 0x7F, 0xFF, 0x80, 0x7F,
    0xFF, 0x80, 0x7F, 0xFF, 0x80, 0x7F, 0xFF, 0x80, 0x7F, 0xFF, 0x80, 0x7F,
    0xFF, 0x80, 0x01, 0xFF, 0x80, 0x01, 0xFF, 0x80, 0x01, 0xFF, 0x80, 0x01,
    0xFF, 0x80, 0x01, 0xFF, 0x80, 0x01, 0xFF, 0x80, 0x01, 0xFF, 0x80, 0x01,
    0xFF, 0x80, 0x01, 0xFF, 0x80, 0x01, 0xFF, 0x80, 0x01, 0xFF, 0x80, 0x01,
    0xFF, 0x80, 0x01, 0xFF, 0x80, 0x01, 0xFF, 0x80, 0x01, 0xFF, 0x80, 0x01,
    0xFF, 0x80, 0x01, 0xFF, 0x80, 0x01, 0xFF, 0x80, 0x01, 0xFF, 0x80, 0x01,
    0xFF, 0x80, 0x01, 0xFF, 0x80, 0x01, 0xFF, 0x80, 0x01, 0xFF, 0x80, 0x01,
    0xFF, 0x80, 0x00, 0x1F, 0x00, 0x00, 0x7F, 0x80, 0x00, 0xFF, 0xC0, 0x00,
    0xFF, 0xE0, 0x01, 0xFF, 0xE0, 0x01, 0xFF, 0xE0, 0x01, 0xFF, 0xE0, 0x01,
    0xFF, 0xE0, 0x00, 0xFF, 0xE0, 0x00, 0xFF, 0xC0, 0x00, 0x7F, 0x80, 0x00,
    0x1F, 0x00, 0x00, 0x00, 0x00, 0x00, 0x00, 0x00, 0x00, 0x00, 0x00, 0x00,
    0x00, 0x00, 0x00, 0x7F, 0xC0, 0x00, 0xFF, 0xE0, 0x00, 0xFF, 0xE0, 0x00,
    0xFF, 0xE0, 0x00, 0xFF, 0xE0, 0x00, 0xFF, 0xE0, 0x00, 0xFF, 0xE0, 0x00,
    0xFF, 0xE0, 0x00, 0xFF, 0xE0, 0x00, 0xFF, 0xE0, 0x00, 0xFF, 0xE0, 0x00,
    0xFF, 0xE0, 0x00, 0xFF, 0xE0, 0x00, 0xFF, 0xE0, 0x00, 0xFF, 0xE0, 0x00,
    0xFF, 0xE0, 0x00, 0xFF, 0xE0, 0x00, 0xFF, 0xE0, 0x00, 0xFF, 0xE0, 0x00,
    0xFF, 0xE0, 0x00, 0xFF, 0xE0, 0x00, 0xFF, 0xE0, 0x00, 0xFF, 0xE0, 0x00,
    0xFF, 0xE0, 0x00, 0xFF, 0xE0, 0x00, 0xFF, 0xE0, 0x00, 0xFF, 0xE0, 0x00,
    0xFF, 0xE0, 0x00, 0xFF, 0xE0, 0x00, 0xFF, 0xE0, 0x00, 0xFF, 0xE0, 0x00,
    0xFF, 0xE0, 0x00, 0xFF, 0xE0, 0x00, 0xFF, 0xE0, 0x01, 0xFF, 0xE0, 0xFF,
    0xFF, 0xC0, 0xFF, 0xFF, 0xC0, 0xFF, 0xFF, 0xC0, 0xFF, 0xFF, 0x80, 0xFF,
    0xFF, 0x80, 0xFF, 0xFF, 0x00, 0xFF, 0xFC, 0x00, 0xFF, 0xE0, 0x00, 0x1F,
    0xFC, 0x00, 0x00, 0x00, 0x1F, 0xFC, 0x00, 0x00, 0x00, 0x1F, 0xFC, 0x00,
    0x00, 0x00, 0x1F, 0xFC, 0x00, 0x00, 0x00, 0x1F, 0xFC, 0x00, 0x00, 0x00,
    0x1F, 0xFC, 0x00, 0x00, 0x00, 0x1F, 0xFC, 0x00, 0x00, 0x00, 0x1F, 0xFC,
    0x00, 0x00, 0x00, 0x1F, 0xFC, 0x00, 0x00, 0x00, 0x1F, 0xFC, 0x00, 0x00,
    0x00, 0x1F, 0xFC, 0x00, 0x00, 0x00, 0x1F, 0xFC, 0x00, 0x00, 0x00, 0x1F,
    0xFC, 0x00, 0x00, 0x00, 0x1F, 0xFC, 0x00, 0x00, 0x00, 0x1F, 0xFC, 0x00,
    0xFF, 0xF0, 0x1F, 0xFC, 0x01, 0xFF, 0xE0, 0x1F, 0xFC, 0x03, 0xFF, 0xC0,
    0x1F, 0xFC, 0x07, 0xFF, 0x80, 0x1F, 0xFC, 0x0F, 0xFF, 0x00, 0x1F, 0xFC,
    0x1F, 0xFF, 0x00, 0x1F, 0xFC, 0x1F, 0xFE, 0x00, 0x1F, 0xFC, 0x3F, 0xFC,
    0x00, 0x1F, 0xFC, 0x7F, 0xF8, 0x00, 0x1F, 0xFC, 0xFF, 0xF0, 0x00, 0x1F,
    0xFD, 0xFF, 0xE0, 0x00, 0x1F, 0xFF, 0xFF, 0xC0, 0x00, 0x1F, 0xFF, 0xFF,
    0x80, 0x00, 0x1F, 0xFF, 0xFF, 0x00, 0x00, 0x1F, 0xFF, 0xFF, 0x80, 0x00,
    0x1F, 0xFF, 0xFF, 0x80, 0x00, 0x1F, 0xFF, 0xFF, 0xC0, 0x00, 0x1F, 0xFF,
    0xFF, 0xE0, 0x00, 0x1F, 0xFF, 0xFF, 0xF0, 0x00, 0x1F, 0xFF, 0xFF, 0xF0,
    0x00, 0x1F, 0xFF, 0xFF, 0xF8, 0x00, 0x1F, 0xFF, 0xFF, 0xFC, 0x00, 0x1F,
    0xFF, 0x3F, 0xFC, 0x00, 0x1F, 0xFE, 0x1F, 0xFE, 0x00, 0x1F, 0xFC, 0x0F,
    0xFF, 0x00, 0x1F, 0xFC, 0x0F, 0xFF, 0x80, 0x1F, 0xFC, 0x07, 0xFF, 0x80,
    0x1F, 0xFC, 0x03, 0xFF, 0xC0, 0x1F, 0xFC, 0x03, 0xFF, 0xE0, 0x1F, 0xFC,
    0x01, 0xFF, 0xF0, 0x1F, 0xFC, 0x00, 0xFF, 0xF0, 0x1F, 0xFC, 0x00, 0x7F,
    0xF8, 0x0F, 0xF8, 0x00, 0x1F, 0xFC, 0x00, 0x1F, 0xFC, 0x00, 0x1F, 0xFC,
    0x00, 0x1F, 0xFC, 0x00, 0x1F, 0xFC, 0x00, 0x1F, 0xFC, 0x00, 0x1F, 0xFC,
    0x00, 0x1F, 0xFC, 0x00, 0x1F, 0xFC, 0x00, 0x1F, 0xFC, 0x00, 0x1F, 0xFC,
    0x00, 0x1F, 0xFC, 0x00, 0x1F, 0xFC, 0x00, 0x1F, 0xFC, 0x00, 0x1F, 0xFC,
    0x00, 0x1F, 0xFC, 0x00, 0x1F, 0xFC, 0x00, 0x1F, 0xFC, 0x00, 0x1F, 0xFC,
    0x00, 0x1F, 0xFC, 0x00, 0x1F, 0xFC, 0x00, 0x1F, 0xFC, 0x00, 0x1F, 0xFC,
    0x00, 0x1F, 0xFC, 0x00, 0x1F, 0xFC, 0x00, 0x1F, 0xFC, 0x00, 0x1F, 0xFC,
    0x00, 0x1F, 0xFC, 0x00, 0x1F, 0xFC, 0x00, 0x1F, 0xFC, 0x00, 0x1F, 0xFC,
    0x00, 0x1F, 0xFC, 0x00, 0x1F, 0xFC, 0x00, 0x1F, 0xFC, 0x00, 0x1F, 0xFC,
    0x00, 0x1F, 0xFC, 0x00, 0x1F, 0xFE, 0x00, 0x1F, 0xFF, 0xF8, 0x1F, 0xFF,
    0xF8, 0x1F, 0xFF, 0xF8, 0x0F, 0xFF, 0xF8, 0x0F, 0xFF, 0xF8, 0x07, 0xFF,
    0xF8, 0x03, 0xFF, 0xF8, 0x00, 0xFF, 0xF8, 0x00, 0x00, 0x0F, 0xE0, 0x00,
    0xFF, 0x00, 0x00, 0x1F, 0xF8, 0x3F, 0xFC, 0x07, 0xFF, 0xC0, 0x00, 0x1F,
    0xF8, 0xFF, 0xFE, 0x0F, 0xFF, 0xE0, 0x00, 0x1F, 0xF9, 0xFF, 0xFF, 0x3F,
    0xFF, 0xF0, 0x00, 0x1F, 0xFF, 0xFF, 0xFF, 0x7F, 0xFF, 0xF8, 0x00, 0x1F,
    0xFF, 0xFF, 0xFF, 0xFF, 0xFF, 0xF8, 0x00, 0x1F, 0xFF, 0xFF, 0xFF, 0xFF,
    0xFF, 0xFC, 0x00, 0x1F, 0xFF, 0xFF, 0xFF, 0xFF, 0xFF, 0xFC, 0x00, 0x1F,
    0xFF, 0x87, 0xFF, 0xF8, 0x7F, 0xFC, 0x00, 0x1F, 0xFF, 0x03, 0xFF, 0xF0,
    0x1F, 0xFC, 0x00, 0x1F, 0xFE, 0x01, 0xFF, 0xE0, 0x1F, 0xFC, 0x00, 0x1F,
    0xFE, 0x01, 0xFF, 0xE0, 0x0F, 0xFC, 0x00, 0x1F, 0xFC, 0x01, 0xFF, 0xE0,
    0x0F, 0xFC, 0x00, 0x1F, 0xFC, 0x00, 0xFF, 0xC0, 0x0F, 0xFE, 0x00, 0x1F,
    0xFC, 0x00, 0xFF, 0xC0, 0x0F, 0xFE, 0x00, 0x1F, 0xFC, 0x00, 0xFF, 0xC0,
    0x0F, 0xFE, 0x00, 0x1F, 0xFC, 0x00, 0xFF, 0xC0, 0x0F, 0xFE, 0x00, 0x1F,
    0xFC, 0x00, 0xFF, 0xC0, 0x0F, 0xFE, 0x00, 0x1F, 0xFC, 0x00, 0xFF, 0xC0,
    0x0F, 0xFE, 0x00, 0x1F, 0xFC, 0x00, 0xFF, 0xC0, 0x0F, 0xFE, 0x00, 0x1F,
    0xFC, 0x00, 0xFF, 0xC0, 0x0F, 0xFE, 0x00, 0x1F, 0xFC, 0x00, 0xFF, 0xC0,
    0x0F, 0xFE, 0x00, 0x1F, 0xFC, 0x00, 0xFF, 0xC0, 0x0F, 0xFE, 0x00, 0x1F,
    0xFC, 0x00, 0xFF, 0xC0, 0x0F, 0xFE, 0x00, 0x1F, 0xFC, 0x00, 0xFF, 0xC0,
    0x0F, 0xFE, 0x00, 0x1F, 0xFC, 0x00, 0xFF, 0xC0, 0x0F, 0xFE, 0x00, 0x1F,
    0xFC, 0x00, 0xFF, 0xC0, 0x0F, 0xFE, 0x00, 0x1F, 0xFC, 0x00, 0xFF, 0xC0,
    0x0F, 0xFE, 0x00, 0x1F, 0xFC, 0x00, 0xFF, 0xC0, 0x0F, 0xFE, 0x00, 0x1F,
    0xFC, 0x00, 0xFF, 0xC0, 0x0F, 0xFE, 0x00, 0x1F, 0xFC, 0x00, 0xFF, 0xC0,
    0x0F, 0xFE, 0x00, 0x1F, 0xFC, 0x00, 0xFF, 0xC0, 0x0F, 0xFE, 0x00, 0x1F,
    0xFC, 0x00, 0xFF, 0xC0, 0x0F, 0xFE, 0x00, 0x00, 0x00, 0x0F, 0xE0, 0x00,
    0x1F, 0xF8, 0x3F, 0xFC, 0x00, 0x1F, 0xF8, 0xFF, 0xFE, 0x00, 0x1F, 0xF9,
    0xFF, 0xFF, 0x00, 0x1F, 0xFF, 0xFF, 0xFF, 0x80, 0x1F, 0xFF, 0xFF, 0xFF,
    0x80, 0x1F, 0xFF, 0xFF, 0xFF, 0xC0, 0x1F, 0xFF, 0xFF, 0xFF, 0xC0, 0x1F,
    0xFF, 0x87, 0xFF, 0xC0, 0x1F, 0xFF, 0x03, 0xFF, 0xC0, 0x1F, 0xFE, 0x01,
    0xFF, 0xC0, 0x1F, 0xFE, 0x01, 0xFF, 0xC0, 0x1F, 0xFC, 0x00, 0xFF, 0xC0,
    0x1F, 0xFC, 0x00, 0xFF, 0xC0, 0x1F, 0xFC, 0x00, 0xFF, 0xC0, 0x1F, 0xFC,
    0x00, 0xFF, 0xC0, 0x1F, 0xFC, 0x00, 0xFF, 0xC0, 0x1F, 0xFC, 0x00, 0xFF,
    0xC0, 0x1F, 0xFC, 0x00, 0xFF, 0xC0, 0x1F, 0xFC, 0x00, 0xFF, 0xC0, 0x1F,
    0xFC, 0x00, 0xFF, 0xC0, 0x1F, 0xFC, 0x00, 0xFF, 0xC0, 0x1F, 0xFC, 0x00,
    0xFF, 0xC0, 0x1F, 0xFC, 0x00, 0xFF, 0xC0, 0x1F, 0xFC, 0x00, 0xFF, 0xC0,
    0x1F, 0xFC, 0x00, 0xFF, 0xC0, 0x1F, 0xFC, 0x00, 0xFF, 0xC0, 0x1F, 0xFC,
    0x00, 0xFF, 0xC0, 0x1F, 0xFC, 0x00, 0xFF, 0xC0, 0x1F, 0xFC, 0x00, 0xFF,
    0xC0, 0x1F, 0xFC, 0x00, 0xFF, 0xC0, 0x1F, 0xFC, 0x00, 0xFF, 0xC0, 0x1F,
    0xFC, 0x00, 0xFF, 0xC0, 0x00, 0x03, 0xFE, 0x00, 0x00, 0x00, 0x1F, 0xFF,
    0xE0, 0x00, 0x00, 0x7F, 0xFF, 0xF8, 0x00, 0x00, 0xFF, 0xFF, 0xFC, 0x00,
    0x01, 0xFF, 0xFF, 0xFE, 0x00, 0x03, 0xFF, 0xFF, 0xFF, 0x00, 0x07, 0xFF,
    0xFF, 0xFF, 0x80, 0x0F, 0xFF, 0xFF, 0xFF, 0xC0, 0x0F, 0xFF, 0x87, 0xFF,
    0xC0, 0x1F, 0xFE, 0x01, 0xFF, 0xE0, 0x1F, 0xFC, 0x00, 0xFF, 0xE0, 0x3F,
    0xFC, 0x00, 0xFF, 0xE0, 0x3F, 0xF8, 0x00, 0x7F, 0xF0, 0x3F, 0xF8, 0x00,
    0x7F, 0xF0, 0x3F, 0xF8, 0x00, 0x7F, 0xF0, 0x3F, 0xF8, 0x00, 0x7F, 0xF0,
    0x3F, 0xF8, 0x00, 0x7F, 0xF0, 0x3F, 0xF8, 0x00, 0x7F, 0xF0, 0x3F, 0xF8,
    0x00, 0x7F, 0xF0, 0x3F, 0xF8, 0x00, 0x7F, 0xF0, 0x3F, 0xF8, 0x00, 0x7F,
    0xF0, 0x3F, 0xF8, 0x00, 0x7F, 0xE0, 0x3F, 0xFC, 0x00, 0xFF, 0xE0, 0x1F,
    0xFC, 0x00, 0xFF, 0xE0, 0x1F, 0xFE, 0x01, 0xFF, 0xE0, 0x0F, 0xFF, 0x87,
    0xFF, 0xC0, 0x0F, 0xFF, 0xFF, 0xFF, 0xC0, 0x07, 0xFF, 0xFF, 0xFF, 0x80,
    0x03, 0xFF, 0xFF, 0xFF, 0x00, 0x01, 0xFF, 0xFF, 0xFE, 0x00, 0x00, 0xFF,
    0xFF, 0xFC, 0x00, 0x00, 0x7F, 0xFF, 0xF0, 0x00, 0x00, 0x1F, 0xFF, 0xC0,
    0x00, 0x00, 0x03, 0xFE, 0x00, 0x00, 0x00, 0x00, 0x00, 0x00, 0x00, 0x00,
    0x00, 0x0F, 0xF0, 0x00, 0x1F, 0xF8, 0x3F, 0xFC, 0x00, 0x1F, 0xF8, 0xFF,
    0xFE, 0x00, 0x1F, 0xF9, 0xFF, 0xFF, 0x80, 0x1F, 0xFF, 0xFF, 0xFF, 0xC0,
    0x1F, 0xFF, 0xFF, 0xFF, 0xC0, 0x1F, 0xFF, 0xFF, 0xFF, 0xE0, 0x1F, 0xFF,
    0xFF, 0xFF, 0xE0, 0x1F, 0xFF, 0xC3, 0xFF, 0xF0, 0x1F, 0xFF, 0x00, 0xFF,
    0xF0, 0x1F, 0xFE, 0x00, 0x7F, 0xF8, 0x1F, 0xFC, 0x00, 0x7F, 0xF8, 0x1F,
    0xFC, 0x00, 0x3F, 0xF8, 0x1F, 0xFC, 0x00, 0x3F, 0xF8, 0x1F, 0xF8, 0x00,
    0x3F, 0xF8, 0x1F, 0xF8, 0x00, 0x3F, 0xF8, 0x1F, 0xF8, 0x00, 0x1F, 0xF8,
    0x1F, 0xF8, 0x00, 0x1F, 0xF8, 0x1F, 0xF8, 0x00, 0x3F, 0xF8, 0x1F, 0xFC,
    0x00, 0x3F, 0xF8, 0x1F, 0xFC, 0x00, 0x3F, 0xF8, 0x1F, 0xFC, 0x00, 0x3F,
    0xF8, 0x1F, 0xFC, 0x00, 0x7F, 0xF8, 0x1F, 0xFE, 0x00, 0x7F, 0xF8, 0x1F,
    0xFF, 0x00, 0xFF, 0xF0, 0x1F, 0xFF, 0xC3, 0xFF, 0xF0, 0x1F, 0xFF, 0xFF,
    0xFF, 0xE0, 0x1F, 0xFF, 0xFF, 0xFF, 0xE0, 0x1F, 0xFF, 0xFF, 0xFF, 0xC0,
    0x1F, 0xFF, 0xFF, 0xFF, 0xC0, 0x1F, 0xFD, 0xFF, 0xFF, 0x80, 0x1F, 0xFC,
    0xFF, 0xFE, 0x00, 0x1F, 0xFC, 0x3F, 0xFC, 0x00, 0x1F, 0xFC, 0x0F, 0xE0,
    0x00, 0x1F, 0xFC, 0x00, 0x00, 0x00, 0x1F, 0xFC, 0x00, 0x00, 0x00, 0x1F,
    0xFC, 0x00, 0x00, 0x00, 0x1F, 0xFC, 0x00, 0x00, 0x00, 0x1F, 0xFC, 0x00,
    0x00, 0x00, 0x1F, 0xFC, 0x00, 0x00, 0x00, 0x1F, 0xFC, 0x00, 0x00, 0x00,
    0x1F, 0xFC, 0x00, 0x00, 0x00, 0x1F, 0xFC, 0x00, 0x00, 0x00, 0x00, 0x00,
    0x00, 0x00, 0x00, 0x00, 0x00, 0x0F, 0xE0, 0x00, 0x00, 0x00, 0x00, 0x7F,
    0xFC, 0x3F, 0xF0, 0x00, 0x00, 0xFF, 0xFE, 0x3F, 0xF0, 0x00, 0x01, 0xFF,
    0xFF, 0x3F, 0xF0, 0x00, 0x03, 0xFF, 0xFF, 0xFF, 0xF0, 0x00, 0x07, 0xFF,
    0xFF, 0xFF, 0xF0, 0x00, 0x0F, 0xFF, 0xFF, 0xFF, 0xF0, 0x00, 0x0F, 0xFF,
    0xFF, 0xFF, 0xF0, 0x00, 0x1F, 0xFF, 0x83, 0xFF, 0xF0, 0x00, 0x1F, 0xFF,
    0x01, 0xFF, 0xF0, 0x00, 0x1F, 0xFE, 0x00, 0xFF, 0xF0, 0x00, 0x3F, 0xFC,
    0x00, 0x7F, 0xF0, 0x00, 0x3F, 0xF8, 0x00, 0x7F, 0xF0, 0x00, 0x3F, 0xF8,
    0x00, 0x3F, 0xF0, 0x00, 0x3F, 0xF8, 0x00, 0x3F, 0xF0, 0x00, 0x3F, 0xF8,
    0x00, 0x3F, 0xF0, 0x00, 0x3F, 0xF8, 0x00, 0x3F, 0xF0, 0x00, 0x3F, 0xF8,
    0x00, 0x3F, 0xF0, 0x00, 0x3F, 0xF8, 0x00, 0x3F, 0xF0, 0x00, 0x3F, 0xF8,
    0x00, 0x3F, 0xF0, 0x00, 0x3F, 0xF8, 0x00, 0x3F, 0xF0, 0x00, 0x3F, 0xF8,
    0x00, 0x7F, 0xF0, 0x00, 0x3F, 0xFC, 0x00, 0x7F, 0xF0, 0x00, 0x1F, 0xFE,
    0x00, 0xFF, 0xF0, 0x00, 0x1F, 0xFF, 0x01, 0xFF, 0xF0, 0x00, 0x1F, 0xFF,
    0x87, 0xFF, 0xF0, 0x00, 0x0F, 0xFF, 0xFF, 0xFF, 0xF0, 0x00, 0x0F, 0xFF,
    0xFF, 0xFF, 0xF0, 0x00, 0x07, 0xFF, 0xFF, 0xFF, 0xF0, 0x00, 0x03, 0xFF,
    0xFF, 0xFF, 0xF0, 0x00, 0x01, 0xFF, 0xFF, 0x7F, 0xF0, 0x00, 0x00, 0xFF,
    0xFE, 0x7F, 0xF0, 0x00, 0x00, 0x7F, 0xF8, 0x7F, 0xF0, 0x00, 0x00, 0x0F,
    0xE0, 0x7F, 0xF0, 0x00, 0x00, 0x00, 0x00, 0x7F, 0xF8, 0x00, 0x00, 0x00,
    0x00, 0x3F, 0xFF, 0xF0, 0x00, 0x00, 0x00, 0x3F, 0xFF, 0xF0, 0x00, 0x00,
    0x00, 0x3F, 0xFF, 0xF0, 0x00, 0x00, 0x00, 0x3F, 0xFF, 0xF0, 0x00, 0x00,
    0x00, 0x1F, 0xFF, 0xF0, 0x00, 0x00, 0x00, 0x1F, 0xFF, 0xF0, 0x00, 0x00,
    0x00, 0x0F, 0xFF, 0xF0, 0x00, 0x00, 0x00, 0x03, 0xFF, 0xF0, 0x00, 0x00,
    0x00, 0x00, 0x7F, 0x80, 0x00, 0x00, 0x00, 0x00, 0x00, 0x00, 0x0F, 0x80,
    0x1F, 0xF0, 0x3F, 0x80, 0x1F, 0xF0, 0xFF, 0x80, 0x1F, 0xF1, 0xFF, 0x80,
    0x1F, 0xF9, 0xFF, 0x80, 0x1F, 0xFB, 0xFF, 0x80, 0x1F, 0xFF, 0xFF, 0x80,
    0x1F, 0xFF, 0xFF, 0x80, 0x1F, 0xFF, 0xFF, 0x80, 0x1F, 0xFF, 0xFF, 0x80,
    0x1F, 0xFF, 0xFF, 0x80, 0x1F, 0xFF, 0xC0, 0x00, 0x1F, 0xFF, 0x00, 0x00,
    0x1F, 0xFE, 0x00, 0x00, 0x1F, 0xFE, 0x00, 0x00, 0x1F, 0xFC, 0x00, 0x00,
    0x1F, 0xFC, 0x00, 0x00, 0x1F, 0xFC, 0x00, 0x00, 0x1F, 0xFC, 0x00, 0x00,
    0x1F, 0xFC, 0x00, 0x00, 0x1F, 0xFC, 0x00, 0x00, 0x1F, 0xFC, 0x00, 0x00,
    0x1F, 0xFC, 0x00, 0x00, 0x1F, 0xFC, 0x00, 0x00, 0x1F, 0xFC, 0x00, 0x00,
    0x1F, 0xFC, 0x00, 0x00, 0x1F, 0xFC, 0x00, 0x00, 0x1F, 0xFC, 0x00, 0x00,
    0x1F, 0xFC, 0x00, 0x00, 0x1F, 0xFC, 0x00, 0x00, 0x1F, 0xFC, 0x00, 0x00,
    0x1F, 0xFC, 0x00, 0x00, 0x1F, 0xFC, 0x00, 0x00, 0x00, 0x00, 0x00, 0x00,
    0x00, 0x00, 0x0F, 0xFC, 0x00, 0x00, 0x00, 0x7F, 0xFF, 0x80, 0x00, 0x01,
    0xFF, 0xFF, 0xE0, 0x00, 0x07, 0xFF, 0xFF, 0xF0, 0x00, 0x0F, 0xFF, 0xFF,
    0xFC, 0x00, 0x0F, 0xFF, 0xFF, 0xFC, 0x00, 0x1F, 0xFF, 0xFF, 0xFE, 0x00,
    0x1F, 0xFF, 0xFF, 0xFE, 0x00, 0x3F, 0xFC, 0x0F, 0xFE, 0x00, 0x3F, 0xF0,
    0x03, 0xF0, 0x00, 0x3F, 0xF0, 0x01, 0xC0, 0x00, 0x3F, 0xF8, 0x00, 0x00,
    0x00, 0x3F, 0xFE, 0x00, 0x00, 0x00, 0x1F, 0xFF, 0xF0, 0x00, 0x00, 0x1F,
    0xFF, 0xFF, 0x80, 0x00, 0x0F, 0xFF, 0xFF, 0xF0, 0x00, 0x07, 0xFF, 0xFF,
    0xFC, 0x00, 0x03, 0xFF, 0xFF, 0xFE, 0x00, 0x00, 0xFF, 0xFF, 0xFF, 0x00,
    0x00, 0x0F, 0xFF, 0xFF, 0x00, 0x00, 0x00, 0x7F, 0xFF, 0x00, 0x00, 0x00,
    0x07, 0xFF, 0x80, 0x00, 0x40, 0x01, 0xFF, 0x80, 0x03, 0xC0, 0x01, 0xFF,
    0x80, 0x1F, 0xF0, 0x03, 0xFF, 0x80, 0x7F, 0xFC, 0x0F, 0xFF, 0x80, 0x7F,
    0xFF, 0xFF, 0xFF, 0x00, 0x3F, 0xFF, 0xFF, 0xFF, 0x00, 0x1F, 0xFF, 0xFF,
    0xFE, 0x00, 0x0F, 0xFF, 0xFF, 0xFC, 0x00, 0x07, 0xFF, 0xFF, 0xF8, 0x00,
    0x01, 0xFF, 0xFF, 0xF0, 0x00, 0x00, 0x7F, 0xFF, 0xC0, 0x00, 0x00, 0x0F,
    0xFC, 0x00, 0x00, 0x03, 0xFF, 0x00, 0x00, 0x03, 0xFF, 0x00, 0x00, 0x03,
    0xFF, 0x00, 0x00, 0x03, 0xFF, 0x00, 0x00, 0x03, 0xFF, 0x00, 0x00, 0x03,
    0xFF, 0x00, 0x00, 0x03, 0xFF, 0x00, 0x00, 0x03, 0xFF, 0x00, 0x00, 0x7F,
    0xFF, 0xFE, 0x00, 0x7F, 0xFF, 0xFE, 0x00, 0x7F, 0xFF, 0xFE, 0x00, 0x7F,
    0xFF, 0xFE, 0x00, 0x7F, 0xFF, 0xFE, 0x00, 0x7F, 0xFF, 0xFE, 0x00, 0x7F,
    0xFF, 0xFE, 0x00, 0x7F, 0xFF, 0xFE, 0x00, 0x03, 0xFF, 0x00, 0x00, 0x03,
    0xFF, 0x00, 0x00, 0x03, 0xFF, 0x00, 0x00, 0x03, 0xFF, 0x00, 0x00, 0x03,
    0xFF, 0x00, 0x00, 0x03, 0xFF, 0x00, 0x00, 0x03, 0xFF, 0x00, 0x00, 0x03,
    0xFF, 0x00, 0x00, 0x03, 0xFF, 0x00, 0x00, 0x03, 0xFF, 0x00, 0x00, 0x03,
    0xFF, 0x00, 0x00, 0x03, 0xFF, 0x00, 0x00, 0x03, 0xFF, 0x00, 0x00, 0x03,
    0xFF, 0x00, 0x00, 0x03, 0xFF, 0x80, 0x00, 0x03, 0xFF, 0xC0, 0x00, 0x03,
    0xFF, 0xFE, 0x00, 0x03, 0xFF, 0xFE, 0x00, 0x03, 0xFF, 0xFE, 0x00, 0x03,
    0xFF, 0xFE, 0x00, 0x01, 0xFF, 0xFE, 0x00, 0x01, 0xFF, 0xFE, 0x00, 0x00,
    0x7F, 0xFE, 0x00, 0x00, 0x1F, 0xFE, 0x00, 0x1F, 0xFC, 0x01, 0xFF, 0xC0,
    0x1F, 0xFC, 0x01, 0xFF, 0xC0, 0x1F, 0xFC, 0x01, 0xFF, 0xC0, 0x1F, 0xFC,
    0x01, 0xFF, 0xC0, 0x1F, 0xFC, 0x01, 0xFF, 0xC0, 0x1F, 0xFC, 0x01, 0xFF,
    0xC0, 0x1F, 0xFC, 0x01, 0xFF, 0xC0, 0x1F, 0xFC, 0x01, 0xFF, 0xC0, 0x1F,
    0xFC, 0x01, 0xFF, 0xC0, 0x1F, 0xFC, 0x01, 0xFF, 0xC0, 0x1F, 0xFC, 0x01,
    0xFF, 0xC0, 0x1F, 0xFC, 0x01, 0xFF, 0xC0, 0x1F, 0xFC, 0x01, 0xFF, 0xC0,
    0x1F, 0xFC, 0x01, 0xFF, 0xC0, 0x1F, 0xFC, 0x01, 0xFF, 0xC0, 0x1F, 0xFC,
    0x01, 0xFF, 0xC0, 0x1F, 0xFC, 0x01, 0xFF, 0xC0, 0x1F, 0xFC, 0x01, 0xFF,
    0xC0, 0x1F, 0xFC, 0x01, 0xFF, 0xC0, 0x1F, 0xFC, 0x01, 0xFF, 0xC0, 0x1F,
    0xFC, 0x01, 0xFF, 0xC0, 0x1F, 0xFC, 0x01, 0xFF, 0xC0, 0x1F, 0xFC, 0x03,
    0xFF, 0xC0, 0x1F, 0xFE, 0x03, 0xFF, 0xC0, 0x1F, 0xFF, 0x0F, 0xFF, 0xC0,
    0x0F, 0xFF, 0xFF, 0xFF, 0xC0, 0x0F, 0xFF, 0xFF, 0xFF, 0xC0, 0x0F, 0xFF,
    0xFF, 0xFF, 0xC0, 0x07, 0xFF, 0xFE, 0xFF, 0xC0, 0x07, 0xFF, 0xFC, 0xFF,
    0xC0, 0x03, 0xFF, 0xF8, 0xFF, 0xC0, 0x00, 0xFF, 0xF0, 0xFF, 0xC0, 0x00,
    0x3F, 0xC0, 0x00, 0x00, 0x7F, 0xF0, 0x00, 0xFF, 0xE0, 0x7F, 0xF0, 0x00,
    0xFF, 0xE0, 0x3F, 0xF0, 0x00, 0xFF, 0xC0, 0x3F, 0xF8, 0x01, 0xFF, 0xC0,
    0x3F, 0xF8, 0x01, 0xFF, 0xC0, 0x1F, 0xF8, 0x01, 0xFF, 0x80, 0x1F, 0xF8,
    0x01, 0xFF, 0x80, 0x1F, 0xFC, 0x03, 0xFF, 0x80, 0x0F, 0xFC, 0x03, 0xFF,
    0x00, 0x0F, 0xFC, 0x03, 0xFF, 0x00, 0x0F, 0xFE, 0x07, 0xFF, 0x00, 0x07,
    0xFE, 0x07, 0xFE, 0x00, 0x07, 0xFE, 0x07, 0xFE, 0x00, 0x07, 0xFF, 0x0F,
    0xFE, 0x00, 0x03, 0xFF, 0x0F, 0xFC, 0x00, 0x03, 0xFF, 0x0F, 0xFC, 0x00,
    0x03, 0xFF, 0x1F, 0xF8, 0x00, 0x01, 0xFF, 0x9F, 0xF8, 0x00, 0x01, 0xFF,
    0x9F, 0xF8, 0x00, 0x00, 0xFF, 0x9F, 0xF0, 0x00, 0x00, 0xFF, 0xFF, 0xF0,
    0x00, 0x00, 0xFF, 0xFF, 0xF0, 0x00, 0x00, 0x7F, 0xFF, 0xE0, 0x00, 0x00,
    0x7F, 0xFF, 0xE0, 0x00, 0x00, 0x7F, 0xFF, 0xE0, 0x00, 0x00, 0x3F, 0xFF,
    0xC0, 0x00, 0x00, 0x3F, 0xFF, 0xC0, 0x00, 0x00, 0x3F, 0xFF, 0xC0, 0x00,
    0x00, 0x1F, 0xFF, 0x80, 0x00, 0x00, 0x1F, 0xFF, 0x80, 0x00, 0x00, 0x1F,
    0xFF, 0x00, 0x00, 0x00, 0x0F, 0xFF, 0x00, 0x00, 0x7F, 0xE0, 0x1F, 0xFC,
    0x03, 0xFF, 0x00, 0x7F, 0xF0, 0x1F, 0xFC, 0x07, 0xFF, 0x00, 0x3F, 0xF0,
    0x1F, 0xFC, 0x07, 0xFE, 0x00, 0x3F, 0xF0, 0x1F, 0xFC, 0x07, 0xFE, 0x00,
    0x3F, 0xF0, 0x1F, 0xFC, 0x07, 0xFE, 0x00, 0x3F, 0xF0, 0x1F, 0xFC, 0x0F,
    0xFE, 0x00, 0x1F, 0xF8, 0x3F, 0xFE, 0x0F, 0xFC, 0x00, 0x1F, 0xF8, 0x3F,
    0xFE, 0x0F, 0xFC, 0x00, 0x1F, 0xF8, 0x3F, 0xFE, 0x0F, 0xFC, 0x00, 0x1F,
    0xF8, 0x3F, 0xFE, 0x0F, 0xFC, 0x00, 0x1F, 0xF8, 0x3F, 0xFE, 0x1F, 0xFC,
    0x00, 0x0F, 0xFC, 0x3F, 0x7E, 0x1F, 0xF8, 0x00, 0x0F, 0xFC, 0x7F, 0x7F,
    0x1F, 0xF8, 0x00, 0x0F, 0xFC, 0x7F, 0x7F, 0x1F, 0xF8, 0x00, 0x0F, 0xFC,
    0x7F, 0x7F, 0x1F, 0xF8, 0x00, 0x07, 0xFE, 0x7E, 0x3F, 0x3F, 0xF0, 0x00,
    0x07, 0xFE, 0x7E, 0x3F, 0x3F, 0xF0, 0x00, 0x07, 0xFE, 0xFE, 0x3F, 0x3F,
    0xF0, 0x00, 0x07, 0xFE, 0xFE, 0x3F, 0xBF, 0xF0, 0x00, 0x03, 0xFE, 0xFE,
    0x3F, 0xBF, 0xE0, 0x00, 0x03, 0xFF, 0xFC, 0x3F, 0xFF, 0xE0, 0x00, 0x03,
    0xFF, 0xFC, 0x1F, 0xFF, 0xE0, 0x00, 0x03, 0xFF, 0xFC, 0x1F, 0xFF, 0xE0,
    0x00, 0x01, 0xFF, 0xFC, 0x1F, 0xFF, 0xC0, 0x00, 0x01, 0xFF, 0xFC, 0x1F,
    0xFF, 0xC0, 0x00, 0x01, 0xFF, 0xFC, 0x1F, 0xFF, 0xC0, 0x00, 0x01, 0xFF,
    0xF8, 0x0F, 0xFF, 0xC0, 0x00, 0x00, 0xFF, 0xF8, 0x0F, 0xFF, 0x80, 0x00,
    0x00, 0xFF, 0xF8, 0x0F, 0xFF, 0x80, 0x00, 0x00, 0xFF, 0xF8, 0x0F, 0xFF,
    0x80, 0x00, 0x00, 0xFF, 0xF8, 0x0F, 0xFF, 0x80, 0x00, 0x00, 0x7F, 0xF0,
    0x07, 0xFF, 0x00, 0x00, 0x3F, 0xF8, 0x01, 0xFF, 0xC0, 0x1F, 0xFC, 0x03,
    0xFF, 0xC0, 0x1F, 0xFE, 0x03, 0xFF, 0x80, 0x0F, 0xFE, 0x07, 0xFF, 0x00,
    0x07, 0xFF, 0x0F, 0xFE, 0x00, 0x03, 0xFF, 0x8F, 0xFE, 0x00, 0x03, 0xFF,
    0x9F, 0xFC, 0x00, 0x01, 0xFF, 0xFF, 0xF8, 0x00, 0x00, 0xFF, 0xFF, 0xF8,
    0x00, 0x00, 0xFF, 0xFF, 0xF0, 0x00, 0x00, 0x7F, 0xFF, 0xE0, 0x00, 0x00,
    0x3F, 0xFF, 0xE0, 0x00, 0x00, 0x3F, 0xFF, 0xC0, 0x00, 0x00, 0x1F, 0xFF,
    0x80, 0x00, 0x00, 0x0F, 0xFF, 0x00, 0x00, 0x00, 0x0F, 0xFF, 0x00, 0x00,
    0x00, 0x0F, 0xFF, 0x80, 0x00, 0x00, 0x1F, 0xFF, 0x80, 0x00, 0x00, 0x3F,
    0xFF, 0xC0, 0x00, 0x00, 0x3F, 0xFF, 0xE0, 0x00, 0x00, 0x7F, 0xFF, 0xE0,
    0x00, 0x00, 0xFF, 0xFF, 0xF0, 0x00, 0x01, 0xFF, 0xFF, 0xF8, 0x00, 0x01,
    0xFF, 0xFF, 0xFC, 0x00, 0x03, 0xFF, 0x9F, 0xFC, 0x00, 0x07, 0xFF, 0x8F,
    0xFE, 0x00, 0x07, 0xFF, 0x0F, 0xFF, 0x00, 0x0F, 0xFE, 0x07, 0xFF, 0x00,
    0x1F, 0xFE, 0x03, 0xFF, 0x80, 0x3F, 0xFC, 0x03, 0xFF, 0xC0, 0x3F, 0xF8,
    0x01, 0xFF, 0xE0, 0x7F, 0xF0, 0x00, 0xFF, 0xE0, 0x7F, 0xE0, 0x00, 0xFF,
    0xC0, 0x7F, 0xF0, 0x01, 0xFF, 0xC0, 0x7F, 0xF8, 0x01, 0xFF, 0xC0, 0x3F,
    0xF8, 0x01, 0xFF, 0xC0, 0x3F, 0xF8, 0x03, 0xFF, 0x80, 0x1F, 0xF8, 0x03,
    0xFF, 0x80, 0x1F, 0xFC, 0x03, 0xFF, 0x80, 0x1F, 0xFC, 0x07, 0xFF, 0x00,
    0x0F, 0xFC, 0x07, 0xFF, 0x00, 0x0F, 0xFE, 0x07, 0xFE, 0x00, 0x07, 0xFE,
    0x07, 0xFE, 0x00, 0x07, 0xFE, 0x0F, 0xFE, 0x00, 0x07, 0xFF, 0x0F, 0xFC,
    0x00, 0x03, 0xFF, 0x0F, 0xFC, 0x00, 0x03, 0xFF, 0x1F, 0xF8, 0x00, 0x03,
    0xFF, 0x9F, 0xF8, 0x00, 0x01, 0xFF, 0x9F, 0xF8, 0x00, 0x01, 0xFF, 0xBF,
    0xF0, 0x00, 0x00, 0xFF, 0xBF, 0xF0, 0x00, 0x00, 0xFF, 0xFF, 0xF0, 0x00,
    0x00, 0xFF, 0xFF, 0xE0, 0x00, 0x00, 0x7F, 0xFF, 0xE0, 0x00, 0x00, 0x7F,
    0xFF, 0xC0, 0x00, 0x00, 0x3F, 0xFF, 0xC0, 0x00, 0x00, 0x3F, 0xFF, 0xC0,
    0x00, 0x00, 0x3F, 0xFF, 0x80, 0x00, 0x00, 0x1F, 0xFF, 0x80, 0x00, 0x00,
    0x1F, 0xFF, 0x00, 0x00, 0x00, 0x0F, 0xFF, 0x00, 0x00, 0x00, 0x0F, 0xFF,
    0x00, 0x00, 0x00, 0x0F, 0xFE, 0x00, 0x00, 0x00, 0x07, 0xFE, 0x00, 0x00,
    0x00, 0x07, 0xFC, 0x00, 0x00, 0x00, 0x0F, 0xFC, 0x00, 0x00, 0x00, 0x1F,
    0xFC, 0x00, 0x00, 0x0F, 0xFF, 0xF8, 0x00, 0x00, 0x0F, 0xFF, 0xF8, 0x00,
    0x00, 0x0F, 0xFF, 0xF0, 0x00, 0x00, 0x0F, 0xFF, 0xF0, 0x00, 0x00, 0x0F,
    0xFF, 0xE0, 0x00, 0x00, 0x0F, 0xFF, 0xC0, 0x00, 0x00, 0x0F, 0xFF, 0x00,
    0x00, 0x00, 0x0F, 0xFC, 0x00, 0x00, 0x00, 0x1F, 0xFF, 0xFF, 0xFF, 0x00,
    0x1F, 0xFF, 0xFF, 0xFF, 0x00, 0x1F, 0xFF, 0xFF, 0xFF, 0x00, 0x1F, 0xFF,
    0xFF, 0xFF, 0x00, 0x1F, 0xFF, 0xFF, 0xFF, 0x00, 0x1F, 0xFF, 0xFF, 0xFF,
    0x00, 0x1F, 0xFF, 0xFF, 0xFF, 0x00, 0x1F, 0xFF, 0xFF, 0xFF, 0x00, 0x00,
    0x00, 0x7F, 0xFE, 0x00, 0x00, 0x00, 0x7F, 0xFC, 0x00, 0x00, 0x01, 0xFF,
    0xF8, 0x00, 0x00, 0x03, 0xFF, 0xF0, 0x00, 0x00, 0x07, 0xFF, 0xE0, 0x00,
    0x00, 0x0F, 0xFF, 0xC0, 0x00, 0x00, 0x1F, 0xFF, 0x80, 0x00, 0x00, 0x3F,
    0xFF, 0x00, 0x00, 0x00, 0x7F, 0xFE, 0x00, 0x00, 0x00, 0xFF, 0xFC, 0x00,
    0x00, 0x01, 0xFF, 0xF8, 0x00, 0x00, 0x03, 0xFF, 0xF0, 0x00, 0x00, 0x07,
    0xFF, 0xE0, 0x00, 0x00, 0x0F, 0xFF, 0xC0, 0x00, 0x00, 0x1F, 0xFF, 0x80,
    0x00, 0x00, 0x3F, 0xFF, 0x00, 0x00, 0x00, 0x3F, 0xFF, 0xFF, 0xFF, 0x80,
    0x3F, 0xFF, 0xFF, 0xFF, 0x80, 0x3F, 0xFF, 0xFF, 0xFF, 0x80, 0x3F, 0xFF,
    0xFF, 0xFF, 0x80, 0x3F, 0xFF, 0xFF, 0xFF, 0x80, 0x3F, 0xFF, 0xFF, 0xFF,
    0x80, 0x3F, 0xFF, 0xFF, 0xFF, 0x80, 0x3F, 0xFF, 0xFF, 0xFF, 0x80, 0x00,
    0x03, 0xFE, 0x00, 0x00, 0x1F, 0xFE, 0x00, 0x00, 0x3F, 0xFE, 0x00, 0x00,
    0x7F, 0xFE, 0x00, 0x00, 0xFF, 0xFE, 0x00, 0x00, 0xFF, 0xFE, 0x00, 0x00,
    0xFF, 0xFE, 0x00, 0x01, 0xFF, 0xFE, 0x00, 0x01, 0xFF, 0xC0, 0x00, 0x01,
    0xFF, 0x80, 0x00, 0x01, 0xFF, 0x80, 0x00, 0x01, 0xFF, 0x80, 0x00, 0x01,
    0xFF, 0x80, 0x00, 0x01, 0xFF, 0x80, 0x00, 0x01, 0xFF, 0x80, 0x00, 0x01,
    0xFF, 0x80, 0x00, 0x01, 0xFF, 0x80, 0x00, 0x01, 0xFF, 0x80, 0x00, 0x01,
    0xFF, 0x80, 0x00, 0x01, 0xFF, 0x80, 0x00, 0x01, 0xFF, 0x80, 0x00, 0x03,
    0xFF, 0x80, 0x00, 0x07, 0xFF, 0x80, 0x00, 0x7F, 0xFF, 0x00, 0x00, 0x7F,
    0xFF, 0x00, 0x00, 0x7F, 0xFE, 0x00, 0x00, 0x7F, 0xF8, 0x00, 0x00, 0x7F,
    0xE0, 0x00, 0x00, 0x7F, 0xF8, 0x00, 0x00, 0x7F, 0xFC, 0x00, 0x00, 0x7F,
    0xFE, 0x00, 0x00, 0x7F, 0xFF, 0x00, 0x00, 0x07, 0xFF, 0x80, 0x00, 0x03,
    0xFF, 0x80, 0x00, 0x01, 0xFF, 0x80, 0x00, 0x01, 0xFF, 0x80, 0x00, 0x01,
    0xFF, 0x80, 0x00, 0x01, 0xFF, 0x80, 0x00, 0x01, 0xFF, 0x80, 0x00, 0x01,
    0xFF, 0x80, 0x00, 0x01, 0xFF, 0x80, 0x00, 0x01, 0xFF, 0x80, 0x00, 0x01,
    0xFF, 0x80, 0x00, 0x01, 0xFF, 0x80, 0x00, 0x01, 0xFF, 0x80, 0x00, 0x01,
    0xFF, 0x80, 0x00, 0x01, 0xFF, 0x80, 0x00, 0x01, 0xFF, 0xC0, 0x00, 0x01,
    0xFF, 0xFE, 0x00, 0x00, 0xFF, 0xFE, 0x00, 0x00, 0xFF, 0xFE, 0x00, 0x00,
    0x7F, 0xFE, 0x00, 0x00, 0x7F, 0xFE, 0x00, 0x00, 0x3F, 0xFE, 0x00, 0x00,
    0x1F, 0xFE, 0x00, 0x00, 0x03, 0xFE, 0x00, 0x1F, 0xFC, 0x00, 0x1F, 0xFC,
    0x00, 0x1F, 0xFC, 0x00, 0x1F, 0xFC, 0x00, 0x1F, 0xFC, 0x00, 0x1F, 0xFC,
    0x00, 0x1F, 0xFC, 0x00, 0x1F, 0xFC, 0x00, 0x1F, 0xFC, 0x00, 0x1F, 0xFC,
    0x00, 0x1F, 0xFC, 0x00, 0x1F, 0xFC, 0x00, 0x1F, 0xFC, 0x00, 0x1F, 0xFC,
    0x00, 0x1F, 0xFC, 0x00, 0x1F, 0xFC, 0x00, 0x1F, 0xFC, 0x00, 0x1F, 0xFC,
    0x00, 0x1F, 0xFC, 0x00, 0x1F, 0xFC, 0x00, 0x1F, 0xFC, 0x00, 0x1F, 0xFC,
    0x00, 0x1F, 0xFC, 0x00, 0x1F, 0xFC, 0x00, 0x1F, 0xFC, 0x00, 0x1F, 0xFC,
    0x00, 0x1F, 0xFC, 0x00, 0x1F, 0xFC, 0x00, 0x1F, 0xFC, 0x00, 0x1F, 0xFC,
    0x00, 0x1F, 0xFC, 0x00, 0x1F, 0xFC, 0x00, 0x1F, 0xFC, 0x00, 0x1F, 0xFC,
    0x00, 0x1F, 0xFC, 0x00, 0x1F, 0xFC, 0x00, 0x1F, 0xFC, 0x00, 0x1F, 0xFC,
    0x00, 0x1F, 0xFC, 0x00, 0x1F, 0xFC, 0x00, 0x1F, 0xFC, 0x00, 0x1F, 0xFC,
    0x00, 0x1F, 0xFC, 0x00, 0x1F, 0xFC, 0x00, 0x1F, 0xFC, 0x00, 0x1F, 0xFC,
    0x00, 0x1F, 0xFC, 0x00, 0x1F, 0xFC, 0x00, 0x1F, 0xFC, 0x00, 0x1F, 0xFC,
    0x00, 0x1F, 0xFC, 0x00, 0x1F, 0xFC, 0x00, 0x1F, 0xFC, 0x00, 0x1F, 0xFC,
    0x00, 0x1F, 0xFC, 0x00, 0x1F, 0xFC, 0x00, 0x1F, 0xFC, 0x00, 0x1F, 0xFC,
    0x00, 0x1F, 0xFC, 0x00, 0x1F, 0xFC, 0x00, 0x1F, 0xFC, 0x00, 0x1F, 0xFC,
    0x00, 0x1F, 0xFC, 0x00, 0x1F, 0xFC, 0x00, 0x1F, 0xFC, 0x00, 0x3F, 0xE0,
    0x00, 0x00, 0x3F, 0xFC, 0x00, 0x00, 0x3F, 0xFF, 0x00, 0x00, 0x3F, 0xFF,
    0x80, 0x00, 0x3F, 0xFF, 0x80, 0x00, 0x3F, 0xFF, 0xC0, 0x00, 0x3F, 0xFF,
    0xC0, 0x00, 0x3F, 0xFF, 0xC0, 0x00, 0x01, 0xFF, 0xC0, 0x00, 0x00, 0xFF,
    0xC0, 0x00, 0x00, 0xFF, 0xC0, 0x00, 0x00, 0x7F, 0xE0, 0x00, 0x00, 0x7F,
    0xE0, 0x00, 0x00, 0x7F, 0xE0, 0x00, 0x00, 0x7F, 0xE0, 0x00, 0x00, 0x7F,
    0xE0, 0x00, 0x00, 0x7F, 0xE0, 0x00, 0x00, 0x7F, 0xE0, 0x00, 0x00, 0x7F,
    0xE0, 0x00, 0x00, 0x7F, 0xE0, 0x00, 0x00, 0x7F, 0xE0, 0x00, 0x00, 0x7F,
    0xF0, 0x00, 0x00, 0x7F, 0xF8, 0x00, 0x00, 0x7F, 0xFF, 0x00, 0x00, 0x3F,
    0xFF, 0x00, 0x00, 0x1F, 0xFF, 0x00, 0x00, 0x0F, 0xFF, 0x00, 0x00, 0x03,
    0xFF, 0x00, 0x00, 0x07, 0xFF, 0x00, 0x00, 0x1F, 0xFF, 0x00, 0x00, 0x3F,
    0xFF, 0x00, 0x00, 0x7F, 0xFF, 0x00, 0x00, 0x7F, 0xF8, 0x00, 0x00, 0x7F,
    0xF0, 0x00, 0x00, 0x7F, 0xE0, 0x00, 0x00, 0x7F, 0xE0, 0x00, 0x00, 0x7F,
    0xE0, 0x00, 0x00, 0x7F, 0xE0, 0x00, 0x00, 0x7F, 0xE0, 0x00, 0x00, 0x7F,
    0xE0, 0x00, 0x00, 0x7F, 0xE0, 0x00, 0x00, 0x7F, 0xE0, 0x00, 0x00, 0x7F,
    0xE0, 0x00, 0x00, 0x7F, 0xE0, 0x00, 0x00, 0x7F, 0xE0, 0x00, 0x00, 0xFF,
    0xC0, 0x00, 0x00, 0xFF, 0xC0, 0x00, 0x01, 0xFF, 0xC0, 0x00, 0x3F, 0xFF,
    0xC0, 0x00, 0x3F, 0xFF, 0xC0, 0x00, 0x3F, 0xFF, 0xC0, 0x00, 0x3F, 0xFF,
    0x80, 0x00, 0x3F, 0xFF, 0x00, 0x00, 0x3F, 0xFF, 0x00, 0x00, 0x3F, 0xFC,
    0x00, 0x00, 0x3F, 0xE0, 0x00, 0x00, 0x00, 0x00, 0x00, 0x00, 0x00, 0x00,
    0x00, 0x00, 0xF0, 0x00, 0x01, 0xFC, 0x00, 0xFC, 0x00, 0x03, 0xFF, 0x00,
    0xFE, 0x00, 0x07, 0xFF, 0xC0, 0xFE, 0x00, 0x0F, 0xFF, 0xF1, 0xFE, 0x00,
    0x0F, 0xFF, 0xFF, 0xFE, 0x00, 0x1F, 0xFF, 0xFF, 0xFE, 0x00, 0x1F, 0xFF,
    0xFF, 0xFC, 0x00, 0x1F, 0xFF, 0xFF, 0xFC, 0x00, 0x1F, 0xE3, 0xFF, 0xFC,
    0x00, 0x1F, 0xC0, 0xFF, 0xF8, 0x00, 0x3F, 0xC0, 0x3F, 0xF0, 0x00, 0x0F,
    0x80, 0x0F, 0xC0, 0x00, 0x03, 0x80, 0x00, 0x00, 0x00, 0x00, 0x00, 0x00,
    0x00, 0x00, 0x00, 0x00, 0x00, 0x00, 0x00, 0x00, 0x00, 0x00, 0x00, 0x00,
    0x00, 0x00, 0x00, 0x00, 0x00, 0x00, 0x00, 0x00, 0x00, 0x00, 0x00, 0x00,
    0x00, 0x00, 0x00, 0x00, 0x00, 0x00, 0x00, 0x00, 0x00, 0x00, 0x00, 0x00,
    0x00, 0x00, 0x00, 0x00, 0x00, 0x00,
};
constexpr BitmapGlyph Clock64_GLYPHS[] = {
    {0, 21, 0, 0, 0, 21},
    {0, 20, 44, 0, -43, 20},
    {132, 28, 43, 0, -43, 28},
    {304, 52, 43, 0, -43, 52},
    {605, 40, 55, 0, -49, 40},
    {880, 64, 45, 0, -44, 64},
    {1240, 46, 47, 0, -46, 46},
    {1522, 15, 43, 0, -43, 15},
    {1608, 22, 56, 0, -46, 22},
    {1776, 22, 56, 0, -46, 22},
    {1944, 31, 43, 0, -43, 31},
    {2116, 38, 32, 0, -32, 38},
    {2276, 19, 22, 0, -12, 19},
    {2342, 24, 21, 0, -21, 24},
    {2405, 19, 13, 0, -12, 19},
    {2444, 30, 52, 0, -46, 30},
    {2652, 43, 45, 0, -44, 43},
    {2922, 29, 43, 0, -43, 29},
    {3094, 38, 44, 0, -44, 38},
    {3314, 39, 45, 0, -44, 39},
    {3539, 40, 43, 0, -43, 40},
    {3754, 39, 44, 0, -43, 39},
    {3974, 41, 45, 0, -44, 41},
    {4244, 35, 43, 0, -43, 35},
    {4459, 40, 45, 0, -44, 40},
    {4684, 36, 44, 0, -44, 36},
    {4904, 19, 33, 0, -32, 19},
    {5003, 19, 42, 0, -32, 19},
    {5129, 37, 34, 0, -33, 37},
    {5299, 39, 27, 0, -27, 39},
    {5434, 37, 34, 0, -33, 37},
    {5604, 37, 45, 0, -44, 37},
    {5829, 50, 46, 0, -39, 50},
    {6151, 45, 43, 0, -43, 45},
    {6409, 42, 43, 0, -43, 42},
    {6667, 43, 45, 0, -44, 43},
    {6937, 45, 43, 0, -43, 45},
    {7195, 39, 43, 0, -43, 39},
    {7410, 37, 43, 0, -43, 37},
    {7625, 47, 45, 0, -44, 47},
    {7895, 45, 43, 0, -43, 45},
    {8153, 28, 43, 0, -43, 28},
    {8325, 37, 44, 0, -43, 37},
    {8545, 44, 43, 0, -43, 44},
    {8803, 36, 43, 0, -43, 36},
    {9018, 56, 43, 0, -43, 56},
    {9319, 47, 43, 0, -43, 47},
    {9577, 48, 45, 0, -44, 48},
    {9847, 41, 43, 0, -43, 41},
    {10105, 50, 48, 0, -44, 49},
    {10441, 43, 43, 0, -43, 43},
    {10699, 40, 45, 0, -44, 40},
    {10924, 40, 43, 0, -43, 40},
    {11139, 44, 44, 0, -43, 44},
    {11403, 43, 43, 0, -43, 43},
    {11661, 58, 43, 0, -43, 58},
    {12005, 46, 43, 0, -43, 46},
    {12263, 44, 43, 0, -43, 44},
    {12521, 40, 43, 0, -43, 40},
    {12736, 23, 57, 0, -47, 23},
    {12907, 30, 52, 0, -46, 30},
    {13115, 23, 57, 0, -47, 23},
    {13286, 38, 43, 0, -43, 38},
    {13501, 28, 9, -1, 0, 26},
    {13537, 20, 47, 0, -47, 20},
    {13678, 36, 34, 0, -33, 36},
    {13848, 39, 47, 0, -46, 39},
    {14083, 33, 34, 0, -33, 33},
    {14253, 39, 47, 0, -46, 39},
    {14488, 37, 34, 0, -33, 37},
    {14658, 25, 47, 0, -47, 25},
    {14846, 39, 47, 0, -34, 39},
    {15081, 37, 46, 0, -46, 37},
    {15311, 21, 49, 0, -49, 21},
    {15458, 22, 59, -5, -49, 17},
    {15635, 38, 46, 0, -46, 38},
    {15865, 22, 46, 0, -46, 22},
    {16003, 58, 33, 0, -33, 58},
    {16267, 37, 33, 0, -33, 37},
    {16432, 38, 34, 0, -33, 38},
    {16602, 39, 44, 0, -34, 39},
    {16822, 44, 45, 0, -34, 39},
    {17092, 26, 34, 0, -34, 26},
    {17228, 34, 35, 0, -34, 34},
    {17403, 25, 40, 0, -40, 25},
    {17563, 37, 33, 0, -32, 37},
    {17728, 36, 32, 0, -32, 36},
    {17888, 49, 32, 0, -32, 49},
    {18112, 36, 32, 0, -32, 36},
    {18272, 36, 43, 0, -33, 36},
    {18487, 34, 32, 0, -32, 34},
    {18647, 26, 56, 0, -46, 26},
    {18871, 17, 65, 0, -55, 17},
    {19066, 26, 56, 0, -46, 26},
    {19290, 34, 24, 0, -24, 34},
};

constexpr uint8_t ICON_BITMAP[] = {
    0x01, 0x80, 0x0F, 0xF0, 0x1C, 0x38, 0x30, 0x0C, 0x60, 0x06, 0x60, 0x06,
    0x40, 0x02, 0xC0, 0x03, 0xC0, 0x03, 0x40, 0x02, 0x60, 0x06, 0x60, 0x06,
    0x60, 0x0C, 0xFC, 0x38, 0x7F, 0xF0, 0x21, 0x80, 0x00, 0x00, 0x00, 0x00,
    0x00, 0x3F, 0xC0, 0x00, 0x00, 0xFF, 0xF0, 0x00, 0x03, 0xFF, 0xFC, 0x00,
    0x07, 0xC0, 0x3E, 0x00, 0x0F, 0x00, 0x0F, 0x00, 0x1E, 0x00, 0x07, 0x80,
    0x1C, 0x00, 0x03, 0x80, 0x38, 0x00, 0x01, 0xC0, 0x38, 0x00, 0x01, 0xC0,
    0x70, 0x00, 0x00, 0xE0, 0x70, 0x00, 0x00, 0xE0, 0x70, 0x00, 0x00, 0xE0,
    0x70, 0x00, 0x00, 0xE0, 0x70, 0x00, 0x00, 0xE0, 0x70, 0x00, 0x00, 0xE0,
    0x70, 0x00, 0x00, 0xE0, 0x70, 0x00, 0x00, 0xE0, 0x38, 0x00, 0x01, 0xC0,
    0x38, 0x00, 0x01, 0xC0, 0x38, 0x00, 0x03, 0x80, 0x38, 0x00, 0x07, 0x80,
    0x70, 0x00, 0x0F, 0x00, 0x73, 0xC0, 0x3E, 0x00, 0x7F, 0xFF, 0xFC, 0x00,
    0x7F, 0xFF, 0xF0, 0x00, 0x3C, 0x3F, 0xC0, 0x00, 0x00, 0x00, 0x00, 0x00,
    0x03, 0xC0, 0x03, 0xC0, 0x00, 0x00, 0x03, 0xC0, 0x0F, 0xF0, 0x1C, 0x38,
    0x18, 0x18, 0x30, 0x6C, 0x30, 0xCC, 0x31, 0x8C, 0x30, 0x0C, 0x30, 0x0C,
    0x18, 0x18, 0x1E, 0x78, 0x07, 0xE0, 0x01, 0x80, 0x00, 0x00, 0x00, 0x00,
    0x00, 0x1F, 0x80, 0x00, 0x00, 0x3F, 0xC0, 0x00, 0x00, 0x1F, 0x80, 0x00,
    0x00, 0x00, 0x00, 0x00, 0x00, 0x00, 0x00, 0x00, 0x00, 0x3F, 0xC0, 0x00,
    0x00, 0xFF, 0xF0, 0x00, 0x01, 0xF9, 0xF8, 0x00, 0x03, 0xC0, 0x3C, 0x00,
    0x07, 0x80, 0x1E, 0x00, 0x0F, 0x00, 0x4F, 0x00, 0x0E, 0x00, 0xE7, 0x00,
    0x0E, 0x01, 0xE7, 0x00, 0x1C, 0x03, 0xC3, 0x80, 0x1C, 0x07, 0x83, 0x80,
    0x1C, 0x07, 0x03, 0x80, 0x1C, 0x06, 0x03, 0x80, 0x0C, 0x00, 0x03, 0x00,
    0x0E, 0x00, 0x07, 0x00, 0x0E, 0x00, 0x07, 0x00, 0x07, 0x00, 0x0E, 0x00,
    0x07, 0x80, 0x1E, 0x00, 0x03, 0xE0, 0x7C, 0x00, 0x01, 0xFF, 0xF8, 0x00,
    0x00, 0xFF, 0xF0, 0x00, 0x00, 0x1F, 0x80, 0x00, 0x00, 0x00, 0x00, 0x00,
    0x00, 0x00, 0x10, 0x08, 0x31, 0x8C, 0x67, 0xE6, 0x5C, 0x7A, 0x19, 0x98,
    0x31, 0x8C, 0x31, 0x8C, 0x31, 0x8C, 0x30, 0xCC, 0x30, 0x4C, 0x18, 0x18,
    0x1C, 0x38, 0x3F, 0xFC, 0x23, 0xC4, 0x00, 0x00, 0x00, 0x00, 0x00, 0x00,
    0x00, 0x00, 0x00, 0x00, 0x06, 0x00, 0x06, 0x00, 0x0E, 0x00, 0x07, 0x00,
    0x1E, 0x06, 0x07, 0x80, 0x3C, 0x7F, 0xE3, 0xC0, 0x78, 0xFF, 0xF1, 0xE0,
    0x71, 0xF0, 0xF8, 0xE0, 0x03, 0xC0, 0x3C, 0x00, 0x07, 0x06, 0x0E, 0x00,
    0x0F, 0x06, 0x0F, 0x00, 0x0E, 0x06, 0x07, 0x00, 0x0E, 0x06, 0x07, 0x00,
    0x1C, 0x06, 0x03, 0x80, 0x1C, 0x06, 0x03, 0x80, 0x1C, 0x07, 0x03, 0x80,
    0x1C, 0x07, 0x83, 0x80, 0x0C, 0x03, 0xC3, 0x00, 0x0E, 0x01, 0x87, 0x00,
    0x0E, 0x00, 0x07, 0x00, 0x07, 0x00, 0x0E, 0x00, 0x07, 0x80, 0x1E, 0x00,
    0x07, 0xE0, 0x7E, 0x00, 0x0F, 0xFF, 0xFF, 0x00, 0x1E, 0x7F, 0xE7, 0x80,
    0x0C, 0x1F, 0x83, 0x00, 0x00, 0x00, 0x00, 0x00, 0x00, 0x00, 0x00, 0x00,
    0x00, 0x00, 0x00, 0x0E, 0x03, 0xFE, 0x07, 0xC6, 0x06, 0x06, 0x06, 0x06,
    0x06, 0x06, 0x06, 0x06, 0x06, 0x3E, 0x1E, 0x7E, 0x3E, 0x66, 0x66, 0x66,
    0x66, 0x3C, 0x3C, 0x18, 0x18, 0x00, 0x00, 0x00, 0x00, 0x00, 0x00, 0x00,
    0x00, 0x00, 0x00, 0x00, 0x00, 0x00, 0x03, 0x80, 0x00, 0x00, 0xFF, 0xC0,
    0x00, 0x3F, 0xFF, 0xC0, 0x00, 0x7F, 0xF9, 0xC0, 0x00, 0x7E, 0x01, 0xC0,
    0x00, 0x70, 0x01, 0xC0, 0x00, 0x70, 0x01, 0xC0, 0x00, 0x70, 0x01, 0xC0,
    0x00, 0x70, 0x01, 0xC0, 0x00, 0x70, 0x01, 0xC0, 0x00, 0x70, 0x01, 0xC0,
    0x00, 0x70, 0x01, 0xC0, 0x00, 0x70, 0x1F, 0xC0, 0x00, 0x70, 0x7F, 0xC0,
    0x07, 0xF0, 0x7F, 0xC0, 0x0F, 0xF0, 0xE1, 0xC0, 0x1F, 0xF0, 0xE1, 0xC0,
    0x3C, 0xF0, 0xE1, 0xC0, 0x38, 0x70, 0x73, 0x80, 0x38, 0x70, 0x7F, 0x80,
    0x3C, 0xF0, 0x3F, 0x00, 0x1F, 0xE0, 0x0C, 0x00, 0x0F, 0xC0, 0x00, 0x00,
    0x07, 0x80, 0x00, 0x00, 0x00, 0x00, 0x00, 0x00, 0x00, 0x00, 0x00, 0x00,
    0x00, 0x00, 0x01, 0x80, 0x01, 0x80, 0x18, 0x18, 0x18, 0x18, 0x03, 0xC0,
    0x00, 0x60, 0x1C, 0x36, 0x3F, 0x26, 0x63, 0x00, 0x41, 0xC0, 0xC0, 0xE0,
    0x60, 0x30, 0x70, 0x60, 0x3F, 0xE0, 0x0F, 0x80, 0x00, 0x00, 0x00, 0x00,
    0x00, 0x06, 0x00, 0x00, 0x00, 0x06, 0x00, 0x00, 0x00, 0x06, 0x00, 0x00,
    0x04, 0x06, 0x02, 0x00, 0x0E, 0x06, 0x07, 0x00, 0x07, 0x00, 0x0E, 0x00,
    0x03, 0x80, 0x1C, 0x00, 0x01, 0x0F, 0x88, 0x00, 0x00, 0x3F, 0xC0, 0x00,
    0x00, 0x3F, 0xE0, 0x00, 0x00, 0x00, 0xE0, 0x00, 0x00, 0x00, 0x70, 0x00,
    0x07, 0xF0, 0x73, 0xE0, 0x1F, 0xF8, 0x73, 0xE0, 0x3E, 0x7C, 0x30, 0x00,
    0x38, 0x1E, 0x00, 0x00, 0x70, 0x0F, 0x80, 0x00, 0x70, 0x0F, 0xC0, 0x00,
    0x70, 0x07, 0xE0, 0x00, 0x70, 0x00, 0xF0, 0x00, 0x70, 0x00, 0x70, 0x00,
    0x78, 0x00, 0x70, 0x00, 0x3C, 0x00, 0x70, 0x00, 0x1F, 0xFF, 0xE0, 0x00,
    0x0F, 0xFF, 0xE0, 0x00, 0x07, 0xFF, 0x80, 0x00, 0x00, 0x00, 0x00, 0x00,
    0x00, 0x00, 0x00, 0x00, 0x07, 0xE0, 0x1F, 0xF8, 0x38, 0x1C, 0x30, 0x0C,
    0x60, 0x26, 0x60, 0x66, 0xC0, 0xC3, 0xC1, 0x83, 0x40, 0x02, 0x60, 0x06,
    0x60, 0x06, 0x00, 0x00, 0x00, 0x00, 0x00, 0x00, 0x00, 0x00, 0x00, 0x00,
    0x00, 0x00, 0x00, 0x00, 0x00, 0x00, 0x00, 0x00, 0x00, 0x0F, 0x00, 0x00,
    0x00, 0x7F, 0xE0, 0x00, 0x01, 0xFF, 0xF8, 0x00, 0x07, 0xE0, 0x7E, 0x00,
    0x0F, 0x80, 0x1F, 0x00, 0x0E, 0x00, 0x07, 0x00, 0x1C, 0x00, 0x03, 0x80,
    0x3C, 0x00, 0x23, 0xC0, 0x38, 0x00, 0x71, 0xC0, 0x30, 0x00, 0xF0, 0xC0,
    0x70, 0x01, 0xE0, 0xE0, 0x70, 0x03, 0xC0, 0xE0, 0x70, 0x07, 0x80, 0xE0,
    0x70, 0x07, 0x00, 0xE0, 0x70, 0x06, 0x00, 0xE0, 0x70, 0x00, 0x00, 0xE0,
    0x70, 0x00, 0x00, 0xE0, 0x38, 0x00, 0x01, 0xC0, 0x38, 0x00, 0x01, 0xC0,
    0x18, 0x00, 0x01, 0x80, 0x00, 0x00, 0x00, 0x00, 0x00, 0x00, 0x00, 0x00,
    0x00, 0x00, 0x00, 0x00, 0x00, 0x00, 0x00, 0x00, 0x00, 0x00, 0x00, 0x00,
    0x00, 0x00, 0x06, 0x00, 0x06, 0x00, 0x0F, 0x00, 0x0F, 0x00, 0x0F, 0x00,
    0x09, 0x80, 0x79, 0x8E, 0x71, 0x9E, 0x01, 0x90, 0x00, 0xF0, 0x00, 0xF0,
    0x00, 0xF0, 0x00, 0x60, 0x00, 0x60, 0x00, 0x00, 0x00, 0x00, 0x00, 0x00,
    0x00, 0x70, 0x00, 0x00, 0x00, 0x70, 0x00, 0x00, 0x00, 0x70, 0x00, 0x00,
    0x00, 0xF8, 0x00, 0x00, 0x00, 0xF8, 0x00, 0x00, 0x00, 0xF8, 0x00, 0x00,
    0x01, 0xDC, 0x00, 0x00, 0x01, 0xDC, 0x00, 0x00, 0x01, 0xDC, 0x00, 0x00,
    0x01, 0x8C, 0x00, 0x00, 0x03, 0x8E, 0x00, 0x00, 0x03, 0x8E, 0x00, 0x00,
    0x7F, 0x0E, 0x0F, 0xE0, 0x7F, 0x07, 0x0F, 0xE0, 0x00, 0x07, 0x1C, 0x00,
    0x00, 0x07, 0x1C, 0x00, 0x00, 0x03, 0x18, 0x00, 0x00, 0x03, 0xB8, 0x00,
    0x00, 0x03, 0xB8, 0x00, 0x00, 0x03, 0xB8, 0x00, 0x00, 0x01, 0xF0, 0x00,
    0x00, 0x01, 0xF0, 0x00, 0x00, 0x01, 0xF0, 0x00, 0x00, 0x00, 0xE0, 0x00,
    0x00, 0x00, 0xE0, 0x00, 0x00, 0x00, 0xE0, 0x00, 0x00, 0x00, 0x00, 0x00,
    0x01, 0x80, 0x03, 0xC0, 0x03, 0xC0, 0x3E, 0x7C, 0x7C, 0x3E, 0x61, 0x86,
    0x73, 0xCE, 0x36, 0x6C, 0x36, 0x6C, 0x73, 0xCE, 0x61, 0x86, 0x7C, 0x3E,
    0x3E, 0x7C, 0x03, 0xC0, 0x03, 0xC0, 0x01, 0x80, 0x00, 0x00, 0x00, 0x00,
    0x00, 0x0F, 0x00, 0x00, 0x00, 0x1F, 0x80, 0x00, 0x00, 0x3F, 0xC0, 0x00,
    0x00, 0x39, 0xC0, 0x00, 0x02, 0x79, 0xE4, 0x00, 0x0F, 0xF0, 0xFF, 0x00,
    0x1F, 0xE0, 0x7F, 0x80, 0x39, 0xC0, 0x39, 0xC0, 0x38, 0x0F, 0x01, 0xC0,
    0x38, 0x1F, 0x81, 0xC0, 0x1C, 0x3F, 0xC3, 0x80, 0x1E, 0x79, 0xE7, 0x80,
    0x0E, 0x70, 0xE7, 0x00, 0x0E, 0x70, 0xE7, 0x00, 0x1E, 0x79, 0xE7, 0x80,
    0x1C, 0x3F, 0xC3, 0x80, 0x38, 0x1F, 0x81, 0xC0, 0x38, 0x0F, 0x01, 0xC0,
    0x39, 0xC0, 0x3B, 0xC0, 0x1F, 0xE0, 0x7F, 0x80, 0x0F, 0xF0, 0xFF, 0x00,
    0x02, 0x39, 0xC4, 0x00, 0x00, 0x39, 0xC0, 0x00, 0x00, 0x3F, 0xC0, 0x00,
    0x00, 0x1F, 0x80, 0x00, 0x00, 0x0F, 0x00, 0x00, 0x00, 0x00, 0x00, 0x00,
    0x00, 0x00, 0x01, 0x80, 0x01, 0xC0, 0x01, 0xE0, 0x0D, 0xB0, 0x0F, 0xF0,
    0x07, 0xE0, 0x03, 0xC0, 0x03, 0xC0, 0x07, 0xE0, 0x0F, 0xF0, 0x0D, 0xB0,
    0x01, 0xE0, 0x01, 0xC0, 0x01, 0x80, 0x00, 0x00, 0x00, 0x00, 0x00, 0x00,
    0x00, 0x06, 0x00, 0x00, 0x00, 0x07, 0x00, 0x00, 0x00, 0x07, 0x80, 0x00,
    0x00, 0x07, 0xC0, 0x00, 0x00, 0x07, 0xE0, 0x00, 0x00, 0x06, 0xF0, 0x00,
    0x01, 0x86, 0x78, 0x00, 0x01, 0xC6, 0x38, 0x00, 0x00, 0xE6, 0x70, 0x00,
    0x00, 0x7F, 0xE0, 0x00, 0x00, 0x3F, 0xC0, 0x00, 0x00, 0x1F, 0x80, 0x00,
    0x00, 0x0F, 0x00, 0x00, 0x00, 0x0F, 0x00, 0x00, 0x00, 0x1F, 0x80, 0x00,
    0x00, 0x3F, 0xC0, 0x00, 0x00, 0x7F, 0xE0, 0x00, 0x00, 0xE6, 0x70, 0x00,
    0x01, 0xC6, 0x38, 0x00, 0x01, 0x86, 0x78, 0x00, 0x00, 0x06, 0xF0, 0x00,
    0x00, 0x07, 0xE0, 0x00, 0x00, 0x07, 0xC0, 0x00, 0x00, 0x07, 0x80, 0x00,
    0x00, 0x07, 0x00, 0x00, 0x00, 0x06, 0x00, 0x00, 0x00, 0x00, 0x00, 0x00,
    0x00, 0x00, 0x00, 0x00, 0x00, 0x00, 0x3F, 0xF0, 0x7F, 0xF8, 0xC0, 0x18,
    0xDB, 0x1B, 0xDB, 0x1B, 0xDB, 0x1B, 0xDB, 0x1B, 0xC0, 0x18, 0x7F, 0xF8,
    0x3F, 0xF0, 0x00, 0x00, 0x00, 0x00, 0x00, 0x00, 0x00, 0x00, 0x00, 0x00,
    0x00, 0x00, 0x00, 0x00, 0x00, 0x00, 0x00, 0x00, 0x00, 0x00, 0x00, 0x00,
    0x00, 0x00, 0x00, 0x00, 0x00, 0x00, 0x00, 0x00, 0x3F, 0xFF, 0xF8, 0x00,
    0x7F, 0xFF, 0xFC, 0x00, 0x70, 0x00, 0x1C, 0x00, 0x70, 0x00, 0x0C, 0x00,
    0x73, 0x10, 0x0C, 0x40, 0x73, 0x38, 0x0C, 0xE0, 0x73, 0x38, 0x0C, 0xE0,
    0x73, 0x38, 0x0C, 0xE0, 0x73, 0x38, 0x0C, 0xE0, 0x73, 0x38, 0x0C, 0xE0,
    0x73, 0x38, 0x0C, 0xE0, 0x73, 0x10, 0x0C, 0x40, 0x70, 0x00, 0x0C, 0x00,
    0x70, 0x00, 0x1C, 0x00, 0x3F, 0xFF, 0xFC, 0x00, 0x3F, 0xFF, 0xF8, 0x00,
    0x00, 0x00, 0x00, 0x00, 0x00, 0x00, 0x00, 0x00, 0x00, 0x00, 0x00, 0x00,
    0x00, 0x00, 0x00, 0x00, 0x00, 0x00, 0x00, 0x00, 0x00, 0x00, 0x00, 0x00,
};
constexpr BitmapIcon ICONS_16[] = {
    {0, 16, 16},
    {144, 16, 16},
    {288, 16, 16},
    {432, 16, 16},
    {576, 16, 16},
    {720, 16, 16},
    {864, 16, 16},
    {1008, 16, 16},
    {1152, 16, 16},
    {1296, 16, 16},
};
constexpr BitmapIcon ICONS_28[] = {
    {32, 28, 28},
    {176, 28, 28},
    {320, 28, 28},
    {464, 28, 28},
    {608, 28, 28},
    {752, 28, 28},
    {896, 28, 28},
    {1040, 28, 28},
    {1184, 28, 28},
    {1328, 28, 28},
};

}  // namespace

namespace WatchAssets {
const BitmapFont Ui16 = {Ui16_BITMAP, Ui16_GLYPHS, 32, 126, 16, 16, 6};
const BitmapFont Bold22 = {Bold22_BITMAP, Bold22_GLYPHS, 32, 126, 22, 22, 7};
const BitmapFont Bold36 = {Bold36_BITMAP, Bold36_GLYPHS, 32, 126, 36, 36, 12};
const BitmapFont Clock64 = {Clock64_BITMAP, Clock64_GLYPHS, 32, 126, 64, 63, 21};


const BitmapIcon& icon(WatchIcon value, uint8_t size) {
  const uint8_t index = static_cast<uint8_t>(value);
  return size <= 16 ? ICONS_16[index] : ICONS_28[index];
}

const uint8_t* iconBitmap() {
  return ICON_BITMAP;
}
}  // namespace WatchAssets
